# Module 4 output -- Reporter expression (final biosensor signal)
# L = 100.0 nM ; Ste12_total = 105.5 nM ; k_mat = 0.00077 1/s ; k_degrade_mature = 2.75e-05 1/s
# columns: time_s   Ste12_active_nM   mRNA_nM   Reporter_immature_nM   Reporter_mature_nM
0.000000e+00 0.000000e+00 2.249135e+00 5.841909e+01 1.635735e+03
4.320864e+00 1.051909e+02 2.466456e+00 5.842808e+01 1.635735e+03
8.641728e+00 1.051907e+02 2.692886e+00 5.845658e+01 1.635735e+03
1.296259e+01 1.051907e+02 2.918753e+00 5.850449e+01 1.635735e+03
1.728346e+01 1.051907e+02 3.144056e+00 5.857170e+01 1.635735e+03
2.160432e+01 1.051907e+02 3.368798e+00 5.865811e+01 1.635736e+03
2.592519e+01 1.051907e+02 3.592979e+00 5.876359e+01 1.635737e+03
3.024605e+01 1.051907e+02 3.816601e+00 5.888804e+01 1.635738e+03
3.456691e+01 1.051907e+02 4.039665e+00 5.903135e+01 1.635740e+03
3.888778e+01 1.051907e+02 4.262172e+00 5.919340e+01 1.635742e+03
4.320864e+01 1.051907e+02 4.484125e+00 5.937408e+01 1.635745e+03
4.752951e+01 1.051907e+02 4.705524e+00 5.957329e+01 1.635749e+03
5.185037e+01 1.051907e+02 4.926371e+00 5.979091e+01 1.635753e+03
5.617123e+01 1.051907e+02 5.146667e+00 6.002684e+01 1.635758e+03
6.049210e+01 1.051907e+02 5.366413e+00 6.028097e+01 1.635764e+03
6.481296e+01 1.051907e+02 5.585611e+00 6.055319e+01 1.635770e+03
6.913383e+01 1.051907e+02 5.804263e+00 6.084339e+01 1.635778e+03
7.345469e+01 1.051907e+02 6.022369e+00 6.115147e+01 1.635786e+03
7.777556e+01 1.051907e+02 6.239931e+00 6.147732e+01 1.635796e+03
8.209642e+01 1.051907e+02 6.456951e+00 6.182084e+01 1.635807e+03
8.641728e+01 1.051907e+02 6.673429e+00 6.218191e+01 1.635819e+03
9.073815e+01 1.051907e+02 6.889367e+00 6.256043e+01 1.635832e+03
9.505901e+01 1.051907e+02 7.104766e+00 6.295631e+01 1.635846e+03
9.937988e+01 1.051907e+02 7.319629e+00 6.336943e+01 1.635862e+03
1.037007e+02 1.051907e+02 7.533955e+00 6.379969e+01 1.635879e+03
1.080216e+02 1.051907e+02 7.747747e+00 6.424699e+01 1.635898e+03
1.123425e+02 1.051907e+02 7.961005e+00 6.471123e+01 1.635918e+03
1.166633e+02 1.051907e+02 8.173731e+00 6.519230e+01 1.635939e+03
1.209842e+02 1.051907e+02 8.385927e+00 6.569010e+01 1.635963e+03
1.253051e+02 1.051907e+02 8.597594e+00 6.620453e+01 1.635988e+03
1.296259e+02 1.051907e+02 8.808732e+00 6.673549e+01 1.636015e+03
1.339468e+02 1.051907e+02 9.019344e+00 6.728288e+01 1.636043e+03
1.382677e+02 1.051907e+02 9.229431e+00 6.784660e+01 1.636074e+03
1.425885e+02 1.051907e+02 9.438994e+00 6.842656e+01 1.636106e+03
1.469094e+02 1.051907e+02 9.648034e+00 6.902264e+01 1.636140e+03
1.512302e+02 1.051907e+02 9.856552e+00 6.963475e+01 1.636176e+03
1.555511e+02 1.051907e+02 1.006455e+01 7.026280e+01 1.636215e+03
1.598720e+02 1.051907e+02 1.027203e+01 7.090668e+01 1.636255e+03
1.641928e+02 1.051907e+02 1.047899e+01 7.156631e+01 1.636298e+03
1.685137e+02 1.051907e+02 1.068544e+01 7.224157e+01 1.636342e+03
1.728346e+02 1.051907e+02 1.089137e+01 7.293238e+01 1.636389e+03
1.771554e+02 1.051907e+02 1.109679e+01 7.363864e+01 1.636439e+03
1.814763e+02 1.051907e+02 1.130169e+01 7.436026e+01 1.636491e+03
1.857972e+02 1.051907e+02 1.150608e+01 7.509713e+01 1.636545e+03
1.901180e+02 1.051907e+02 1.170997e+01 7.584917e+01 1.636601e+03
1.944389e+02 1.051907e+02 1.191334e+01 7.661628e+01 1.636661e+03
1.987598e+02 1.051907e+02 1.211621e+01 7.739836e+01 1.636722e+03
2.030806e+02 1.051907e+02 1.231857e+01 7.819533e+01 1.636787e+03
2.074015e+02 1.051907e+02 1.252043e+01 7.900708e+01 1.636854e+03
2.117223e+02 1.051907e+02 1.272178e+01 7.983353e+01 1.636923e+03
2.160432e+02 1.051907e+02 1.292264e+01 8.067459e+01 1.636996e+03
2.203641e+02 1.051907e+02 1.312299e+01 8.153016e+01 1.637071e+03
2.246849e+02 1.051907e+02 1.332284e+01 8.240016e+01 1.637149e+03
2.290058e+02 1.051907e+02 1.352219e+01 8.328448e+01 1.637230e+03
2.333267e+02 1.051907e+02 1.372104e+01 8.418304e+01 1.637314e+03
2.376475e+02 1.051907e+02 1.391940e+01 8.509575e+01 1.637401e+03
2.419684e+02 1.051907e+02 1.411727e+01 8.602253e+01 1.637492e+03
2.462893e+02 1.051907e+02 1.431464e+01 8.696327e+01 1.637585e+03
2.506101e+02 1.051907e+02 1.451152e+01 8.791790e+01 1.637681e+03
2.549310e+02 1.051907e+02 1.470790e+01 8.888632e+01 1.637781e+03
2.592519e+02 1.051907e+02 1.490380e+01 8.986844e+01 1.637883e+03
2.635727e+02 1.051907e+02 1.509921e+01 9.086418e+01 1.637989e+03
2.678936e+02 1.051907e+02 1.529413e+01 9.187345e+01 1.638099e+03
2.722144e+02 1.051907e+02 1.548857e+01 9.289617e+01 1.638211e+03
2.765353e+02 1.051907e+02 1.568252e+01 9.393224e+01 1.638328e+03
2.808562e+02 1.051907e+02 1.587598e+01 9.498158e+01 1.638447e+03
2.851770e+02 1.051907e+02 1.606897e+01 9.604411e+01 1.638570e+03
2.894979e+02 1.051907e+02 1.626147e+01 9.711974e+01 1.638697e+03
2.938188e+02 1.051907e+02 1.645349e+01 9.820838e+01 1.638827e+03
2.981396e+02 1.051907e+02 1.664503e+01 9.930995e+01 1.638961e+03
3.024605e+02 1.051907e+02 1.683610e+01 1.004244e+02 1.639098e+03
3.067814e+02 1.051907e+02 1.702669e+01 1.015515e+02 1.639240e+03
3.111022e+02 1.051907e+02 1.721680e+01 1.026914e+02 1.639385e+03
3.154231e+02 1.051907e+02 1.740644e+01 1.038439e+02 1.639533e+03
3.197439e+02 1.051907e+02 1.759561e+01 1.050088e+02 1.639686e+03
3.240648e+02 1.051907e+02 1.778430e+01 1.061862e+02 1.639842e+03
3.283857e+02 1.051907e+02 1.797253e+01 1.073760e+02 1.640003e+03
3.327065e+02 1.051907e+02 1.816028e+01 1.085780e+02 1.640167e+03
3.370274e+02 1.051907e+02 1.834757e+01 1.097922e+02 1.640336e+03
3.413483e+02 1.051907e+02 1.853439e+01 1.110185e+02 1.640508e+03
3.456691e+02 1.051907e+02 1.872074e+01 1.122568e+02 1.640684e+03
3.499900e+02 1.051907e+02 1.890663e+01 1.135071e+02 1.640865e+03
3.543109e+02 1.051907e+02 1.909205e+01 1.147692e+02 1.641050e+03
3.586317e+02 1.051907e+02 1.927701e+01 1.160431e+02 1.641239e+03
3.629526e+02 1.051907e+02 1.946151e+01 1.173287e+02 1.641432e+03
3.672735e+02 1.051907e+02 1.964555e+01 1.186260e+02 1.641629e+03
3.715943e+02 1.051907e+02 1.982913e+01 1.199348e+02 1.641831e+03
3.759152e+02 1.051907e+02 2.001226e+01 1.212551e+02 1.642037e+03
3.802360e+02 1.051907e+02 2.019492e+01 1.225867e+02 1.642248e+03
3.845569e+02 1.051907e+02 2.037713e+01 1.239297e+02 1.642463e+03
3.888778e+02 1.051907e+02 2.055889e+01 1.252839e+02 1.642682e+03
3.931986e+02 1.051907e+02 2.074019e+01 1.266493e+02 1.642906e+03
3.975195e+02 1.051907e+02 2.092105e+01 1.280258e+02 1.643134e+03
4.018404e+02 1.051907e+02 2.110144e+01 1.294133e+02 1.643367e+03
4.061612e+02 1.051907e+02 2.128139e+01 1.308117e+02 1.643605e+03
4.104821e+02 1.051907e+02 2.146090e+01 1.322210e+02 1.643847e+03
4.148030e+02 1.051907e+02 2.163995e+01 1.336410e+02 1.644094e+03
4.191238e+02 1.051907e+02 2.181855e+01 1.350718e+02 1.644346e+03
4.234447e+02 1.051907e+02 2.199672e+01 1.365132e+02 1.644602e+03
4.277656e+02 1.051907e+02 2.217443e+01 1.379652e+02 1.644863e+03
4.320864e+02 1.051907e+02 2.235171e+01 1.394277e+02 1.645129e+03
4.364073e+02 1.051907e+02 2.252854e+01 1.409005e+02 1.645400e+03
4.407281e+02 1.051907e+02 2.270493e+01 1.423838e+02 1.645676e+03
4.450490e+02 1.051907e+02 2.288088e+01 1.438773e+02 1.645957e+03
4.493699e+02 1.051907e+02 2.305639e+01 1.453810e+02 1.646242e+03
4.536907e+02 1.051907e+02 2.323146e+01 1.468948e+02 1.646533e+03
4.580116e+02 1.051907e+02 2.340610e+01 1.484187e+02 1.646828e+03
4.623325e+02 1.051907e+02 2.358030e+01 1.499526e+02 1.647129e+03
4.666533e+02 1.051907e+02 2.375407e+01 1.514964e+02 1.647435e+03
4.709742e+02 1.051907e+02 2.392740e+01 1.530500e+02 1.647746e+03
4.752951e+02 1.051907e+02 2.410030e+01 1.546134e+02 1.648062e+03
4.796159e+02 1.051907e+02 2.427277e+01 1.561865e+02 1.648383e+03
4.839368e+02 1.051907e+02 2.444481e+01 1.577693e+02 1.648709e+03
4.882577e+02 1.051907e+02 2.461642e+01 1.593616e+02 1.649041e+03
4.925785e+02 1.051907e+02 2.478760e+01 1.609634e+02 1.649378e+03
4.968994e+02 1.051907e+02 2.495836e+01 1.625746e+02 1.649720e+03
5.012202e+02 1.051907e+02 2.512869e+01 1.641953e+02 1.650067e+03
5.055411e+02 1.051907e+02 2.529859e+01 1.658252e+02 1.650420e+03
5.098620e+02 1.051907e+02 2.546807e+01 1.674643e+02 1.650779e+03
5.141828e+02 1.051907e+02 2.563713e+01 1.691126e+02 1.651142e+03
5.185037e+02 1.051907e+02 2.580576e+01 1.707699e+02 1.651512e+03
5.228246e+02 1.051907e+02 2.597398e+01 1.724363e+02 1.651886e+03
5.271454e+02 1.051907e+02 2.614178e+01 1.741117e+02 1.652266e+03
5.314663e+02 1.051907e+02 2.630915e+01 1.757960e+02 1.652652e+03
5.357872e+02 1.051907e+02 2.647611e+01 1.774890e+02 1.653043e+03
5.401080e+02 1.051907e+02 2.664266e+01 1.791909e+02 1.653440e+03
5.444289e+02 1.051907e+02 2.680878e+01 1.809014e+02 1.653843e+03
5.487497e+02 1.051907e+02 2.697450e+01 1.826206e+02 1.654251e+03
5.530706e+02 1.051907e+02 2.713980e+01 1.843484e+02 1.654665e+03
5.573915e+02 1.051907e+02 2.730469e+01 1.860846e+02 1.655085e+03
5.617123e+02 1.051907e+02 2.746916e+01 1.878293e+02 1.655510e+03
5.660332e+02 1.051907e+02 2.763323e+01 1.895824e+02 1.655941e+03
5.703541e+02 1.051907e+02 2.779689e+01 1.913438e+02 1.656378e+03
5.746749e+02 1.051907e+02 2.796014e+01 1.931134e+02 1.656821e+03
5.789958e+02 1.051907e+02 2.812298e+01 1.948912e+02 1.657269e+03
5.833167e+02 1.051907e+02 2.828541e+01 1.966772e+02 1.657724e+03
5.876375e+02 1.051907e+02 2.844744e+01 1.984712e+02 1.658184e+03
5.919584e+02 1.051907e+02 2.860907e+01 2.002732e+02 1.658650e+03
5.962793e+02 1.051907e+02 2.877029e+01 2.020831e+02 1.659122e+03
6.006001e+02 1.051907e+02 2.893111e+01 2.039010e+02 1.659601e+03
6.049210e+02 1.051907e+02 2.909153e+01 2.057266e+02 1.660085e+03
6.092418e+02 1.051907e+02 2.925155e+01 2.075600e+02 1.660575e+03
6.135627e+02 1.051907e+02 2.941117e+01 2.094012e+02 1.661071e+03
6.178836e+02 1.051907e+02 2.957040e+01 2.112499e+02 1.661574e+03
6.222044e+02 1.051907e+02 2.972922e+01 2.131062e+02 1.662082e+03
6.265253e+02 1.051907e+02 2.988765e+01 2.149701e+02 1.662597e+03
6.308462e+02 1.051907e+02 3.004568e+01 2.168414e+02 1.663117e+03
6.351670e+02 1.051907e+02 3.020332e+01 2.187201e+02 1.663644e+03
6.394879e+02 1.051907e+02 3.036057e+01 2.206062e+02 1.664177e+03
6.438088e+02 1.051907e+02 3.051743e+01 2.224995e+02 1.664717e+03
6.481296e+02 1.051907e+02 3.067389e+01 2.244001e+02 1.665262e+03
6.524505e+02 1.051907e+02 3.082996e+01 2.263078e+02 1.665814e+03
6.567714e+02 1.051907e+02 3.098564e+01 2.282227e+02 1.666372e+03
6.610922e+02 1.051907e+02 3.114094e+01 2.301446e+02 1.666937e+03
6.654131e+02 1.051907e+02 3.129585e+01 2.320735e+02 1.667508e+03
6.697339e+02 1.051907e+02 3.145037e+01 2.340093e+02 1.668085e+03
6.740548e+02 1.051907e+02 3.160450e+01 2.359520e+02 1.668668e+03
6.783757e+02 1.051907e+02 3.175826e+01 2.379016e+02 1.669258e+03
6.826965e+02 1.051907e+02 3.191162e+01 2.398579e+02 1.669855e+03
6.870174e+02 1.051907e+02 3.206461e+01 2.418209e+02 1.670458e+03
6.913383e+02 1.051907e+02 3.221721e+01 2.437906e+02 1.671067e+03
6.956591e+02 1.051907e+02 3.236944e+01 2.457670e+02 1.671683e+03
6.999800e+02 1.051907e+02 3.252128e+01 2.477498e+02 1.672305e+03
7.043009e+02 1.051907e+02 3.267274e+01 2.497392e+02 1.672934e+03
7.086217e+02 1.051907e+02 3.282383e+01 2.517350e+02 1.673569e+03
7.129426e+02 1.051907e+02 3.297454e+01 2.537372e+02 1.674211e+03
7.172635e+02 1.051907e+02 3.312488e+01 2.557457e+02 1.674860e+03
7.215843e+02 1.051907e+02 3.327484e+01 2.577605e+02 1.675515e+03
7.259052e+02 1.051907e+02 3.342442e+01 2.597816e+02 1.676177e+03
7.302260e+02 1.051907e+02 3.357363e+01 2.618088e+02 1.676845e+03
7.345469e+02 1.051907e+02 3.372247e+01 2.638421e+02 1.677520e+03
7.388678e+02 1.051907e+02 3.387094e+01 2.658815e+02 1.678202e+03
7.431886e+02 1.051907e+02 3.401904e+01 2.679270e+02 1.678891e+03
7.475095e+02 1.051907e+02 3.416677e+01 2.699784e+02 1.679586e+03
7.518304e+02 1.051907e+02 3.431413e+01 2.720357e+02 1.680288e+03
7.561512e+02 1.051907e+02 3.446112e+01 2.740988e+02 1.680997e+03
7.604721e+02 1.051907e+02 3.460775e+01 2.761678e+02 1.681712e+03
7.647930e+02 1.051907e+02 3.475401e+01 2.782426e+02 1.682435e+03
7.691138e+02 1.051907e+02 3.489990e+01 2.803230e+02 1.683164e+03
7.734347e+02 1.051907e+02 3.504543e+01 2.824092e+02 1.683900e+03
7.777556e+02 1.051907e+02 3.519060e+01 2.845009e+02 1.684643e+03
7.820764e+02 1.051907e+02 3.533541e+01 2.865982e+02 1.685393e+03
7.863973e+02 1.051907e+02 3.547985e+01 2.887010e+02 1.686150e+03
7.907181e+02 1.051907e+02 3.562394e+01 2.908093e+02 1.686913e+03
7.950390e+02 1.051907e+02 3.576767e+01 2.929230e+02 1.687684e+03
7.993599e+02 1.051907e+02 3.591103e+01 2.950420e+02 1.688461e+03
8.036807e+02 1.051907e+02 3.605404e+01 2.971664e+02 1.689246e+03
8.080016e+02 1.051907e+02 3.619669e+01 2.992960e+02 1.690037e+03
8.123225e+02 1.051907e+02 3.633899e+01 3.014308e+02 1.690836e+03
8.166433e+02 1.051907e+02 3.648093e+01 3.035708e+02 1.691641e+03
8.209642e+02 1.051907e+02 3.662252e+01 3.057160e+02 1.692454e+03
8.252851e+02 1.051907e+02 3.676376e+01 3.078662e+02 1.693273e+03
8.296059e+02 1.051907e+02 3.690464e+01 3.100214e+02 1.694100e+03
8.339268e+02 1.051907e+02 3.704517e+01 3.121817e+02 1.694934e+03
8.382476e+02 1.051907e+02 3.718535e+01 3.143468e+02 1.695774e+03
8.425685e+02 1.051907e+02 3.732518e+01 3.165168e+02 1.696622e+03
8.468894e+02 1.051907e+02 3.746466e+01 3.186917e+02 1.697477e+03
8.512102e+02 1.051907e+02 3.760380e+01 3.208714e+02 1.698340e+03
8.555311e+02 1.051907e+02 3.774259e+01 3.230558e+02 1.699209e+03
8.598520e+02 1.051907e+02 3.788103e+01 3.252450e+02 1.700085e+03
8.641728e+02 1.051907e+02 3.801912e+01 3.274387e+02 1.700969e+03
8.684937e+02 1.051907e+02 3.815687e+01 3.296371e+02 1.701860e+03
8.728146e+02 1.051907e+02 3.829428e+01 3.318401e+02 1.702758e+03
8.771354e+02 1.051907e+02 3.843135e+01 3.340476e+02 1.703664e+03
8.814563e+02 1.051907e+02 3.856807e+01 3.362596e+02 1.704576e+03
8.857772e+02 1.051907e+02 3.870445e+01 3.384760e+02 1.705496e+03
8.900980e+02 1.051907e+02 3.884049e+01 3.406967e+02 1.706423e+03
8.944189e+02 1.051907e+02 3.897619e+01 3.429219e+02 1.707357e+03
8.987397e+02 1.051907e+02 3.911156e+01 3.451513e+02 1.708299e+03
9.030606e+02 1.051907e+02 3.924658e+01 3.473850e+02 1.709248e+03
9.073815e+02 1.051907e+02 3.938127e+01 3.496229e+02 1.710205e+03
9.117023e+02 1.051907e+02 3.951563e+01 3.518650e+02 1.711168e+03
9.160232e+02 1.051907e+02 3.964965e+01 3.541112e+02 1.712139e+03
9.203441e+02 1.051907e+02 3.978333e+01 3.563615e+02 1.713118e+03
9.246649e+02 1.051907e+02 3.991668e+01 3.586159e+02 1.714103e+03
9.289858e+02 1.051907e+02 4.004970e+01 3.608742e+02 1.715097e+03
9.333067e+02 1.051907e+02 4.018239e+01 3.631365e+02 1.716097e+03
9.376275e+02 1.051907e+02 4.031474e+01 3.654027e+02 1.717105e+03
9.419484e+02 1.051907e+02 4.044677e+01 3.676728e+02 1.718120e+03
9.462693e+02 1.051907e+02 4.057846e+01 3.699468e+02 1.719143e+03
9.505901e+02 1.051907e+02 4.070983e+01 3.722245e+02 1.720174e+03
9.549110e+02 1.051907e+02 4.084087e+01 3.745060e+02 1.721211e+03
9.592318e+02 1.051907e+02 4.097158e+01 3.767912e+02 1.722257e+03
9.635527e+02 1.051907e+02 4.110197e+01 3.790801e+02 1.723309e+03
9.678736e+02 1.051907e+02 4.123203e+01 3.813726e+02 1.724369e+03
9.721944e+02 1.051907e+02 4.136177e+01 3.836687e+02 1.725437e+03
9.765153e+02 1.051907e+02 4.149118e+01 3.859683e+02 1.726512e+03
9.808362e+02 1.051907e+02 4.162027e+01 3.882715e+02 1.727595e+03
9.851570e+02 1.051907e+02 4.174904e+01 3.905781e+02 1.728685e+03
9.894779e+02 1.051907e+02 4.187749e+01 3.928882e+02 1.729783e+03
9.937988e+02 1.051907e+02 4.200561e+01 3.952017e+02 1.730889e+03
9.981196e+02 1.051907e+02 4.213342e+01 3.975185e+02 1.732002e+03
1.002440e+03 1.051907e+02 4.226091e+01 3.998386e+02 1.733122e+03
1.006761e+03 1.051907e+02 4.238808e+01 4.021620e+02 1.734250e+03
1.011082e+03 1.051907e+02 4.251493e+01 4.044887e+02 1.735386e+03
1.015403e+03 1.051907e+02 4.264147e+01 4.068186e+02 1.736530e+03
1.019724e+03 1.051907e+02 4.276769e+01 4.091516e+02 1.737681e+03
1.024045e+03 1.051907e+02 4.289360e+01 4.114877e+02 1.738839e+03
1.028366e+03 1.051907e+02 4.301919e+01 4.138270e+02 1.740005e+03
1.032687e+03 1.051907e+02 4.314447e+01 4.161693e+02 1.741179e+03
1.037007e+03 1.051907e+02 4.326944e+01 4.185146e+02 1.742361e+03
1.041328e+03 1.051907e+02 4.339409e+01 4.208629e+02 1.743550e+03
1.045649e+03 1.051907e+02 4.351844e+01 4.232141e+02 1.744747e+03
1.049970e+03 1.051907e+02 4.364247e+01 4.255682e+02 1.745952e+03
1.054291e+03 1.051907e+02 4.376620e+01 4.279252e+02 1.747164e+03
1.058612e+03 1.051907e+02 4.388961e+01 4.302850e+02 1.748384e+03
1.062933e+03 1.051907e+02 4.401272e+01 4.326477e+02 1.749612e+03
1.067253e+03 1.051907e+02 4.413552e+01 4.350131e+02 1.750847e+03
1.071574e+03 1.051907e+02 4.425802e+01 4.373812e+02 1.752090e+03
1.075895e+03 1.051907e+02 4.438021e+01 4.397520e+02 1.753341e+03
1.080216e+03 1.051907e+02 4.450209e+01 4.421254e+02 1.754600e+03
1.084537e+03 1.051907e+02 4.462367e+01 4.445015e+02 1.755866e+03
1.088858e+03 1.051907e+02 4.474495e+01 4.468802e+02 1.757140e+03
1.093179e+03 1.051907e+02 4.486592e+01 4.492614e+02 1.758422e+03
1.097499e+03 1.051907e+02 4.498660e+01 4.516451e+02 1.759712e+03
1.101820e+03 1.051907e+02 4.510697e+01 4.540313e+02 1.761009e+03
1.106141e+03 1.051907e+02 4.522704e+01 4.564199e+02 1.762314e+03
1.110462e+03 1.051907e+02 4.534681e+01 4.588110e+02 1.763627e+03
1.114783e+03 1.051907e+02 4.546629e+01 4.612044e+02 1.764948e+03
1.119104e+03 1.051907e+02 4.558546e+01 4.636002e+02 1.766277e+03
1.123425e+03 1.051907e+02 4.570434e+01 4.659983e+02 1.767613e+03
1.127746e+03 1.051907e+02 4.582292e+01 4.683987e+02 1.768958e+03
1.132066e+03 1.051907e+02 4.594121e+01 4.708013e+02 1.770310e+03
1.136387e+03 1.051907e+02 4.605920e+01 4.732061e+02 1.771670e+03
1.140708e+03 1.051907e+02 4.617689e+01 4.756131e+02 1.773037e+03
1.145029e+03 1.051907e+02 4.629430e+01 4.780223e+02 1.774413e+03
1.149350e+03 1.051907e+02 4.641141e+01 4.804335e+02 1.775797e+03
1.153671e+03 1.051907e+02 4.652822e+01 4.828469e+02 1.777188e+03
1.157992e+03 1.051907e+02 4.664475e+01 4.852623e+02 1.778587e+03
1.162312e+03 1.051907e+02 4.676099e+01 4.876797e+02 1.779994e+03
1.166633e+03 1.051907e+02 4.687693e+01 4.900991e+02 1.781409e+03
1.170954e+03 1.051907e+02 4.699259e+01 4.925205e+02 1.782832e+03
1.175275e+03 1.051907e+02 4.710796e+01 4.949438e+02 1.784263e+03
1.179596e+03 1.051907e+02 4.722304e+01 4.973689e+02 1.785701e+03
1.183917e+03 1.051907e+02 4.733783e+01 4.997960e+02 1.787148e+03
1.188238e+03 1.051907e+02 4.745234e+01 5.022248e+02 1.788602e+03
1.192559e+03 1.051907e+02 4.756656e+01 5.046555e+02 1.790065e+03
1.196879e+03 1.051907e+02 4.768050e+01 5.070879e+02 1.791535e+03
1.201200e+03 1.051907e+02 4.779415e+01 5.095221e+02 1.793013e+03
1.205521e+03 1.051907e+02 4.790752e+01 5.119580e+02 1.794499e+03
1.209842e+03 1.051907e+02 4.802061e+01 5.143955e+02 1.795994e+03
1.214163e+03 1.051907e+02 4.813341e+01 5.168347e+02 1.797496e+03
1.218484e+03 1.051907e+02 4.824593e+01 5.192755e+02 1.799005e+03
1.222805e+03 1.051907e+02 4.835817e+01 5.217179e+02 1.800523e+03
1.227125e+03 1.051907e+02 4.847014e+01 5.241619e+02 1.802049e+03
1.231446e+03 1.051907e+02 4.858182e+01 5.266074e+02 1.803583e+03
1.235767e+03 1.051907e+02 4.869322e+01 5.290544e+02 1.805125e+03
1.240088e+03 1.051907e+02 4.880435e+01 5.315029e+02 1.806674e+03
1.244409e+03 1.051907e+02 4.891520e+01 5.339528e+02 1.808232e+03
1.248730e+03 1.051907e+02 4.902577e+01 5.364041e+02 1.809798e+03
1.253051e+03 1.051907e+02 4.913607e+01 5.388568e+02 1.811371e+03
1.257371e+03 1.051907e+02 4.924609e+01 5.413109e+02 1.812953e+03
1.261692e+03 1.051907e+02 4.935584e+01 5.437663e+02 1.814542e+03
1.266013e+03 1.051907e+02 4.946531e+01 5.462230e+02 1.816140e+03
1.270334e+03 1.051907e+02 4.957451e+01 5.486809e+02 1.817745e+03
1.274655e+03 1.051907e+02 4.968344e+01 5.511402e+02 1.819359e+03
1.278976e+03 1.051907e+02 4.979210e+01 5.536006e+02 1.820980e+03
1.283297e+03 1.051907e+02 4.990048e+01 5.560622e+02 1.822610e+03
1.287618e+03 1.051907e+02 5.000860e+01 5.585250e+02 1.824247e+03
1.291938e+03 1.051907e+02 5.011644e+01 5.609889e+02 1.825893e+03
1.296259e+03 1.051907e+02 5.022402e+01 5.634540e+02 1.827546e+03
1.300580e+03 1.051907e+02 5.033133e+01 5.659201e+02 1.829208e+03
1.304901e+03 1.051907e+02 5.043837e+01 5.683872e+02 1.830877e+03
1.309222e+03 1.051907e+02 5.054514e+01 5.708554e+02 1.832555e+03
1.313543e+03 1.051907e+02 5.065165e+01 5.733246e+02 1.834240e+03
1.317864e+03 1.051907e+02 5.075789e+01 5.757948e+02 1.835934e+03
1.322184e+03 1.051907e+02 5.086386e+01 5.782659e+02 1.837635e+03
1.326505e+03 1.051907e+02 5.096958e+01 5.807380e+02 1.839345e+03
1.330826e+03 1.051907e+02 5.107502e+01 5.832109e+02 1.841063e+03
1.335147e+03 1.051907e+02 5.118021e+01 5.856847e+02 1.842788e+03
1.339468e+03 1.051907e+02 5.128513e+01 5.881594e+02 1.844522e+03
1.343789e+03 1.051907e+02 5.138979e+01 5.906349e+02 1.846264e+03
1.348110e+03 1.051907e+02 5.149419e+01 5.931112e+02 1.848013e+03
1.352430e+03 1.051907e+02 5.159833e+01 5.955882e+02 1.849771e+03
1.356751e+03 1.051907e+02 5.170221e+01 5.980660e+02 1.851537e+03
1.361072e+03 1.051907e+02 5.180583e+01 6.005445e+02 1.853311e+03
1.365393e+03 1.051907e+02 5.190920e+01 6.030237e+02 1.855092e+03
1.369714e+03 1.051907e+02 5.201230e+01 6.055036e+02 1.856882e+03
1.374035e+03 1.051907e+02 5.211515e+01 6.079841e+02 1.858680e+03
1.378356e+03 1.051907e+02 5.221774e+01 6.104653e+02 1.860486e+03
1.382677e+03 1.051907e+02 5.232008e+01 6.129470e+02 1.862300e+03
1.386997e+03 1.051907e+02 5.242215e+01 6.154294e+02 1.864122e+03
1.391318e+03 1.051907e+02 5.252398e+01 6.179123e+02 1.865952e+03
1.395639e+03 1.051907e+02 5.262555e+01 6.203957e+02 1.867791e+03
1.399960e+03 1.051907e+02 5.272687e+01 6.228796e+02 1.869637e+03
1.404281e+03 1.051907e+02 5.282793e+01 6.253640e+02 1.871491e+03
1.408602e+03 1.051907e+02 5.292875e+01 6.278488e+02 1.873353e+03
1.412923e+03 1.051907e+02 5.302931e+01 6.303341e+02 1.875224e+03
1.417243e+03 1.051907e+02 5.312962e+01 6.328198e+02 1.877102e+03
1.421564e+03 1.051907e+02 5.322968e+01 6.353058e+02 1.878988e+03
1.425885e+03 1.051907e+02 5.332949e+01 6.377923e+02 1.880883e+03
1.430206e+03 1.051907e+02 5.342905e+01 6.402791e+02 1.882785e+03
1.434527e+03 1.051907e+02 5.352837e+01 6.427662e+02 1.884696e+03
1.438848e+03 1.051907e+02 5.362743e+01 6.452535e+02 1.886614e+03
1.443169e+03 1.051907e+02 5.372625e+01 6.477412e+02 1.888541e+03
1.447489e+03 1.051907e+02 5.382482e+01 6.502291e+02 1.890476e+03
1.451810e+03 1.051907e+02 5.392315e+01 6.527173e+02 1.892419e+03
1.456131e+03 1.051907e+02 5.402123e+01 6.552056e+02 1.894369e+03
1.460452e+03 1.051907e+02 5.411907e+01 6.576942e+02 1.896328e+03
1.464773e+03 1.051907e+02 5.421666e+01 6.601829e+02 1.898295e+03
1.469094e+03 1.051907e+02 5.431401e+01 6.626718e+02 1.900270e+03
1.473415e+03 1.051907e+02 5.441111e+01 6.651607e+02 1.902253e+03
1.477736e+03 1.051907e+02 5.450798e+01 6.676498e+02 1.904244e+03
1.482056e+03 1.051907e+02 5.460460e+01 6.701390e+02 1.906243e+03
1.486377e+03 1.051907e+02 5.470098e+01 6.726282e+02 1.908250e+03
1.490698e+03 1.051907e+02 5.479712e+01 6.751174e+02 1.910265e+03
1.495019e+03 1.051907e+02 5.489302e+01 6.776067e+02 1.912289e+03
1.499340e+03 1.051907e+02 5.498869e+01 6.800959e+02 1.914320e+03
1.503661e+03 1.051907e+02 5.508411e+01 6.825852e+02 1.916359e+03
1.507982e+03 1.051907e+02 5.517929e+01 6.850744e+02 1.918406e+03
1.512302e+03 1.051907e+02 5.527424e+01 6.875635e+02 1.920462e+03
1.516623e+03 1.051907e+02 5.536895e+01 6.900525e+02 1.922525e+03
1.520944e+03 1.051907e+02 5.546343e+01 6.925414e+02 1.924597e+03
1.525265e+03 1.051907e+02 5.555767e+01 6.950302e+02 1.926676e+03
1.529586e+03 1.051907e+02 5.565167e+01 6.975189e+02 1.928763e+03
1.533907e+03 1.051907e+02 5.574544e+01 7.000074e+02 1.930859e+03
1.538228e+03 1.051907e+02 5.583898e+01 7.024957e+02 1.932963e+03
1.542549e+03 1.051907e+02 5.593228e+01 7.049838e+02 1.935074e+03
1.546869e+03 1.051907e+02 5.602535e+01 7.074717e+02 1.937194e+03
1.551190e+03 1.051907e+02 5.611819e+01 7.099593e+02 1.939321e+03
1.555511e+03 1.051907e+02 5.621079e+01 7.124467e+02 1.941457e+03
1.559832e+03 1.051907e+02 5.630317e+01 7.149337e+02 1.943601e+03
1.564153e+03 1.051907e+02 5.639531e+01 7.174205e+02 1.945752e+03
1.568474e+03 1.051907e+02 5.648723e+01 7.199070e+02 1.947912e+03
1.572795e+03 1.051907e+02 5.657891e+01 7.223931e+02 1.950080e+03
1.577115e+03 1.051907e+02 5.667037e+01 7.248789e+02 1.952256e+03
1.581436e+03 1.051907e+02 5.676160e+01 7.273643e+02 1.954439e+03
1.585757e+03 1.051907e+02 5.685260e+01 7.298492e+02 1.956631e+03
1.590078e+03 1.051907e+02 5.694337e+01 7.323338e+02 1.958831e+03
1.594399e+03 1.051907e+02 5.703392e+01 7.348180e+02 1.961039e+03
1.598720e+03 1.051907e+02 5.712424e+01 7.373017e+02 1.963254e+03
1.603041e+03 1.051907e+02 5.721434e+01 7.397849e+02 1.965478e+03
1.607361e+03 1.051907e+02 5.730421e+01 7.422677e+02 1.967710e+03
1.611682e+03 1.051907e+02 5.739386e+01 7.447499e+02 1.969950e+03
1.616003e+03 1.051907e+02 5.748328e+01 7.472316e+02 1.972197e+03
1.620324e+03 1.051907e+02 5.757248e+01 7.497128e+02 1.974453e+03
1.624645e+03 1.051907e+02 5.766146e+01 7.521935e+02 1.976717e+03
1.628966e+03 1.051907e+02 5.775022e+01 7.546735e+02 1.978989e+03
1.633287e+03 1.051907e+02 5.783875e+01 7.571530e+02 1.981268e+03
1.637608e+03 1.051907e+02 5.792707e+01 7.596319e+02 1.983556e+03
1.641928e+03 1.051907e+02 5.801516e+01 7.621101e+02 1.985852e+03
1.646249e+03 1.051907e+02 5.810303e+01 7.645877e+02 1.988155e+03
1.650570e+03 1.051907e+02 5.819069e+01 7.670646e+02 1.990467e+03
1.654891e+03 1.051907e+02 5.827813e+01 7.695409e+02 1.992786e+03
1.659212e+03 1.051907e+02 5.836534e+01 7.720165e+02 1.995114e+03
1.663533e+03 1.051907e+02 5.845234e+01 7.744913e+02 1.997449e+03
1.667854e+03 1.051907e+02 5.853913e+01 7.769655e+02 1.999793e+03
1.672174e+03 1.051907e+02 5.862570e+01 7.794389e+02 2.002144e+03
1.676495e+03 1.051907e+02 5.871205e+01 7.819115e+02 2.004503e+03
1.680816e+03 1.051907e+02 5.879818e+01 7.843834e+02 2.006871e+03
1.685137e+03 1.051907e+02 5.888410e+01 7.868545e+02 2.009246e+03
1.689458e+03 1.051907e+02 5.896981e+01 7.893248e+02 2.011629e+03
1.693779e+03 1.051907e+02 5.905530e+01 7.917943e+02 2.014020e+03
1.698100e+03 1.051907e+02 5.914058e+01 7.942629e+02 2.016419e+03
1.702420e+03 1.051907e+02 5.922565e+01 7.967307e+02 2.018826e+03
1.706741e+03 1.051907e+02 5.931051e+01 7.991976e+02 2.021241e+03
1.711062e+03 1.051907e+02 5.939515e+01 8.016636e+02 2.023664e+03
1.715383e+03 1.051907e+02 5.947958e+01 8.041287e+02 2.026094e+03
1.719704e+03 1.051907e+02 5.956380e+01 8.065929e+02 2.028533e+03
1.724025e+03 1.051907e+02 5.964781e+01 8.090562e+02 2.030979e+03
1.728346e+03 1.051907e+02 5.973162e+01 8.115186e+02 2.033434e+03
1.732667e+03 1.051907e+02 5.981521e+01 8.139800e+02 2.035896e+03
1.736987e+03 1.051907e+02 5.989859e+01 8.164404e+02 2.038366e+03
1.741308e+03 1.051907e+02 5.998177e+01 8.188998e+02 2.040844e+03
1.745629e+03 1.051907e+02 6.006474e+01 8.213582e+02 2.043330e+03
1.749950e+03 1.051907e+02 6.014750e+01 8.238156e+02 2.045824e+03
1.754271e+03 1.051907e+02 6.023005e+01 8.262720e+02 2.048326e+03
1.758592e+03 1.051907e+02 6.031240e+01 8.287273e+02 2.050836e+03
1.762913e+03 1.051907e+02 6.039455e+01 8.311816e+02 2.053353e+03
1.767233e+03 1.051907e+02 6.047649e+01 8.336348e+02 2.055878e+03
1.771554e+03 1.051907e+02 6.055822e+01 8.360869e+02 2.058412e+03
1.775875e+03 1.051907e+02 6.063975e+01 8.385379e+02 2.060953e+03
1.780196e+03 1.051907e+02 6.072108e+01 8.409878e+02 2.063502e+03
1.784517e+03 1.051907e+02 6.080221e+01 8.434366e+02 2.066058e+03
1.788838e+03 1.051907e+02 6.088313e+01 8.458842e+02 2.068623e+03
1.793159e+03 1.051907e+02 6.096385e+01 8.483307e+02 2.071195e+03
1.797479e+03 1.051907e+02 6.104437e+01 8.507760e+02 2.073776e+03
1.801800e+03 1.051907e+02 6.112469e+01 8.532201e+02 2.076364e+03
1.806121e+03 1.051907e+02 6.120480e+01 8.556630e+02 2.078960e+03
1.810442e+03 1.051907e+02 6.128472e+01 8.581047e+02 2.081563e+03
1.814763e+03 1.051907e+02 6.136444e+01 8.605451e+02 2.084175e+03
1.819084e+03 1.051907e+02 6.144396e+01 8.629844e+02 2.086794e+03
1.823405e+03 1.051907e+02 6.152328e+01 8.654224e+02 2.089421e+03
1.827726e+03 1.051907e+02 6.160241e+01 8.678591e+02 2.092056e+03
1.832046e+03 1.051907e+02 6.168133e+01 8.702945e+02 2.094699e+03
1.836367e+03 1.051907e+02 6.176006e+01 8.727287e+02 2.097350e+03
1.840688e+03 1.051907e+02 6.183860e+01 8.751616e+02 2.100008e+03
1.845009e+03 1.051907e+02 6.191693e+01 8.775931e+02 2.102674e+03
1.849330e+03 1.051907e+02 6.199507e+01 8.800233e+02 2.105348e+03
1.853651e+03 1.051907e+02 6.207302e+01 8.824522e+02 2.108029e+03
1.857972e+03 1.051907e+02 6.215077e+01 8.848797e+02 2.110719e+03
1.862292e+03 1.051907e+02 6.222833e+01 8.873059e+02 2.113416e+03
1.866613e+03 1.051907e+02 6.230570e+01 8.897307e+02 2.116121e+03
1.870934e+03 1.051907e+02 6.238287e+01 8.921541e+02 2.118833e+03
1.875255e+03 1.051907e+02 6.245985e+01 8.945761e+02 2.121554e+03
1.879576e+03 1.051907e+02 6.253664e+01 8.969967e+02 2.124282e+03
1.883897e+03 1.051907e+02 6.261323e+01 8.994158e+02 2.127018e+03
1.888218e+03 1.051907e+02 6.268964e+01 9.018336e+02 2.129761e+03
1.892539e+03 1.051907e+02 6.276585e+01 9.042499e+02 2.132512e+03
1.896859e+03 1.051907e+02 6.284188e+01 9.066647e+02 2.135271e+03
1.901180e+03 1.051907e+02 6.291771e+01 9.090780e+02 2.138038e+03
1.905501e+03 1.051907e+02 6.299336e+01 9.114899e+02 2.140812e+03
1.909822e+03 1.051907e+02 6.306881e+01 9.139003e+02 2.143594e+03
1.914143e+03 1.051907e+02 6.314408e+01 9.163092e+02 2.146384e+03
1.918464e+03 1.051907e+02 6.321916e+01 9.187165e+02 2.149182e+03
1.922785e+03 1.051907e+02 6.329406e+01 9.211224e+02 2.151987e+03
1.927105e+03 1.051907e+02 6.336876e+01 9.235267e+02 2.154799e+03
1.931426e+03 1.051907e+02 6.344329e+01 9.259294e+02 2.157620e+03
1.935747e+03 1.051907e+02 6.351762e+01 9.283306e+02 2.160448e+03
1.940068e+03 1.051907e+02 6.359177e+01 9.307302e+02 2.163284e+03
1.944389e+03 1.051907e+02 6.366573e+01 9.331282e+02 2.166127e+03
1.948710e+03 1.051907e+02 6.373951e+01 9.355247e+02 2.168978e+03
1.953031e+03 1.051907e+02 6.381311e+01 9.379195e+02 2.171837e+03
1.957351e+03 1.051907e+02 6.388652e+01 9.403128e+02 2.174703e+03
1.961672e+03 1.051907e+02 6.395975e+01 9.427044e+02 2.177577e+03
1.965993e+03 1.051907e+02 6.403280e+01 9.450943e+02 2.180458e+03
1.970314e+03 1.051907e+02 6.410566e+01 9.474827e+02 2.183347e+03
1.974635e+03 1.051907e+02 6.417834e+01 9.498693e+02 2.186244e+03
1.978956e+03 1.051907e+02 6.425084e+01 9.522543e+02 2.189148e+03
1.983277e+03 1.051907e+02 6.432316e+01 9.546377e+02 2.192060e+03
1.987598e+03 1.051907e+02 6.439530e+01 9.570193e+02 2.194980e+03
1.991918e+03 1.051907e+02 6.446726e+01 9.593993e+02 2.197907e+03
1.996239e+03 1.051907e+02 6.453904e+01 9.617775e+02 2.200841e+03
2.000560e+03 1.051907e+02 6.461065e+01 9.641540e+02 2.203784e+03
2.004881e+03 1.051907e+02 6.468207e+01 9.665289e+02 2.206733e+03
2.009202e+03 1.051907e+02 6.475331e+01 9.689019e+02 2.209691e+03
2.013523e+03 1.051907e+02 6.482438e+01 9.712733e+02 2.212655e+03
2.017844e+03 1.051907e+02 6.489527e+01 9.736428e+02 2.215628e+03
2.022164e+03 1.051907e+02 6.496598e+01 9.760107e+02 2.218608e+03
2.026485e+03 1.051907e+02 6.503652e+01 9.783767e+02 2.221595e+03
2.030806e+03 1.051907e+02 6.510688e+01 9.807410e+02 2.224590e+03
2.035127e+03 1.051907e+02 6.517707e+01 9.831034e+02 2.227592e+03
2.039448e+03 1.051907e+02 6.524708e+01 9.854641e+02 2.230602e+03
2.043769e+03 1.051907e+02 6.531691e+01 9.878230e+02 2.233620e+03
2.048090e+03 1.051907e+02 6.538657e+01 9.901800e+02 2.236644e+03
2.052410e+03 1.051907e+02 6.545606e+01 9.925352e+02 2.239677e+03
2.056731e+03 1.051907e+02 6.552537e+01 9.948886e+02 2.242717e+03
2.061052e+03 1.051907e+02 6.559451e+01 9.972402e+02 2.245764e+03
2.065373e+03 1.051907e+02 6.566348e+01 9.995899e+02 2.248819e+03
2.069694e+03 1.051907e+02 6.573228e+01 1.001938e+03 2.251881e+03
2.074015e+03 1.051907e+02 6.580090e+01 1.004284e+03 2.254951e+03
2.078336e+03 1.051907e+02 6.586936e+01 1.006628e+03 2.258028e+03
2.082657e+03 1.051907e+02 6.593764e+01 1.008970e+03 2.261112e+03
2.086977e+03 1.051907e+02 6.600575e+01 1.011310e+03 2.264204e+03
2.091298e+03 1.051907e+02 6.607370e+01 1.013649e+03 2.267303e+03
2.095619e+03 1.051907e+02 6.614147e+01 1.015985e+03 2.270410e+03
2.099940e+03 1.051907e+02 6.620908e+01 1.018320e+03 2.273524e+03
2.104261e+03 1.051907e+02 6.627651e+01 1.020652e+03 2.276646e+03
2.108582e+03 1.051907e+02 6.634378e+01 1.022983e+03 2.279775e+03
2.112903e+03 1.051907e+02 6.641088e+01 1.025312e+03 2.282911e+03
2.117223e+03 1.051907e+02 6.647781e+01 1.027638e+03 2.286055e+03
2.121544e+03 1.051907e+02 6.654458e+01 1.029963e+03 2.289206e+03
2.125865e+03 1.051907e+02 6.661118e+01 1.032286e+03 2.292364e+03
2.130186e+03 1.051907e+02 6.667761e+01 1.034607e+03 2.295530e+03
2.134507e+03 1.051907e+02 6.674388e+01 1.036926e+03 2.298703e+03
2.138828e+03 1.051907e+02 6.680998e+01 1.039243e+03 2.301884e+03
2.143149e+03 1.051907e+02 6.687591e+01 1.041558e+03 2.305072e+03
2.147469e+03 1.051907e+02 6.694169e+01 1.043871e+03 2.308267e+03
2.151790e+03 1.051907e+02 6.700729e+01 1.046182e+03 2.311469e+03
2.156111e+03 1.051907e+02 6.707274e+01 1.048490e+03 2.314679e+03
2.160432e+03 1.051907e+02 6.713802e+01 1.050797e+03 2.317896e+03
2.164753e+03 1.051907e+02 6.720314e+01 1.053102e+03 2.321120e+03
2.169074e+03 1.051907e+02 6.726810e+01 1.055405e+03 2.324352e+03
2.173395e+03 1.051907e+02 6.733289e+01 1.057705e+03 2.327590e+03
2.177716e+03 1.051907e+02 6.739752e+01 1.060004e+03 2.330837e+03
2.182036e+03 1.051907e+02 6.746199e+01 1.062301e+03 2.334090e+03
2.186357e+03 1.051907e+02 6.752630e+01 1.064595e+03 2.337351e+03
2.190678e+03 1.051907e+02 6.759046e+01 1.066888e+03 2.340618e+03
2.194999e+03 1.051907e+02 6.765445e+01 1.069178e+03 2.343894e+03
2.199320e+03 1.051907e+02 6.771828e+01 1.071466e+03 2.347176e+03
2.203641e+03 1.051907e+02 6.778195e+01 1.073752e+03 2.350465e+03
2.207962e+03 1.051907e+02 6.784546e+01 1.076036e+03 2.353762e+03
2.212282e+03 1.051907e+02 6.790881e+01 1.078318e+03 2.357066e+03
2.216603e+03 1.051907e+02 6.797201e+01 1.080598e+03 2.360377e+03
2.220924e+03 1.051907e+02 6.803505e+01 1.082876e+03 2.363696e+03
2.225245e+03 1.051907e+02 6.809793e+01 1.085151e+03 2.367021e+03
2.229566e+03 1.051907e+02 6.816065e+01 1.087425e+03 2.370354e+03
2.233887e+03 1.051907e+02 6.822322e+01 1.089696e+03 2.373694e+03
2.238208e+03 1.051907e+02 6.828563e+01 1.091965e+03 2.377041e+03
2.242529e+03 1.051907e+02 6.834789e+01 1.094232e+03 2.380395e+03
2.246849e+03 1.051907e+02 6.840999e+01 1.096497e+03 2.383756e+03
2.251170e+03 1.051907e+02 6.847194e+01 1.098759e+03 2.387125e+03
2.255491e+03 1.051907e+02 6.853373e+01 1.101020e+03 2.390500e+03
2.259812e+03 1.051907e+02 6.859537e+01 1.103278e+03 2.393883e+03
2.264133e+03 1.051907e+02 6.865685e+01 1.105534e+03 2.397273e+03
2.268454e+03 1.051907e+02 6.871818e+01 1.107788e+03 2.400670e+03
2.272775e+03 1.051907e+02 6.877936e+01 1.110040e+03 2.404073e+03
2.277095e+03 1.051907e+02 6.884038e+01 1.112289e+03 2.407485e+03
2.281416e+03 1.051907e+02 6.890125e+01 1.114536e+03 2.410903e+03
2.285737e+03 1.051907e+02 6.896197e+01 1.116781e+03 2.414328e+03
2.290058e+03 1.051907e+02 6.902254e+01 1.119024e+03 2.417760e+03
2.294379e+03 1.051907e+02 6.908296e+01 1.121265e+03 2.421199e+03
2.298700e+03 1.051907e+02 6.914323e+01 1.123503e+03 2.424646e+03
2.303021e+03 1.051907e+02 6.920335e+01 1.125739e+03 2.428099e+03
2.307341e+03 1.051907e+02 6.926331e+01 1.127973e+03 2.431560e+03
2.311662e+03 1.051907e+02 6.932313e+01 1.130204e+03 2.435027e+03
2.315983e+03 1.051907e+02 6.938280e+01 1.132434e+03 2.438501e+03
2.320304e+03 1.051907e+02 6.944232e+01 1.134661e+03 2.441983e+03
2.324625e+03 1.051907e+02 6.950169e+01 1.136886e+03 2.445471e+03
2.328946e+03 1.051907e+02 6.956091e+01 1.139108e+03 2.448967e+03
2.333267e+03 1.051907e+02 6.961999e+01 1.141328e+03 2.452469e+03
2.337588e+03 1.051907e+02 6.967891e+01 1.143546e+03 2.455978e+03
2.341908e+03 1.051907e+02 6.973770e+01 1.145762e+03 2.459495e+03
2.346229e+03 1.051907e+02 6.979633e+01 1.147975e+03 2.463018e+03
2.350550e+03 1.051907e+02 6.985482e+01 1.150186e+03 2.466548e+03
2.354871e+03 1.051907e+02 6.991316e+01 1.152395e+03 2.470085e+03
2.359192e+03 1.051907e+02 6.997136e+01 1.154602e+03 2.473629e+03
2.363513e+03 1.051907e+02 7.002941e+01 1.156806e+03 2.477180e+03
2.367834e+03 1.051907e+02 7.008731e+01 1.159008e+03 2.480738e+03
2.372154e+03 1.051907e+02 7.014508e+01 1.161207e+03 2.484303e+03
2.376475e+03 1.051907e+02 7.020269e+01 1.163404e+03 2.487875e+03
2.380796e+03 1.051907e+02 7.026017e+01 1.165599e+03 2.491453e+03
2.385117e+03 1.051907e+02 7.031750e+01 1.167792e+03 2.495039e+03
2.389438e+03 1.051907e+02 7.037469e+01 1.169982e+03 2.498631e+03
2.393759e+03 1.051907e+02 7.043173e+01 1.172170e+03 2.502230e+03
2.398080e+03 1.051907e+02 7.048864e+01 1.174355e+03 2.505836e+03
2.402400e+03 1.051907e+02 7.054540e+01 1.176538e+03 2.509449e+03
2.406721e+03 1.051907e+02 7.060202e+01 1.178719e+03 2.513068e+03
2.411042e+03 1.051907e+02 7.065849e+01 1.180897e+03 2.516695e+03
2.415363e+03 1.051907e+02 7.071483e+01 1.183073e+03 2.520328e+03
2.419684e+03 1.051907e+02 7.077103e+01 1.185247e+03 2.523968e+03
2.424005e+03 1.051907e+02 7.082709e+01 1.187418e+03 2.527615e+03
2.428326e+03 1.051907e+02 7.088300e+01 1.189587e+03 2.531269e+03
2.432647e+03 1.051907e+02 7.093878e+01 1.191754e+03 2.534929e+03
2.436967e+03 1.051907e+02 7.099442e+01 1.193918e+03 2.538596e+03
2.441288e+03 1.051907e+02 7.104992e+01 1.196079e+03 2.542270e+03
2.445609e+03 1.051907e+02 7.110528e+01 1.198239e+03 2.545951e+03
2.449930e+03 1.051907e+02 7.116050e+01 1.200396e+03 2.549639e+03
2.454251e+03 1.051907e+02 7.121559e+01 1.202550e+03 2.553333e+03
2.458572e+03 1.051907e+02 7.127053e+01 1.204702e+03 2.557034e+03
2.462893e+03 1.051907e+02 7.132535e+01 1.206852e+03 2.560741e+03
2.467213e+03 1.051907e+02 7.138002e+01 1.208999e+03 2.564456e+03
2.471534e+03 1.051907e+02 7.143456e+01 1.211144e+03 2.568177e+03
2.475855e+03 1.051907e+02 7.148896e+01 1.213286e+03 2.571905e+03
2.480176e+03 1.051907e+02 7.154322e+01 1.215426e+03 2.575639e+03
2.484497e+03 1.051907e+02 7.159736e+01 1.217564e+03 2.579380e+03
2.488818e+03 1.051907e+02 7.165135e+01 1.219699e+03 2.583128e+03
2.493139e+03 1.051907e+02 7.170521e+01 1.221832e+03 2.586882e+03
2.497459e+03 1.051907e+02 7.175894e+01 1.223962e+03 2.590643e+03
2.501780e+03 1.051907e+02 7.181253e+01 1.226090e+03 2.594411e+03
2.506101e+03 1.051907e+02 7.186599e+01 1.228215e+03 2.598185e+03
2.510422e+03 1.051907e+02 7.191932e+01 1.230338e+03 2.601966e+03
2.514743e+03 1.051907e+02 7.197251e+01 1.232458e+03 2.605754e+03
2.519064e+03 1.051907e+02 7.202557e+01 1.234576e+03 2.609548e+03
2.523385e+03 1.051907e+02 7.207849e+01 1.236692e+03 2.613349e+03
2.527706e+03 1.051907e+02 7.213129e+01 1.238805e+03 2.617156e+03
2.532026e+03 1.051907e+02 7.218395e+01 1.240915e+03 2.620970e+03
2.536347e+03 1.051907e+02 7.223649e+01 1.243023e+03 2.624790e+03
2.540668e+03 1.051907e+02 7.228889e+01 1.245129e+03 2.628617e+03
2.544989e+03 1.051907e+02 7.234116e+01 1.247232e+03 2.632451e+03
2.549310e+03 1.051907e+02 7.239330e+01 1.249333e+03 2.636291e+03
2.553631e+03 1.051907e+02 7.244531e+01 1.251431e+03 2.640138e+03
2.557952e+03 1.051907e+02 7.249719e+01 1.253527e+03 2.643991e+03
2.562272e+03 1.051907e+02 7.254894e+01 1.255620e+03 2.647850e+03
2.566593e+03 1.051907e+02 7.260056e+01 1.257711e+03 2.651716e+03
2.570914e+03 1.051907e+02 7.265206e+01 1.259799e+03 2.655589e+03
2.575235e+03 1.051907e+02 7.270342e+01 1.261885e+03 2.659468e+03
2.579556e+03 1.051907e+02 7.275466e+01 1.263968e+03 2.663354e+03
2.583877e+03 1.051907e+02 7.280577e+01 1.266049e+03 2.667246e+03
2.588198e+03 1.051907e+02 7.285675e+01 1.268127e+03 2.671144e+03
2.592519e+03 1.051907e+02 7.290760e+01 1.270202e+03 2.675049e+03
2.596839e+03 1.051907e+02 7.295833e+01 1.272276e+03 2.678961e+03
2.601160e+03 1.051907e+02 7.300893e+01 1.274346e+03 2.682879e+03
2.605481e+03 1.051907e+02 7.305940e+01 1.276414e+03 2.686803e+03
2.609802e+03 1.051907e+02 7.310975e+01 1.278480e+03 2.690734e+03
2.614123e+03 1.051907e+02 7.315998e+01 1.280543e+03 2.694671e+03
2.618444e+03 1.051907e+02 7.321007e+01 1.282604e+03 2.698614e+03
2.622765e+03 1.051907e+02 7.326005e+01 1.284662e+03 2.702564e+03
2.627085e+03 1.051907e+02 7.330990e+01 1.286717e+03 2.706520e+03
2.631406e+03 1.051907e+02 7.335962e+01 1.288770e+03 2.710483e+03
2.635727e+03 1.051907e+02 7.340922e+01 1.290821e+03 2.714452e+03
2.640048e+03 1.051907e+02 7.345870e+01 1.292869e+03 2.718427e+03
2.644369e+03 1.051907e+02 7.350805e+01 1.294914e+03 2.722408e+03
2.648690e+03 1.051907e+02 7.355728e+01 1.296957e+03 2.726396e+03
2.653011e+03 1.051907e+02 7.360638e+01 1.298997e+03 2.730391e+03
2.657331e+03 1.051907e+02 7.365537e+01 1.301035e+03 2.734391e+03
2.661652e+03 1.051907e+02 7.370423e+01 1.303070e+03 2.738398e+03
2.665973e+03 1.051907e+02 7.375297e+01 1.305103e+03 2.742411e+03
2.670294e+03 1.051907e+02 7.380159e+01 1.307133e+03 2.746431e+03
2.674615e+03 1.051907e+02 7.385009e+01 1.309160e+03 2.750456e+03
2.678936e+03 1.051907e+02 7.389846e+01 1.311185e+03 2.754488e+03
2.683257e+03 1.051907e+02 7.394672e+01 1.313208e+03 2.758527e+03
2.687578e+03 1.051907e+02 7.399486e+01 1.315228e+03 2.762571e+03
2.691898e+03 1.051907e+02 7.404287e+01 1.317245e+03 2.766622e+03
2.696219e+03 1.051907e+02 7.409077e+01 1.319260e+03 2.770679e+03
2.700540e+03 1.051907e+02 7.413854e+01 1.321272e+03 2.774742e+03
2.704861e+03 1.051907e+02 7.418620e+01 1.323281e+03 2.778811e+03
2.709182e+03 1.051907e+02 7.423374e+01 1.325288e+03 2.782887e+03
2.713503e+03 1.051907e+02 7.428116e+01 1.327293e+03 2.786969e+03
2.717824e+03 1.051907e+02 7.432846e+01 1.329295e+03 2.791056e+03
2.722144e+03 1.051907e+02 7.437564e+01 1.331294e+03 2.795151e+03
2.726465e+03 1.051907e+02 7.442271e+01 1.333291e+03 2.799251e+03
2.730786e+03 1.051907e+02 7.446966e+01 1.335285e+03 2.803357e+03
2.735107e+03 1.051907e+02 7.451649e+01 1.337277e+03 2.807470e+03
2.739428e+03 1.051907e+02 7.456320e+01 1.339266e+03 2.811588e+03
2.743749e+03 1.051907e+02 7.460980e+01 1.341252e+03 2.815713e+03
2.748070e+03 1.051907e+02 7.465628e+01 1.343236e+03 2.819844e+03
2.752390e+03 1.051907e+02 7.470265e+01 1.345217e+03 2.823981e+03
2.756711e+03 1.051907e+02 7.474890e+01 1.347196e+03 2.828124e+03
2.761032e+03 1.051907e+02 7.479503e+01 1.349172e+03 2.832273e+03
2.765353e+03 1.051907e+02 7.484105e+01 1.351145e+03 2.836429e+03
2.769674e+03 1.051907e+02 7.488695e+01 1.353116e+03 2.840590e+03
2.773995e+03 1.051907e+02 7.493274e+01 1.355085e+03 2.844757e+03
2.778316e+03 1.051907e+02 7.497842e+01 1.357050e+03 2.848931e+03
2.782637e+03 1.051907e+02 7.502398e+01 1.359014e+03 2.853110e+03
2.786957e+03 1.051907e+02 7.506943e+01 1.360974e+03 2.857296e+03
2.791278e+03 1.051907e+02 7.511477e+01 1.362932e+03 2.861488e+03
2.795599e+03 1.051907e+02 7.515999e+01 1.364887e+03 2.865685e+03
2.799920e+03 1.051907e+02 7.520510e+01 1.366840e+03 2.869889e+03
2.804241e+03 1.051907e+02 7.525009e+01 1.368790e+03 2.874098e+03
2.808562e+03 1.051907e+02 7.529498e+01 1.370738e+03 2.878314e+03
2.812883e+03 1.051907e+02 7.533975e+01 1.372683e+03 2.882535e+03
2.817203e+03 1.051907e+02 7.538441e+01 1.374625e+03 2.886763e+03
2.821524e+03 1.051907e+02 7.542896e+01 1.376565e+03 2.890996e+03
2.825845e+03 1.051907e+02 7.547340e+01 1.378502e+03 2.895235e+03
2.830166e+03 1.051907e+02 7.551773e+01 1.380437e+03 2.899481e+03
2.834487e+03 1.051907e+02 7.556194e+01 1.382369e+03 2.903732e+03
2.838808e+03 1.051907e+02 7.560605e+01 1.384298e+03 2.907989e+03
2.843129e+03 1.051907e+02 7.565005e+01 1.386225e+03 2.912252e+03
2.847449e+03 1.051907e+02 7.569393e+01 1.388149e+03 2.916521e+03
2.851770e+03 1.051907e+02 7.573771e+01 1.390070e+03 2.920796e+03
2.856091e+03 1.051907e+02 7.578138e+01 1.391989e+03 2.925077e+03
2.860412e+03 1.051907e+02 7.582494e+01 1.393905e+03 2.929363e+03
2.864733e+03 1.051907e+02 7.586839e+01 1.395819e+03 2.933656e+03
2.869054e+03 1.051907e+02 7.591173e+01 1.397730e+03 2.937954e+03
2.873375e+03 1.051907e+02 7.595496e+01 1.399639e+03 2.942258e+03
2.877696e+03 1.051907e+02 7.599809e+01 1.401544e+03 2.946568e+03
2.882016e+03 1.051907e+02 7.604111e+01 1.403448e+03 2.950884e+03
2.886337e+03 1.051907e+02 7.608402e+01 1.405348e+03 2.955206e+03
2.890658e+03 1.051907e+02 7.612682e+01 1.407246e+03 2.959533e+03
2.894979e+03 1.051907e+02 7.616952e+01 1.409141e+03 2.963866e+03
2.899300e+03 1.051907e+02 7.621211e+01 1.411034e+03 2.968205e+03
2.903621e+03 1.051907e+02 7.625460e+01 1.412924e+03 2.972550e+03
2.907942e+03 1.051907e+02 7.629698e+01 1.414812e+03 2.976901e+03
2.912262e+03 1.051907e+02 7.633925e+01 1.416697e+03 2.981257e+03
2.916583e+03 1.051907e+02 7.638142e+01 1.418579e+03 2.985619e+03
2.920904e+03 1.051907e+02 7.642348e+01 1.420459e+03 2.989987e+03
2.925225e+03 1.051907e+02 7.646544e+01 1.422336e+03 2.994361e+03
2.929546e+03 1.051907e+02 7.650729e+01 1.424210e+03 2.998740e+03
2.933867e+03 1.051907e+02 7.654904e+01 1.426082e+03 3.003125e+03
2.938188e+03 1.051907e+02 7.659068e+01 1.427951e+03 3.007516e+03
2.942509e+03 1.051907e+02 7.663222e+01 1.429818e+03 3.011912e+03
2.946829e+03 1.051907e+02 7.667366e+01 1.431682e+03 3.016314e+03
2.951150e+03 1.051907e+02 7.671499e+01 1.433543e+03 3.020722e+03
2.955471e+03 1.051907e+02 7.675622e+01 1.435402e+03 3.025135e+03
2.959792e+03 1.051907e+02 7.679735e+01 1.437258e+03 3.029554e+03
2.964113e+03 1.051907e+02 7.683838e+01 1.439111e+03 3.033979e+03
2.968434e+03 1.051907e+02 7.687930e+01 1.440962e+03 3.038409e+03
2.972755e+03 1.051907e+02 7.692012e+01 1.442810e+03 3.042845e+03
2.977075e+03 1.051907e+02 7.696084e+01 1.444656e+03 3.047287e+03
2.981396e+03 1.051907e+02 7.700146e+01 1.446499e+03 3.051734e+03
2.985717e+03 1.051907e+02 7.704197e+01 1.448339e+03 3.056187e+03
2.990038e+03 1.051907e+02 7.708239e+01 1.450177e+03 3.060645e+03
2.994359e+03 1.051907e+02 7.712270e+01 1.452012e+03 3.065109e+03
2.998680e+03 1.051907e+02 7.716291e+01 1.453845e+03 3.069578e+03
3.003001e+03 1.051907e+02 7.720303e+01 1.455674e+03 3.074053e+03
3.007321e+03 1.051907e+02 7.724304e+01 1.457502e+03 3.078534e+03
3.011642e+03 1.051907e+02 7.728295e+01 1.459326e+03 3.083020e+03
3.015963e+03 1.051907e+02 7.732277e+01 1.461148e+03 3.087512e+03
3.020284e+03 1.051907e+02 7.736248e+01 1.462968e+03 3.092009e+03
3.024605e+03 1.051907e+02 7.740210e+01 1.464784e+03 3.096512e+03
3.028926e+03 1.051907e+02 7.744161e+01 1.466599e+03 3.101020e+03
3.033247e+03 1.051907e+02 7.748103e+01 1.468410e+03 3.105534e+03
3.037568e+03 1.051907e+02 7.752035e+01 1.470219e+03 3.110053e+03
3.041888e+03 1.051907e+02 7.755957e+01 1.472025e+03 3.114578e+03
3.046209e+03 1.051907e+02 7.759870e+01 1.473829e+03 3.119108e+03
3.050530e+03 1.051907e+02 7.763772e+01 1.475630e+03 3.123644e+03
3.054851e+03 1.051907e+02 7.767665e+01 1.477428e+03 3.128185e+03
3.059172e+03 1.051907e+02 7.771548e+01 1.479224e+03 3.132731e+03
3.063493e+03 1.051907e+02 7.775422e+01 1.481017e+03 3.137283e+03
3.067814e+03 1.051907e+02 7.779286e+01 1.482808e+03 3.141841e+03
3.072134e+03 1.051907e+02 7.783140e+01 1.484596e+03 3.146403e+03
3.076455e+03 1.051907e+02 7.786984e+01 1.486381e+03 3.150972e+03
3.080776e+03 1.051907e+02 7.790819e+01 1.488164e+03 3.155545e+03
3.085097e+03 1.051907e+02 7.794645e+01 1.489944e+03 3.160124e+03
3.089418e+03 1.051907e+02 7.798461e+01 1.491721e+03 3.164708e+03
3.093739e+03 1.051907e+02 7.802267e+01 1.493496e+03 3.169298e+03
3.098060e+03 1.051907e+02 7.806064e+01 1.495268e+03 3.173893e+03
3.102380e+03 1.051907e+02 7.809851e+01 1.497038e+03 3.178493e+03
3.106701e+03 1.051907e+02 7.813629e+01 1.498805e+03 3.183099e+03
3.111022e+03 1.051907e+02 7.817398e+01 1.500569e+03 3.187710e+03
3.115343e+03 1.051907e+02 7.821157e+01 1.502331e+03 3.192327e+03
3.119664e+03 1.051907e+02 7.824907e+01 1.504090e+03 3.196948e+03
3.123985e+03 1.051907e+02 7.828647e+01 1.505847e+03 3.201575e+03
3.128306e+03 1.051907e+02 7.832378e+01 1.507601e+03 3.206208e+03
3.132627e+03 1.051907e+02 7.836100e+01 1.509352e+03 3.210845e+03
3.136947e+03 1.051907e+02 7.839812e+01 1.511101e+03 3.215488e+03
3.141268e+03 1.051907e+02 7.843515e+01 1.512847e+03 3.220136e+03
3.145589e+03 1.051907e+02 7.847209e+01 1.514591e+03 3.224789e+03
3.149910e+03 1.051907e+02 7.850894e+01 1.516332e+03 3.229448e+03
3.154231e+03 1.051907e+02 7.854570e+01 1.518070e+03 3.234112e+03
3.158552e+03 1.051907e+02 7.858236e+01 1.519805e+03 3.238781e+03
3.162873e+03 1.051907e+02 7.861893e+01 1.521539e+03 3.243455e+03
3.167193e+03 1.051907e+02 7.865542e+01 1.523269e+03 3.248135e+03
3.171514e+03 1.051907e+02 7.869181e+01 1.524997e+03 3.252819e+03
3.175835e+03 1.051907e+02 7.872811e+01 1.526722e+03 3.257509e+03
3.180156e+03 1.051907e+02 7.876431e+01 1.528445e+03 3.262204e+03
3.184477e+03 1.051907e+02 7.880043e+01 1.530165e+03 3.266904e+03
3.188798e+03 1.051907e+02 7.883646e+01 1.531882e+03 3.271610e+03
3.193119e+03 1.051907e+02 7.887240e+01 1.533597e+03 3.276320e+03
3.197439e+03 1.051907e+02 7.890825e+01 1.535309e+03 3.281036e+03
3.201760e+03 1.051907e+02 7.894401e+01 1.537019e+03 3.285757e+03
3.206081e+03 1.051907e+02 7.897968e+01 1.538726e+03 3.290482e+03
3.210402e+03 1.051907e+02 7.901526e+01 1.540431e+03 3.295213e+03
3.214723e+03 1.051907e+02 7.905075e+01 1.542133e+03 3.299950e+03
3.219044e+03 1.051907e+02 7.908616e+01 1.543832e+03 3.304691e+03
3.223365e+03 1.051907e+02 7.912147e+01 1.545529e+03 3.309437e+03
3.227686e+03 1.051907e+02 7.915670e+01 1.547223e+03 3.314188e+03
3.232006e+03 1.051907e+02 7.919184e+01 1.548914e+03 3.318945e+03
3.236327e+03 1.051907e+02 7.922689e+01 1.550603e+03 3.323706e+03
3.240648e+03 1.051907e+02 7.926186e+01 1.552289e+03 3.328473e+03
3.244969e+03 1.051907e+02 7.929674e+01 1.553973e+03 3.333244e+03
3.249290e+03 1.051907e+02 7.933153e+01 1.555654e+03 3.338021e+03
3.253611e+03 1.051907e+02 7.936623e+01 1.557333e+03 3.342803e+03
3.257932e+03 1.051907e+02 7.940085e+01 1.559009e+03 3.347589e+03
3.262252e+03 1.051907e+02 7.943538e+01 1.560682e+03 3.352381e+03
3.266573e+03 1.051907e+02 7.946982e+01 1.562353e+03 3.357178e+03
3.270894e+03 1.051907e+02 7.950418e+01 1.564021e+03 3.361979e+03
3.275215e+03 1.051907e+02 7.953846e+01 1.565687e+03 3.366786e+03
3.279536e+03 1.051907e+02 7.957264e+01 1.567350e+03 3.371597e+03
3.283857e+03 1.051907e+02 7.960675e+01 1.569010e+03 3.376414e+03
3.288178e+03 1.051907e+02 7.964076e+01 1.570668e+03 3.381235e+03
3.292498e+03 1.051907e+02 7.967470e+01 1.572324e+03 3.386062e+03
3.296819e+03 1.051907e+02 7.970854e+01 1.573976e+03 3.390893e+03
3.301140e+03 1.051907e+02 7.974231e+01 1.575627e+03 3.395729e+03
3.305461e+03 1.051907e+02 7.977599e+01 1.577274e+03 3.400571e+03
3.309782e+03 1.051907e+02 7.980958e+01 1.578919e+03 3.405417e+03
3.314103e+03 1.051907e+02 7.984309e+01 1.580562e+03 3.410268e+03
3.318424e+03 1.051907e+02 7.987652e+01 1.582202e+03 3.415124e+03
3.322745e+03 1.051907e+02 7.990987e+01 1.583839e+03 3.419984e+03
3.327065e+03 1.051907e+02 7.994313e+01 1.585474e+03 3.424850e+03
3.331386e+03 1.051907e+02 7.997631e+01 1.587106e+03 3.429720e+03
3.335707e+03 1.051907e+02 8.000940e+01 1.588736e+03 3.434596e+03
3.340028e+03 1.051907e+02 8.004242e+01 1.590363e+03 3.439476e+03
3.344349e+03 1.051907e+02 8.007535e+01 1.591987e+03 3.444361e+03
3.348670e+03 1.051907e+02 8.010819e+01 1.593609e+03 3.449251e+03
3.352991e+03 1.051907e+02 8.014096e+01 1.595229e+03 3.454145e+03
3.357311e+03 1.051907e+02 8.017365e+01 1.596845e+03 3.459044e+03
3.361632e+03 1.051907e+02 8.020625e+01 1.598460e+03 3.463949e+03
3.365953e+03 1.051907e+02 8.023877e+01 1.600071e+03 3.468858e+03
3.370274e+03 1.051907e+02 8.027121e+01 1.601681e+03 3.473771e+03
3.374595e+03 1.051907e+02 8.030357e+01 1.603287e+03 3.478690e+03
3.378916e+03 1.051907e+02 8.033585e+01 1.604891e+03 3.483613e+03
3.383237e+03 1.051907e+02 8.036805e+01 1.606493e+03 3.488541e+03
3.387558e+03 1.051907e+02 8.040017e+01 1.608092e+03 3.493474e+03
3.391878e+03 1.051907e+02 8.043221e+01 1.609688e+03 3.498411e+03
3.396199e+03 1.051907e+02 8.046417e+01 1.611282e+03 3.503354e+03
3.400520e+03 1.051907e+02 8.049604e+01 1.612874e+03 3.508301e+03
3.404841e+03 1.051907e+02 8.052784e+01 1.614463e+03 3.513252e+03
3.409162e+03 1.051907e+02 8.055956e+01 1.616049e+03 3.518208e+03
3.413483e+03 1.051907e+02 8.059120e+01 1.617633e+03 3.523169e+03
3.417804e+03 1.051907e+02 8.062277e+01 1.619214e+03 3.528135e+03
3.422124e+03 1.051907e+02 8.065425e+01 1.620793e+03 3.533105e+03
3.426445e+03 1.051907e+02 8.068565e+01 1.622369e+03 3.538080e+03
3.430766e+03 1.051907e+02 8.071698e+01 1.623942e+03 3.543060e+03
3.435087e+03 1.051907e+02 8.074823e+01 1.625514e+03 3.548044e+03
3.439408e+03 1.051907e+02 8.077940e+01 1.627082e+03 3.553033e+03
3.443729e+03 1.051907e+02 8.081049e+01 1.628648e+03 3.558027e+03
3.448050e+03 1.051907e+02 8.084150e+01 1.630212e+03 3.563025e+03
3.452370e+03 1.051907e+02 8.087244e+01 1.631773e+03 3.568028e+03
3.456691e+03 1.051907e+02 8.090330e+01 1.633331e+03 3.573035e+03
3.461012e+03 1.051907e+02 8.093409e+01 1.634887e+03 3.578047e+03
3.465333e+03 1.051907e+02 8.096479e+01 1.636441e+03 3.583064e+03
3.469654e+03 1.051907e+02 8.099542e+01 1.637992e+03 3.588085e+03
3.473975e+03 1.051907e+02 8.102598e+01 1.639540e+03 3.593110e+03
3.478296e+03 1.051907e+02 8.105645e+01 1.641086e+03 3.598140e+03
3.482617e+03 1.051907e+02 8.108685e+01 1.642629e+03 3.603175e+03
3.486937e+03 1.051907e+02 8.111718e+01 1.644170e+03 3.608214e+03
3.491258e+03 1.051907e+02 8.114743e+01 1.645709e+03 3.613258e+03
3.495579e+03 1.051907e+02 8.117760e+01 1.647245e+03 3.618306e+03
3.499900e+03 1.051907e+02 8.120770e+01 1.648778e+03 3.623359e+03
3.504221e+03 1.051907e+02 8.123773e+01 1.650309e+03 3.628417e+03
3.508542e+03 1.051907e+02 8.126768e+01 1.651837e+03 3.633478e+03
3.512863e+03 1.051907e+02 8.129755e+01 1.653363e+03 3.638545e+03
3.517183e+03 1.051907e+02 8.132735e+01 1.654887e+03 3.643615e+03
3.521504e+03 1.051907e+02 8.135708e+01 1.656408e+03 3.648691e+03
3.525825e+03 1.051907e+02 8.138673e+01 1.657926e+03 3.653770e+03
3.530146e+03 1.051907e+02 8.141631e+01 1.659442e+03 3.658854e+03
3.534467e+03 1.051907e+02 8.144581e+01 1.660956e+03 3.663943e+03
3.538788e+03 1.051907e+02 8.147524e+01 1.662467e+03 3.669036e+03
3.543109e+03 1.051907e+02 8.150460e+01 1.663975e+03 3.674133e+03
3.547429e+03 1.051907e+02 8.153388e+01 1.665481e+03 3.679235e+03
3.551750e+03 1.051907e+02 8.156309e+01 1.666985e+03 3.684341e+03
3.556071e+03 1.051907e+02 8.159223e+01 1.668486e+03 3.689452e+03
3.560392e+03 1.051907e+02 8.162129e+01 1.669984e+03 3.694567e+03
3.564713e+03 1.051907e+02 8.165029e+01 1.671480e+03 3.699686e+03
3.569034e+03 1.051907e+02 8.167921e+01 1.672974e+03 3.704810e+03
3.573355e+03 1.051907e+02 8.170805e+01 1.674465e+03 3.709938e+03
3.577676e+03 1.051907e+02 8.173683e+01 1.675954e+03 3.715070e+03
3.581996e+03 1.051907e+02 8.176553e+01 1.677440e+03 3.720207e+03
3.586317e+03 1.051907e+02 8.179417e+01 1.678924e+03 3.725348e+03
3.590638e+03 1.051907e+02 8.182273e+01 1.680405e+03 3.730493e+03
3.594959e+03 1.051907e+02 8.185122e+01 1.681884e+03 3.735643e+03
3.599280e+03 1.051907e+02 8.187964e+01 1.683360e+03 3.740797e+03
3.603601e+03 1.051907e+02 8.190798e+01 1.684834e+03 3.745955e+03
3.607922e+03 1.051907e+02 8.193626e+01 1.686306e+03 3.751118e+03
3.612242e+03 1.051907e+02 8.196447e+01 1.687775e+03 3.756285e+03
3.616563e+03 1.051907e+02 8.199261e+01 1.689241e+03 3.761456e+03
3.620884e+03 1.051907e+02 8.202067e+01 1.690706e+03 3.766631e+03
3.625205e+03 1.051907e+02 8.204867e+01 1.692167e+03 3.771811e+03
3.629526e+03 1.051907e+02 8.207659e+01 1.693627e+03 3.776995e+03
3.633847e+03 1.051907e+02 8.210445e+01 1.695083e+03 3.782183e+03
3.638168e+03 1.051907e+02 8.213224e+01 1.696538e+03 3.787375e+03
3.642488e+03 1.051907e+02 8.215996e+01 1.697990e+03 3.792572e+03
3.646809e+03 1.051907e+02 8.218760e+01 1.699439e+03 3.797773e+03
3.651130e+03 1.051907e+02 8.221518e+01 1.700886e+03 3.802978e+03
3.655451e+03 1.051907e+02 8.224270e+01 1.702331e+03 3.808187e+03
3.659772e+03 1.051907e+02 8.227014e+01 1.703773e+03 3.813400e+03
3.664093e+03 1.051907e+02 8.229751e+01 1.705213e+03 3.818618e+03
3.668414e+03 1.051907e+02 8.232482e+01 1.706650e+03 3.823839e+03
3.672735e+03 1.051907e+02 8.235206e+01 1.708085e+03 3.829065e+03
3.677055e+03 1.051907e+02 8.237922e+01 1.709518e+03 3.834295e+03
3.681376e+03 1.051907e+02 8.240633e+01 1.710948e+03 3.839529e+03
3.685697e+03 1.051907e+02 8.243336e+01 1.712375e+03 3.844768e+03
3.690018e+03 1.051907e+02 8.246033e+01 1.713801e+03 3.850010e+03
3.694339e+03 1.051907e+02 8.248723e+01 1.715224e+03 3.855257e+03
3.698660e+03 1.051907e+02 8.251406e+01 1.716644e+03 3.860507e+03
3.702981e+03 1.051907e+02 8.254083e+01 1.718062e+03 3.865762e+03
3.707301e+03 1.051907e+02 8.256752e+01 1.719478e+03 3.871021e+03
3.711622e+03 1.051907e+02 8.259416e+01 1.720891e+03 3.876284e+03
3.715943e+03 1.051907e+02 8.262072e+01 1.722302e+03 3.881551e+03
3.720264e+03 1.051907e+02 8.264722e+01 1.723710e+03 3.886822e+03
3.724585e+03 1.051907e+02 8.267366e+01 1.725116e+03 3.892097e+03
3.728906e+03 1.051907e+02 8.270002e+01 1.726520e+03 3.897376e+03
3.733227e+03 1.051907e+02 8.272632e+01 1.727921e+03 3.902659e+03
3.737548e+03 1.051907e+02 8.275256e+01 1.729320e+03 3.907946e+03
3.741868e+03 1.051907e+02 8.277873e+01 1.730717e+03 3.913237e+03
3.746189e+03 1.051907e+02 8.280484e+01 1.732111e+03 3.918533e+03
3.750510e+03 1.051907e+02 8.283088e+01 1.733502e+03 3.923832e+03
3.754831e+03 1.051907e+02 8.285685e+01 1.734892e+03 3.929135e+03
3.759152e+03 1.051907e+02 8.288276e+01 1.736279e+03 3.934442e+03
3.763473e+03 1.051907e+02 8.290861e+01 1.737663e+03 3.939753e+03
3.767794e+03 1.051907e+02 8.293439e+01 1.739046e+03 3.945069e+03
3.772114e+03 1.051907e+02 8.296011e+01 1.740426e+03 3.950388e+03
3.776435e+03 1.051907e+02 8.298576e+01 1.741803e+03 3.955711e+03
3.780756e+03 1.051907e+02 8.301135e+01 1.743178e+03 3.961038e+03
3.785077e+03 1.051907e+02 8.303687e+01 1.744551e+03 3.966369e+03
3.789398e+03 1.051907e+02 8.306234e+01 1.745921e+03 3.971704e+03
3.793719e+03 1.051907e+02 8.308773e+01 1.747289e+03 3.977043e+03
3.798040e+03 1.051907e+02 8.311307e+01 1.748655e+03 3.982385e+03
3.802360e+03 1.051907e+02 8.313834e+01 1.750018e+03 3.987732e+03
3.806681e+03 1.051907e+02 8.316355e+01 1.751379e+03 3.993082e+03
3.811002e+03 1.051907e+02 8.318869e+01 1.752738e+03 3.998437e+03
3.815323e+03 1.051907e+02 8.321378e+01 1.754094e+03 4.003795e+03
3.819644e+03 1.051907e+02 8.323880e+01 1.755448e+03 4.009157e+03
3.823965e+03 1.051907e+02 8.326375e+01 1.756800e+03 4.014523e+03
3.828286e+03 1.051907e+02 8.328865e+01 1.758149e+03 4.019893e+03
3.832607e+03 1.051907e+02 8.331348e+01 1.759496e+03 4.025267e+03
3.836927e+03 1.051907e+02 8.333825e+01 1.760841e+03 4.030645e+03
3.841248e+03 1.051907e+02 8.336296e+01 1.762183e+03 4.036026e+03
3.845569e+03 1.051907e+02 8.338761e+01 1.763523e+03 4.041411e+03
3.849890e+03 1.051907e+02 8.341220e+01 1.764861e+03 4.046800e+03
3.854211e+03 1.051907e+02 8.343672e+01 1.766196e+03 4.052193e+03
3.858532e+03 1.051907e+02 8.346119e+01 1.767529e+03 4.057590e+03
3.862853e+03 1.051907e+02 8.348559e+01 1.768859e+03 4.062990e+03
3.867173e+03 1.051907e+02 8.350993e+01 1.770188e+03 4.068394e+03
3.871494e+03 1.051907e+02 8.353422e+01 1.771514e+03 4.073802e+03
3.875815e+03 1.051907e+02 8.355844e+01 1.772837e+03 4.079214e+03
3.880136e+03 1.051907e+02 8.358260e+01 1.774159e+03 4.084630e+03
3.884457e+03 1.051907e+02 8.360670e+01 1.775478e+03 4.090049e+03
3.888778e+03 1.051907e+02 8.363074e+01 1.776795e+03 4.095472e+03
3.893099e+03 1.051907e+02 8.365472e+01 1.778109e+03 4.100899e+03
3.897419e+03 1.051907e+02 8.367864e+01 1.779421e+03 4.106329e+03
3.901740e+03 1.051907e+02 8.370250e+01 1.780731e+03 4.111763e+03
3.906061e+03 1.051907e+02 8.372630e+01 1.782039e+03 4.117201e+03
3.910382e+03 1.051907e+02 8.375004e+01 1.783344e+03 4.122643e+03
3.914703e+03 1.051907e+02 8.377372e+01 1.784647e+03 4.128088e+03
3.919024e+03 1.051907e+02 8.379735e+01 1.785948e+03 4.133537e+03
3.923345e+03 1.051907e+02 8.382091e+01 1.787246e+03 4.138990e+03
3.927666e+03 1.051907e+02 8.384442e+01 1.788542e+03 4.144446e+03
3.931986e+03 1.051907e+02 8.386787e+01 1.789836e+03 4.149906e+03
3.936307e+03 1.051907e+02 8.389125e+01 1.791128e+03 4.155370e+03
3.940628e+03 1.051907e+02 8.391458e+01 1.792417e+03 4.160837e+03
3.944949e+03 1.051907e+02 8.393786e+01 1.793704e+03 4.166308e+03
3.949270e+03 1.051907e+02 8.396107e+01 1.794989e+03 4.171782e+03
3.953591e+03 1.051907e+02 8.398423e+01 1.796272e+03 4.177260e+03
3.957912e+03 1.051907e+02 8.400733e+01 1.797552e+03 4.182742e+03
3.962232e+03 1.051907e+02 8.403037e+01 1.798830e+03 4.188228e+03
3.966553e+03 1.051907e+02 8.405335e+01 1.800105e+03 4.193717e+03
3.970874e+03 1.051907e+02 8.407628e+01 1.801379e+03 4.199209e+03
3.975195e+03 1.051907e+02 8.409914e+01 1.802650e+03 4.204705e+03
3.979516e+03 1.051907e+02 8.412196e+01 1.803919e+03 4.210205e+03
3.983837e+03 1.051907e+02 8.414471e+01 1.805186e+03 4.215708e+03
3.988158e+03 1.051907e+02 8.416741e+01 1.806450e+03 4.221215e+03
3.992478e+03 1.051907e+02 8.419005e+01 1.807713e+03 4.226725e+03
3.996799e+03 1.051907e+02 8.421264e+01 1.808972e+03 4.232239e+03
4.001120e+03 1.051907e+02 8.423516e+01 1.810230e+03 4.237757e+03
4.005441e+03 1.051907e+02 8.425764e+01 1.811486e+03 4.243278e+03
4.009762e+03 1.051907e+02 8.428005e+01 1.812739e+03 4.248802e+03
4.014083e+03 1.051907e+02 8.430241e+01 1.813990e+03 4.254330e+03
4.018404e+03 1.051907e+02 8.432472e+01 1.815239e+03 4.259862e+03
4.022725e+03 1.051907e+02 8.434697e+01 1.816485e+03 4.265397e+03
4.027045e+03 1.051907e+02 8.436916e+01 1.817730e+03 4.270935e+03
4.031366e+03 1.051907e+02 8.439130e+01 1.818972e+03 4.276477e+03
4.035687e+03 1.051907e+02 8.441338e+01 1.820212e+03 4.282023e+03
4.040008e+03 1.051907e+02 8.443541e+01 1.821450e+03 4.287571e+03
4.044329e+03 1.051907e+02 8.445738e+01 1.822685e+03 4.293124e+03
4.048650e+03 1.051907e+02 8.447930e+01 1.823918e+03 4.298680e+03
4.052971e+03 1.051907e+02 8.450117e+01 1.825149e+03 4.304239e+03
4.057291e+03 1.051907e+02 8.452298e+01 1.826378e+03 4.309801e+03
4.061612e+03 1.051907e+02 8.454473e+01 1.827605e+03 4.315368e+03
4.065933e+03 1.051907e+02 8.456643e+01 1.828829e+03 4.320937e+03
4.070254e+03 1.051907e+02 8.458808e+01 1.830052e+03 4.326510e+03
4.074575e+03 1.051907e+02 8.460967e+01 1.831272e+03 4.332086e+03
4.078896e+03 1.051907e+02 8.463121e+01 1.832490e+03 4.337666e+03
4.083217e+03 1.051907e+02 8.465269e+01 1.833705e+03 4.343249e+03
4.087538e+03 1.051907e+02 8.467412e+01 1.834919e+03 4.348835e+03
4.091858e+03 1.051907e+02 8.469550e+01 1.836130e+03 4.354425e+03
4.096179e+03 1.051907e+02 8.471682e+01 1.837339e+03 4.360019e+03
4.100500e+03 1.051907e+02 8.473810e+01 1.838546e+03 4.365615e+03
4.104821e+03 1.051907e+02 8.475931e+01 1.839751e+03 4.371215e+03
4.109142e+03 1.051907e+02 8.478048e+01 1.840954e+03 4.376818e+03
4.113463e+03 1.051907e+02 8.480159e+01 1.842154e+03 4.382425e+03
4.117784e+03 1.051907e+02 8.482265e+01 1.843352e+03 4.388035e+03
4.122104e+03 1.051907e+02 8.484366e+01 1.844548e+03 4.393648e+03
4.126425e+03 1.051907e+02 8.486461e+01 1.845742e+03 4.399264e+03
4.130746e+03 1.051907e+02 8.488552e+01 1.846934e+03 4.404884e+03
4.135067e+03 1.051907e+02 8.490637e+01 1.848124e+03 4.410507e+03
4.139388e+03 1.051907e+02 8.492716e+01 1.849311e+03 4.416134e+03
4.143709e+03 1.051907e+02 8.494791e+01 1.850497e+03 4.421763e+03
4.148030e+03 1.051907e+02 8.496860e+01 1.851680e+03 4.427396e+03
4.152350e+03 1.051907e+02 8.498925e+01 1.852861e+03 4.433033e+03
4.156671e+03 1.051907e+02 8.500984e+01 1.854040e+03 4.438672e+03
4.160992e+03 1.051907e+02 8.503038e+01 1.855216e+03 4.444315e+03
4.165313e+03 1.051907e+02 8.505087e+01 1.856391e+03 4.449961e+03
4.169634e+03 1.051907e+02 8.507131e+01 1.857563e+03 4.455610e+03
4.173955e+03 1.051907e+02 8.509169e+01 1.858734e+03 4.461262e+03
4.178276e+03 1.051907e+02 8.511203e+01 1.859902e+03 4.466918e+03
4.182597e+03 1.051907e+02 8.513232e+01 1.861068e+03 4.472577e+03
4.186917e+03 1.051907e+02 8.515255e+01 1.862232e+03 4.478239e+03
4.191238e+03 1.051907e+02 8.517273e+01 1.863394e+03 4.483904e+03
4.195559e+03 1.051907e+02 8.519287e+01 1.864554e+03 4.489572e+03
4.199880e+03 1.051907e+02 8.521295e+01 1.865711e+03 4.495244e+03
4.204201e+03 1.051907e+02 8.523299e+01 1.866867e+03 4.500919e+03
4.208522e+03 1.051907e+02 8.525297e+01 1.868020e+03 4.506597e+03
4.212843e+03 1.051907e+02 8.527290e+01 1.869171e+03 4.512278e+03
4.217163e+03 1.051907e+02 8.529279e+01 1.870320e+03 4.517962e+03
4.221484e+03 1.051907e+02 8.531262e+01 1.871467e+03 4.523650e+03
4.225805e+03 1.051907e+02 8.533241e+01 1.872612e+03 4.529340e+03
4.230126e+03 1.051907e+02 8.535214e+01 1.873755e+03 4.535034e+03
4.234447e+03 1.051907e+02 8.537183e+01 1.874896e+03 4.540731e+03
4.238768e+03 1.051907e+02 8.539147e+01 1.876035e+03 4.546431e+03
4.243089e+03 1.051907e+02 8.541105e+01 1.877171e+03 4.552134e+03
4.247409e+03 1.051907e+02 8.543059e+01 1.878306e+03 4.557840e+03
4.251730e+03 1.051907e+02 8.545008e+01 1.879438e+03 4.563549e+03
4.256051e+03 1.051907e+02 8.546953e+01 1.880568e+03 4.569261e+03
4.260372e+03 1.051907e+02 8.548892e+01 1.881697e+03 4.574977e+03
4.264693e+03 1.051907e+02 8.550826e+01 1.882823e+03 4.580695e+03
4.269014e+03 1.051907e+02 8.552756e+01 1.883947e+03 4.586417e+03
4.273335e+03 1.051907e+02 8.554681e+01 1.885069e+03 4.592141e+03
4.277656e+03 1.051907e+02 8.556601e+01 1.886189e+03 4.597869e+03
4.281976e+03 1.051907e+02 8.558516e+01 1.887307e+03 4.603599e+03
4.286297e+03 1.051907e+02 8.560427e+01 1.888422e+03 4.609333e+03
4.290618e+03 1.051907e+02 8.562333e+01 1.889536e+03 4.615070e+03
4.294939e+03 1.051907e+02 8.564234e+01 1.890648e+03 4.620809e+03
4.299260e+03 1.051907e+02 8.566130e+01 1.891758e+03 4.626552e+03
4.303581e+03 1.051907e+02 8.568021e+01 1.892865e+03 4.632298e+03
4.307902e+03 1.051907e+02 8.569908e+01 1.893971e+03 4.638047e+03
4.312222e+03 1.051907e+02 8.571790e+01 1.895074e+03 4.643799e+03
4.316543e+03 1.051907e+02 8.573668e+01 1.896176e+03 4.649553e+03
4.320864e+03 1.051907e+02 8.575541e+01 1.897275e+03 4.655311e+03
4.325185e+03 1.051907e+02 8.577409e+01 1.898372e+03 4.661072e+03
4.329506e+03 1.051907e+02 8.579272e+01 1.899468e+03 4.666835e+03
4.333827e+03 1.051907e+02 8.581131e+01 1.900561e+03 4.672602e+03
4.338148e+03 1.051907e+02 8.582985e+01 1.901652e+03 4.678371e+03
4.342468e+03 1.051907e+02 8.584834e+01 1.902742e+03 4.684144e+03
4.346789e+03 1.051907e+02 8.586679e+01 1.903829e+03 4.689919e+03
4.351110e+03 1.051907e+02 8.588519e+01 1.904914e+03 4.695698e+03
4.355431e+03 1.051907e+02 8.590355e+01 1.905997e+03 4.701479e+03
4.359752e+03 1.051907e+02 8.592186e+01 1.907078e+03 4.707263e+03
4.364073e+03 1.051907e+02 8.594013e+01 1.908157e+03 4.713050e+03
4.368394e+03 1.051907e+02 8.595835e+01 1.909235e+03 4.718840e+03
4.372715e+03 1.051907e+02 8.597652e+01 1.910310e+03 4.724633e+03
4.377035e+03 1.051907e+02 8.599465e+01 1.911383e+03 4.730429e+03
4.381356e+03 1.051907e+02 8.601273e+01 1.912454e+03 4.736228e+03
4.385677e+03 1.051907e+02 8.603077e+01 1.913523e+03 4.742029e+03
4.389998e+03 1.051907e+02 8.604877e+01 1.914590e+03 4.747833e+03
4.394319e+03 1.051907e+02 8.606672e+01 1.915655e+03 4.753641e+03
4.398640e+03 1.051907e+02 8.608462e+01 1.916719e+03 4.759451e+03
4.402961e+03 1.051907e+02 8.610248e+01 1.917780e+03 4.765264e+03
4.407281e+03 1.051907e+02 8.612029e+01 1.918839e+03 4.771079e+03
4.411602e+03 1.051907e+02 8.613806e+01 1.919896e+03 4.776898e+03
4.415923e+03 1.051907e+02 8.615579e+01 1.920951e+03 4.782719e+03
4.420244e+03 1.051907e+02 8.617347e+01 1.922005e+03 4.788544e+03
4.424565e+03 1.051907e+02 8.619111e+01 1.923056e+03 4.794371e+03
4.428886e+03 1.051907e+02 8.620870e+01 1.924105e+03 4.800201e+03
4.433207e+03 1.051907e+02 8.622625e+01 1.925152e+03 4.806033e+03
4.437528e+03 1.051907e+02 8.624376e+01 1.926198e+03 4.811869e+03
4.441848e+03 1.051907e+02 8.626122e+01 1.927241e+03 4.817707e+03
4.446169e+03 1.051907e+02 8.627864e+01 1.928283e+03 4.823548e+03
4.450490e+03 1.051907e+02 8.629602e+01 1.929322e+03 4.829392e+03
4.454811e+03 1.051907e+02 8.631335e+01 1.930359e+03 4.835238e+03
4.459132e+03 1.051907e+02 8.633064e+01 1.931395e+03 4.841087e+03
4.463453e+03 1.051907e+02 8.634788e+01 1.932429e+03 4.846939e+03
4.467774e+03 1.051907e+02 8.636509e+01 1.933460e+03 4.852794e+03
4.472094e+03 1.051907e+02 8.638225e+01 1.934490e+03 4.858652e+03
4.476415e+03 1.051907e+02 8.639936e+01 1.935518e+03 4.864512e+03
4.480736e+03 1.051907e+02 8.641644e+01 1.936544e+03 4.870375e+03
4.485057e+03 1.051907e+02 8.643347e+01 1.937568e+03 4.876240e+03
4.489378e+03 1.051907e+02 8.645046e+01 1.938590e+03 4.882109e+03
4.493699e+03 1.051907e+02 8.646740e+01 1.939610e+03 4.887980e+03
4.498020e+03 1.051907e+02 8.648431e+01 1.940628e+03 4.893854e+03
4.502340e+03 1.051907e+02 8.650117e+01 1.941644e+03 4.899730e+03
4.506661e+03 1.051907e+02 8.651799e+01 1.942658e+03 4.905609e+03
4.510982e+03 1.051907e+02 8.653477e+01 1.943670e+03 4.911491e+03
4.515303e+03 1.051907e+02 8.655151e+01 1.944681e+03 4.917375e+03
4.519624e+03 1.051907e+02 8.656820e+01 1.945689e+03 4.923262e+03
4.523945e+03 1.051907e+02 8.658485e+01 1.946696e+03 4.929152e+03
4.528266e+03 1.051907e+02 8.660147e+01 1.947701e+03 4.935045e+03
4.532587e+03 1.051907e+02 8.661804e+01 1.948703e+03 4.940940e+03
4.536907e+03 1.051907e+02 8.663456e+01 1.949704e+03 4.946837e+03
4.541228e+03 1.051907e+02 8.665105e+01 1.950703e+03 4.952738e+03
4.545549e+03 1.051907e+02 8.666750e+01 1.951700e+03 4.958641e+03
4.549870e+03 1.051907e+02 8.668390e+01 1.952696e+03 4.964546e+03
4.554191e+03 1.051907e+02 8.670027e+01 1.953689e+03 4.970454e+03
4.558512e+03 1.051907e+02 8.671659e+01 1.954680e+03 4.976365e+03
4.562833e+03 1.051907e+02 8.673288e+01 1.955670e+03 4.982278e+03
4.567153e+03 1.051907e+02 8.674912e+01 1.956657e+03 4.988194e+03
4.571474e+03 1.051907e+02 8.676532e+01 1.957643e+03 4.994113e+03
4.575795e+03 1.051907e+02 8.678148e+01 1.958627e+03 5.000034e+03
4.580116e+03 1.051907e+02 8.679760e+01 1.959609e+03 5.005957e+03
4.584437e+03 1.051907e+02 8.681368e+01 1.960589e+03 5.011884e+03
4.588758e+03 1.051907e+02 8.682972e+01 1.961567e+03 5.017812e+03
4.593079e+03 1.051907e+02 8.684572e+01 1.962544e+03 5.023744e+03
4.597399e+03 1.051907e+02 8.686169e+01 1.963518e+03 5.029678e+03
4.601720e+03 1.051907e+02 8.687761e+01 1.964491e+03 5.035614e+03
4.606041e+03 1.051907e+02 8.689349e+01 1.965462e+03 5.041553e+03
4.610362e+03 1.051907e+02 8.690933e+01 1.966431e+03 5.047494e+03
4.614683e+03 1.051907e+02 8.692513e+01 1.967398e+03 5.053438e+03
4.619004e+03 1.051907e+02 8.694090e+01 1.968363e+03 5.059385e+03
4.623325e+03 1.051907e+02 8.695662e+01 1.969327e+03 5.065334e+03
4.627646e+03 1.051907e+02 8.697230e+01 1.970288e+03 5.071285e+03
4.631966e+03 1.051907e+02 8.698795e+01 1.971248e+03 5.077239e+03
4.636287e+03 1.051907e+02 8.700355e+01 1.972206e+03 5.083195e+03
4.640608e+03 1.051907e+02 8.701912e+01 1.973162e+03 5.089154e+03
4.644929e+03 1.051907e+02 8.703465e+01 1.974116e+03 5.095116e+03
4.649250e+03 1.051907e+02 8.705014e+01 1.975068e+03 5.101079e+03
4.653571e+03 1.051907e+02 8.706559e+01 1.976019e+03 5.107046e+03
4.657892e+03 1.051907e+02 8.708100e+01 1.976968e+03 5.113014e+03
4.662212e+03 1.051907e+02 8.709638e+01 1.977914e+03 5.118986e+03
4.666533e+03 1.051907e+02 8.711171e+01 1.978860e+03 5.124959e+03
4.670854e+03 1.051907e+02 8.712701e+01 1.979803e+03 5.130935e+03
4.675175e+03 1.051907e+02 8.714227e+01 1.980744e+03 5.136914e+03
4.679496e+03 1.051907e+02 8.715749e+01 1.981684e+03 5.142895e+03
4.683817e+03 1.051907e+02 8.717267e+01 1.982622e+03 5.148878e+03
4.688138e+03 1.051907e+02 8.718782e+01 1.983558e+03 5.154864e+03
4.692458e+03 1.051907e+02 8.720293e+01 1.984492e+03 5.160852e+03
4.696779e+03 1.051907e+02 8.721800e+01 1.985424e+03 5.166842e+03
4.701100e+03 1.051907e+02 8.723303e+01 1.986355e+03 5.172835e+03
4.705421e+03 1.051907e+02 8.724802e+01 1.987284e+03 5.178830e+03
4.709742e+03 1.051907e+02 8.726298e+01 1.988211e+03 5.184828e+03
4.714063e+03 1.051907e+02 8.727790e+01 1.989136e+03 5.190828e+03
4.718384e+03 1.051907e+02 8.729278e+01 1.990059e+03 5.196830e+03
4.722705e+03 1.051907e+02 8.730763e+01 1.990981e+03 5.202835e+03
4.727025e+03 1.051907e+02 8.732244e+01 1.991901e+03 5.208842e+03
4.731346e+03 1.051907e+02 8.733721e+01 1.992819e+03 5.214852e+03
4.735667e+03 1.051907e+02 8.735195e+01 1.993735e+03 5.220863e+03
4.739988e+03 1.051907e+02 8.736664e+01 1.994650e+03 5.226878e+03
4.744309e+03 1.051907e+02 8.738131e+01 1.995563e+03 5.232894e+03
4.748630e+03 1.051907e+02 8.739593e+01 1.996474e+03 5.238913e+03
4.752951e+03 1.051907e+02 8.741052e+01 1.997383e+03 5.244934e+03
4.757271e+03 1.051907e+02 8.742507e+01 1.998290e+03 5.250957e+03
4.761592e+03 1.051907e+02 8.743959e+01 1.999196e+03 5.256983e+03
4.765913e+03 1.051907e+02 8.745407e+01 2.000100e+03 5.263011e+03
4.770234e+03 1.051907e+02 8.746851e+01 2.001002e+03 5.269041e+03
4.774555e+03 1.051907e+02 8.748292e+01 2.001903e+03 5.275073e+03
4.778876e+03 1.051907e+02 8.749729e+01 2.002801e+03 5.281108e+03
4.783197e+03 1.051907e+02 8.751162e+01 2.003698e+03 5.287145e+03
4.787518e+03 1.051907e+02 8.752592e+01 2.004594e+03 5.293185e+03
4.791838e+03 1.051907e+02 8.754019e+01 2.005487e+03 5.299226e+03
4.796159e+03 1.051907e+02 8.755442e+01 2.006379e+03 5.305270e+03
4.800480e+03 1.051907e+02 8.756861e+01 2.007269e+03 5.311316e+03
4.804801e+03 1.051907e+02 8.758277e+01 2.008157e+03 5.317364e+03
4.809122e+03 1.051907e+02 8.759689e+01 2.009044e+03 5.323415e+03
4.813443e+03 1.051907e+02 8.761098e+01 2.009928e+03 5.329468e+03
4.817764e+03 1.051907e+02 8.762503e+01 2.010811e+03 5.335523e+03
4.822084e+03 1.051907e+02 8.763905e+01 2.011693e+03 5.341580e+03
4.826405e+03 1.051907e+02 8.765303e+01 2.012572e+03 5.347639e+03
4.830726e+03 1.051907e+02 8.766698e+01 2.013450e+03 5.353701e+03
4.835047e+03 1.051907e+02 8.768089e+01 2.014327e+03 5.359765e+03
4.839368e+03 1.051907e+02 8.769477e+01 2.015201e+03 5.365831e+03
4.843689e+03 1.051907e+02 8.770861e+01 2.016074e+03 5.371899e+03
4.848010e+03 1.051907e+02 8.772242e+01 2.016945e+03 5.377970e+03
4.852330e+03 1.051907e+02 8.773619e+01 2.017814e+03 5.384042e+03
4.856651e+03 1.051907e+02 8.774993e+01 2.018682e+03 5.390117e+03
4.860972e+03 1.051907e+02 8.776364e+01 2.019548e+03 5.396194e+03
4.865293e+03 1.051907e+02 8.777731e+01 2.020412e+03 5.402273e+03
4.869614e+03 1.051907e+02 8.779095e+01 2.021275e+03 5.408354e+03
4.873935e+03 1.051907e+02 8.780455e+01 2.022136e+03 5.414437e+03
4.878256e+03 1.051907e+02 8.781812e+01 2.022995e+03 5.420523e+03
4.882577e+03 1.051907e+02 8.783165e+01 2.023852e+03 5.426610e+03
4.886897e+03 1.051907e+02 8.784516e+01 2.024708e+03 5.432700e+03
4.891218e+03 1.051907e+02 8.785862e+01 2.025562e+03 5.438792e+03
4.895539e+03 1.051907e+02 8.787206e+01 2.026415e+03 5.444886e+03
4.899860e+03 1.051907e+02 8.788546e+01 2.027266e+03 5.450982e+03
4.904181e+03 1.051907e+02 8.789883e+01 2.028115e+03 5.457080e+03
4.908502e+03 1.051907e+02 8.791216e+01 2.028962e+03 5.463181e+03
4.912823e+03 1.051907e+02 8.792546e+01 2.029808e+03 5.469283e+03
4.917143e+03 1.051907e+02 8.793873e+01 2.030652e+03 5.475387e+03
4.921464e+03 1.051907e+02 8.795196e+01 2.031495e+03 5.481494e+03
4.925785e+03 1.051907e+02 8.796516e+01 2.032336e+03 5.487603e+03
4.930106e+03 1.051907e+02 8.797833e+01 2.033175e+03 5.493713e+03
4.934427e+03 1.051907e+02 8.799147e+01 2.034012e+03 5.499826e+03
4.938748e+03 1.051907e+02 8.800457e+01 2.034848e+03 5.505941e+03
4.943069e+03 1.051907e+02 8.801764e+01 2.035682e+03 5.512058e+03
4.947389e+03 1.051907e+02 8.803068e+01 2.036515e+03 5.518177e+03
4.951710e+03 1.051907e+02 8.804369e+01 2.037346e+03 5.524298e+03
4.956031e+03 1.051907e+02 8.805666e+01 2.038175e+03 5.530420e+03
4.960352e+03 1.051907e+02 8.806960e+01 2.039003e+03 5.536546e+03
4.964673e+03 1.051907e+02 8.808251e+01 2.039829e+03 5.542673e+03
4.968994e+03 1.051907e+02 8.809538e+01 2.040653e+03 5.548802e+03
4.973315e+03 1.051907e+02 8.810823e+01 2.041476e+03 5.554933e+03
4.977636e+03 1.051907e+02 8.812104e+01 2.042297e+03 5.561066e+03
4.981956e+03 1.051907e+02 8.813382e+01 2.043117e+03 5.567201e+03
4.986277e+03 1.051907e+02 8.814657e+01 2.043935e+03 5.573338e+03
4.990598e+03 1.051907e+02 8.815928e+01 2.044751e+03 5.579477e+03
4.994919e+03 1.051907e+02 8.817197e+01 2.045565e+03 5.585618e+03
4.999240e+03 1.051907e+02 8.818462e+01 2.046379e+03 5.591761e+03
5.003561e+03 1.051907e+02 8.819724e+01 2.047190e+03 5.597906e+03
5.007882e+03 1.051907e+02 8.820983e+01 2.048000e+03 5.604053e+03
5.012202e+03 1.051907e+02 8.822239e+01 2.048808e+03 5.610202e+03
5.016523e+03 1.051907e+02 8.823492e+01 2.049615e+03 5.616353e+03
5.020844e+03 1.051907e+02 8.824741e+01 2.050420e+03 5.622506e+03
5.025165e+03 1.051907e+02 8.825988e+01 2.051223e+03 5.628660e+03
5.029486e+03 1.051907e+02 8.827231e+01 2.052025e+03 5.634817e+03
5.033807e+03 1.051907e+02 8.828471e+01 2.052825e+03 5.640976e+03
5.038128e+03 1.051907e+02 8.829708e+01 2.053624e+03 5.647136e+03
5.042448e+03 1.051907e+02 8.830942e+01 2.054421e+03 5.653299e+03
5.046769e+03 1.051907e+02 8.832173e+01 2.055216e+03 5.659463e+03
5.051090e+03 1.051907e+02 8.833401e+01 2.056010e+03 5.665629e+03
5.055411e+03 1.051907e+02 8.834626e+01 2.056803e+03 5.671798e+03
5.059732e+03 1.051907e+02 8.835848e+01 2.057593e+03 5.677968e+03
5.064053e+03 1.051907e+02 8.837067e+01 2.058382e+03 5.684140e+03
5.068374e+03 1.051907e+02 8.838283e+01 2.059170e+03 5.690314e+03
5.072695e+03 1.051907e+02 8.839495e+01 2.059956e+03 5.696489e+03
5.077015e+03 1.051907e+02 8.840705e+01 2.060741e+03 5.702667e+03
5.081336e+03 1.051907e+02 8.841912e+01 2.061523e+03 5.708847e+03
5.085657e+03 1.051907e+02 8.843115e+01 2.062305e+03 5.715028e+03
5.089978e+03 1.051907e+02 8.844316e+01 2.063085e+03 5.721211e+03
5.094299e+03 1.051907e+02 8.845513e+01 2.063863e+03 5.727396e+03
5.098620e+03 1.051907e+02 8.846708e+01 2.064639e+03 5.733583e+03
5.102941e+03 1.051907e+02 8.847900e+01 2.065415e+03 5.739772e+03
5.107261e+03 1.051907e+02 8.849088e+01 2.066188e+03 5.745963e+03
5.111582e+03 1.051907e+02 8.850274e+01 2.066960e+03 5.752155e+03
5.115903e+03 1.051907e+02 8.851457e+01 2.067731e+03 5.758350e+03
5.120224e+03 1.051907e+02 8.852637e+01 2.068500e+03 5.764546e+03
5.124545e+03 1.051907e+02 8.853814e+01 2.069267e+03 5.770744e+03
5.128866e+03 1.051907e+02 8.854988e+01 2.070033e+03 5.776944e+03
5.133187e+03 1.051907e+02 8.856159e+01 2.070797e+03 5.783145e+03
5.137508e+03 1.051907e+02 8.857327e+01 2.071560e+03 5.789349e+03
5.141828e+03 1.051907e+02 8.858492e+01 2.072321e+03 5.795554e+03
5.146149e+03 1.051907e+02 8.859654e+01 2.073081e+03 5.801761e+03
5.150470e+03 1.051907e+02 8.860814e+01 2.073839e+03 5.807970e+03
5.154791e+03 1.051907e+02 8.861970e+01 2.074596e+03 5.814180e+03
5.159112e+03 1.051907e+02 8.863124e+01 2.075351e+03 5.820393e+03
5.163433e+03 1.051907e+02 8.864274e+01 2.076105e+03 5.826607e+03
5.167754e+03 1.051907e+02 8.865422e+01 2.076857e+03 5.832823e+03
5.172074e+03 1.051907e+02 8.866567e+01 2.077608e+03 5.839040e+03
5.176395e+03 1.051907e+02 8.867709e+01 2.078357e+03 5.845260e+03
5.180716e+03 1.051907e+02 8.868849e+01 2.079105e+03 5.851481e+03
5.185037e+03 1.051907e+02 8.869985e+01 2.079851e+03 5.857704e+03
5.189358e+03 1.051907e+02 8.871119e+01 2.080595e+03 5.863928e+03
5.193679e+03 1.051907e+02 8.872249e+01 2.081338e+03 5.870155e+03
5.198000e+03 1.051907e+02 8.873377e+01 2.082080e+03 5.876383e+03
5.202320e+03 1.051907e+02 8.874502e+01 2.082820e+03 5.882613e+03
5.206641e+03 1.051907e+02 8.875625e+01 2.083559e+03 5.888844e+03
5.210962e+03 1.051907e+02 8.876744e+01 2.084296e+03 5.895077e+03
5.215283e+03 1.051907e+02 8.877861e+01 2.085032e+03 5.901312e+03
5.219604e+03 1.051907e+02 8.878975e+01 2.085766e+03 5.907549e+03
5.223925e+03 1.051907e+02 8.880086e+01 2.086499e+03 5.913787e+03
5.228246e+03 1.051907e+02 8.881195e+01 2.087230e+03 5.920027e+03
5.232567e+03 1.051907e+02 8.882300e+01 2.087960e+03 5.926269e+03
5.236887e+03 1.051907e+02 8.883403e+01 2.088688e+03 5.932513e+03
5.241208e+03 1.051907e+02 8.884503e+01 2.089415e+03 5.938758e+03
5.245529e+03 1.051907e+02 8.885601e+01 2.090141e+03 5.945005e+03
5.249850e+03 1.051907e+02 8.886695e+01 2.090864e+03 5.951253e+03
5.254171e+03 1.051907e+02 8.887787e+01 2.091587e+03 5.957503e+03
5.258492e+03 1.051907e+02 8.888877e+01 2.092308e+03 5.963755e+03
5.262813e+03 1.051907e+02 8.889963e+01 2.093027e+03 5.970008e+03
5.267133e+03 1.051907e+02 8.891047e+01 2.093746e+03 5.976263e+03
5.271454e+03 1.051907e+02 8.892128e+01 2.094462e+03 5.982520e+03
5.275775e+03 1.051907e+02 8.893206e+01 2.095177e+03 5.988779e+03
5.280096e+03 1.051907e+02 8.894282e+01 2.095891e+03 5.995039e+03
5.284417e+03 1.051907e+02 8.895355e+01 2.096603e+03 6.001300e+03
5.288738e+03 1.051907e+02 8.896425e+01 2.097314e+03 6.007563e+03
5.293059e+03 1.051907e+02 8.897493e+01 2.098024e+03 6.013828e+03
5.297379e+03 1.051907e+02 8.898558e+01 2.098732e+03 6.020095e+03
5.301700e+03 1.051907e+02 8.899620e+01 2.099438e+03 6.026363e+03
5.306021e+03 1.051907e+02 8.900680e+01 2.100143e+03 6.032633e+03
5.310342e+03 1.051907e+02 8.901737e+01 2.100847e+03 6.038904e+03
5.314663e+03 1.051907e+02 8.902791e+01 2.101549e+03 6.045177e+03
5.318984e+03 1.051907e+02 8.903843e+01 2.102250e+03 6.051451e+03
5.323305e+03 1.051907e+02 8.904892e+01 2.102950e+03 6.057727e+03
5.327626e+03 1.051907e+02 8.905939e+01 2.103648e+03 6.064005e+03
5.331946e+03 1.051907e+02 8.906983e+01 2.104344e+03 6.070284e+03
5.336267e+03 1.051907e+02 8.908024e+01 2.105039e+03 6.076565e+03
5.340588e+03 1.051907e+02 8.909063e+01 2.105733e+03 6.082847e+03
5.344909e+03 1.051907e+02 8.910099e+01 2.106426e+03 6.089131e+03
5.349230e+03 1.051907e+02 8.911132e+01 2.107117e+03 6.095417e+03
5.353551e+03 1.051907e+02 8.912163e+01 2.107806e+03 6.101704e+03
5.357872e+03 1.051907e+02 8.913192e+01 2.108494e+03 6.107992e+03
5.362192e+03 1.051907e+02 8.914218e+01 2.109181e+03 6.114282e+03
5.366513e+03 1.051907e+02 8.915241e+01 2.109866e+03 6.120574e+03
5.370834e+03 1.051907e+02 8.916262e+01 2.110550e+03 6.126867e+03
5.375155e+03 1.051907e+02 8.917280e+01 2.111233e+03 6.133162e+03
5.379476e+03 1.051907e+02 8.918296e+01 2.111914e+03 6.139458e+03
5.383797e+03 1.051907e+02 8.919309e+01 2.112594e+03 6.145756e+03
5.388118e+03 1.051907e+02 8.920319e+01 2.113272e+03 6.152055e+03
5.392438e+03 1.051907e+02 8.921327e+01 2.113949e+03 6.158356e+03
5.396759e+03 1.051907e+02 8.922333e+01 2.114625e+03 6.164658e+03
5.401080e+03 1.051907e+02 8.923336e+01 2.115299e+03 6.170962e+03
5.405401e+03 1.051907e+02 8.924336e+01 2.115972e+03 6.177267e+03
5.409722e+03 1.051907e+02 8.925334e+01 2.116643e+03 6.183574e+03
5.414043e+03 1.051907e+02 8.926330e+01 2.117314e+03 6.189882e+03
5.418364e+03 1.051907e+02 8.927323e+01 2.117982e+03 6.196191e+03
5.422685e+03 1.051907e+02 8.928314e+01 2.118650e+03 6.202503e+03
5.427005e+03 1.051907e+02 8.929302e+01 2.119316e+03 6.208815e+03
5.431326e+03 1.051907e+02 8.930287e+01 2.119980e+03 6.215129e+03
5.435647e+03 1.051907e+02 8.931271e+01 2.120644e+03 6.221445e+03
5.439968e+03 1.051907e+02 8.932251e+01 2.121306e+03 6.227762e+03
5.444289e+03 1.051907e+02 8.933230e+01 2.121966e+03 6.234080e+03
5.448610e+03 1.051907e+02 8.934205e+01 2.122626e+03 6.240400e+03
5.452931e+03 1.051907e+02 8.935179e+01 2.123283e+03 6.246721e+03
5.457251e+03 1.051907e+02 8.936150e+01 2.123940e+03 6.253044e+03
5.461572e+03 1.051907e+02 8.937118e+01 2.124595e+03 6.259368e+03
5.465893e+03 1.051907e+02 8.938085e+01 2.125249e+03 6.265694e+03
5.470214e+03 1.051907e+02 8.939048e+01 2.125902e+03 6.272021e+03
5.474535e+03 1.051907e+02 8.940010e+01 2.126553e+03 6.278349e+03
5.478856e+03 1.051907e+02 8.940969e+01 2.127203e+03 6.284679e+03
5.483177e+03 1.051907e+02 8.941925e+01 2.127851e+03 6.291011e+03
5.487497e+03 1.051907e+02 8.942879e+01 2.128498e+03 6.297343e+03
5.491818e+03 1.051907e+02 8.943831e+01 2.129144e+03 6.303677e+03
5.496139e+03 1.051907e+02 8.944780e+01 2.129789e+03 6.310013e+03
5.500460e+03 1.051907e+02 8.945728e+01 2.130432e+03 6.316350e+03
5.504781e+03 1.051907e+02 8.946672e+01 2.131074e+03 6.322688e+03
5.509102e+03 1.051907e+02 8.947615e+01 2.131715e+03 6.329028e+03
5.513423e+03 1.051907e+02 8.948555e+01 2.132354e+03 6.335369e+03
5.517744e+03 1.051907e+02 8.949492e+01 2.132992e+03 6.341711e+03
5.522064e+03 1.051907e+02 8.950427e+01 2.133629e+03 6.348055e+03
5.526385e+03 1.051907e+02 8.951360e+01 2.134264e+03 6.354400e+03
5.530706e+03 1.051907e+02 8.952291e+01 2.134898e+03 6.360746e+03
5.535027e+03 1.051907e+02 8.953219e+01 2.135531e+03 6.367094e+03
5.539348e+03 1.051907e+02 8.954145e+01 2.136162e+03 6.373443e+03
5.543669e+03 1.051907e+02 8.955069e+01 2.136792e+03 6.379794e+03
5.547990e+03 1.051907e+02 8.955990e+01 2.137421e+03 6.386146e+03
5.552310e+03 1.051907e+02 8.956909e+01 2.138049e+03 6.392499e+03
5.556631e+03 1.051907e+02 8.957826e+01 2.138675e+03 6.398853e+03
5.560952e+03 1.051907e+02 8.958741e+01 2.139300e+03 6.405209e+03
5.565273e+03 1.051907e+02 8.959653e+01 2.139923e+03 6.411566e+03
5.569594e+03 1.051907e+02 8.960563e+01 2.140546e+03 6.417925e+03
5.573915e+03 1.051907e+02 8.961471e+01 2.141167e+03 6.424285e+03
5.578236e+03 1.051907e+02 8.962376e+01 2.141787e+03 6.430646e+03
5.582557e+03 1.051907e+02 8.963279e+01 2.142405e+03 6.437008e+03
5.586877e+03 1.051907e+02 8.964180e+01 2.143023e+03 6.443372e+03
5.591198e+03 1.051907e+02 8.965079e+01 2.143639e+03 6.449737e+03
5.595519e+03 1.051907e+02 8.965975e+01 2.144253e+03 6.456103e+03
5.599840e+03 1.051907e+02 8.966869e+01 2.144867e+03 6.462471e+03
5.604161e+03 1.051907e+02 8.967761e+01 2.145479e+03 6.468839e+03
5.608482e+03 1.051907e+02 8.968651e+01 2.146090e+03 6.475210e+03
5.612803e+03 1.051907e+02 8.969538e+01 2.146699e+03 6.481581e+03
5.617123e+03 1.051907e+02 8.970424e+01 2.147308e+03 6.487954e+03
5.621444e+03 1.051907e+02 8.971307e+01 2.147915e+03 6.494328e+03
5.625765e+03 1.051907e+02 8.972188e+01 2.148521e+03 6.500703e+03
5.630086e+03 1.051907e+02 8.973066e+01 2.149125e+03 6.507079e+03
5.634407e+03 1.051907e+02 8.973943e+01 2.149729e+03 6.513457e+03
5.638728e+03 1.051907e+02 8.974817e+01 2.150331e+03 6.519836e+03
5.643049e+03 1.051907e+02 8.975689e+01 2.150932e+03 6.526216e+03
5.647369e+03 1.051907e+02 8.976559e+01 2.151531e+03 6.532598e+03
5.651690e+03 1.051907e+02 8.977427e+01 2.152130e+03 6.538980e+03
5.656011e+03 1.051907e+02 8.978293e+01 2.152727e+03 6.545364e+03
5.660332e+03 1.051907e+02 8.979156e+01 2.153323e+03 6.551749e+03
5.664653e+03 1.051907e+02 8.980017e+01 2.153918e+03 6.558136e+03
5.668974e+03 1.051907e+02 8.980876e+01 2.154511e+03 6.564523e+03
5.673295e+03 1.051907e+02 8.981734e+01 2.155103e+03 6.570912e+03
5.677616e+03 1.051907e+02 8.982588e+01 2.155694e+03 6.577302e+03
5.681936e+03 1.051907e+02 8.983441e+01 2.156284e+03 6.583693e+03
5.686257e+03 1.051907e+02 8.984292e+01 2.156873e+03 6.590086e+03
5.690578e+03 1.051907e+02 8.985140e+01 2.157460e+03 6.596479e+03
5.694899e+03 1.051907e+02 8.985987e+01 2.158046e+03 6.602874e+03
5.699220e+03 1.051907e+02 8.986831e+01 2.158631e+03 6.609270e+03
5.703541e+03 1.051907e+02 8.987673e+01 2.159214e+03 6.615667e+03
5.707862e+03 1.051907e+02 8.988513e+01 2.159797e+03 6.622065e+03
5.712182e+03 1.051907e+02 8.989351e+01 2.160378e+03 6.628465e+03
5.716503e+03 1.051907e+02 8.990187e+01 2.160958e+03 6.634866e+03
5.720824e+03 1.051907e+02 8.991021e+01 2.161537e+03 6.641268e+03
5.725145e+03 1.051907e+02 8.991852e+01 2.162115e+03 6.647671e+03
5.729466e+03 1.051907e+02 8.992682e+01 2.162691e+03 6.654075e+03
5.733787e+03 1.051907e+02 8.993510e+01 2.163266e+03 6.660480e+03
5.738108e+03 1.051907e+02 8.994335e+01 2.163840e+03 6.666887e+03
5.742428e+03 1.051907e+02 8.995158e+01 2.164413e+03 6.673294e+03
5.746749e+03 1.051907e+02 8.995980e+01 2.164985e+03 6.679703e+03
5.751070e+03 1.051907e+02 8.996799e+01 2.165555e+03 6.686113e+03
5.755391e+03 1.051907e+02 8.997616e+01 2.166124e+03 6.692524e+03
5.759712e+03 1.051907e+02 8.998432e+01 2.166693e+03 6.698936e+03
5.764033e+03 1.051907e+02 8.999245e+01 2.167259e+03 6.705349e+03
5.768354e+03 1.051907e+02 9.000056e+01 2.167825e+03 6.711764e+03
5.772675e+03 1.051907e+02 9.000865e+01 2.168390e+03 6.718179e+03
5.776995e+03 1.051907e+02 9.001672e+01 2.168953e+03 6.724596e+03
5.781316e+03 1.051907e+02 9.002478e+01 2.169515e+03 6.731014e+03
5.785637e+03 1.051907e+02 9.003281e+01 2.170076e+03 6.737433e+03
5.789958e+03 1.051907e+02 9.004082e+01 2.170636e+03 6.743853e+03
5.794279e+03 1.051907e+02 9.004881e+01 2.171195e+03 6.750274e+03
5.798600e+03 1.051907e+02 9.005678e+01 2.171752e+03 6.756696e+03
5.802921e+03 1.051907e+02 9.006473e+01 2.172308e+03 6.763119e+03
5.807241e+03 1.051907e+02 9.007266e+01 2.172864e+03 6.769543e+03
5.811562e+03 1.051907e+02 9.008058e+01 2.173418e+03 6.775969e+03
5.815883e+03 1.051907e+02 9.008847e+01 2.173970e+03 6.782395e+03
5.820204e+03 1.051907e+02 9.009634e+01 2.174522e+03 6.788823e+03
5.824525e+03 1.051907e+02 9.010419e+01 2.175073e+03 6.795251e+03
5.828846e+03 1.051907e+02 9.011203e+01 2.175622e+03 6.801681e+03
5.833167e+03 1.051907e+02 9.011984e+01 2.176170e+03 6.808112e+03
5.837487e+03 1.051907e+02 9.012763e+01 2.176717e+03 6.814544e+03
5.841808e+03 1.051907e+02 9.013541e+01 2.177263e+03 6.820977e+03
5.846129e+03 1.051907e+02 9.014316e+01 2.177808e+03 6.827411e+03
5.850450e+03 1.051907e+02 9.015090e+01 2.178352e+03 6.833846e+03
5.854771e+03 1.051907e+02 9.015862e+01 2.178894e+03 6.840282e+03
5.859092e+03 1.051907e+02 9.016631e+01 2.179436e+03 6.846719e+03
5.863413e+03 1.051907e+02 9.017399e+01 2.179976e+03 6.853157e+03
5.867734e+03 1.051907e+02 9.018165e+01 2.180515e+03 6.859596e+03
5.872054e+03 1.051907e+02 9.018929e+01 2.181053e+03 6.866036e+03
5.876375e+03 1.051907e+02 9.019691e+01 2.181590e+03 6.872477e+03
5.880696e+03 1.051907e+02 9.020451e+01 2.182125e+03 6.878919e+03
5.885017e+03 1.051907e+02 9.021210e+01 2.182660e+03 6.885363e+03
5.889338e+03 1.051907e+02 9.021966e+01 2.183193e+03 6.891807e+03
5.893659e+03 1.051907e+02 9.022721e+01 2.183726e+03 6.898252e+03
5.897980e+03 1.051907e+02 9.023473e+01 2.184257e+03 6.904698e+03
5.902300e+03 1.051907e+02 9.024224e+01 2.184787e+03 6.911145e+03
5.906621e+03 1.051907e+02 9.024973e+01 2.185316e+03 6.917594e+03
5.910942e+03 1.051907e+02 9.025720e+01 2.185844e+03 6.924043e+03
5.915263e+03 1.051907e+02 9.026465e+01 2.186371e+03 6.930493e+03
5.919584e+03 1.051907e+02 9.027208e+01 2.186897e+03 6.936944e+03
5.923905e+03 1.051907e+02 9.027950e+01 2.187421e+03 6.943396e+03
5.928226e+03 1.051907e+02 9.028689e+01 2.187945e+03 6.949849e+03
5.932547e+03 1.051907e+02 9.029427e+01 2.188467e+03 6.956304e+03
5.936867e+03 1.051907e+02 9.030163e+01 2.188988e+03 6.962759e+03
5.941188e+03 1.051907e+02 9.030897e+01 2.189508e+03 6.969215e+03
5.945509e+03 1.051907e+02 9.031629e+01 2.190027e+03 6.975672e+03
5.949830e+03 1.051907e+02 9.032360e+01 2.190545e+03 6.982130e+03
5.954151e+03 1.051907e+02 9.033088e+01 2.191062e+03 6.988589e+03
5.958472e+03 1.051907e+02 9.033815e+01 2.191578e+03 6.995049e+03
5.962793e+03 1.051907e+02 9.034540e+01 2.192093e+03 7.001509e+03
5.967113e+03 1.051907e+02 9.035263e+01 2.192606e+03 7.007971e+03
5.971434e+03 1.051907e+02 9.035985e+01 2.193119e+03 7.014434e+03
5.975755e+03 1.051907e+02 9.036704e+01 2.193630e+03 7.020897e+03
5.980076e+03 1.051907e+02 9.037422e+01 2.194141e+03 7.027362e+03
5.984397e+03 1.051907e+02 9.038138e+01 2.194650e+03 7.033827e+03
5.988718e+03 1.051907e+02 9.038852e+01 2.195158e+03 7.040294e+03
5.993039e+03 1.051907e+02 9.039564e+01 2.195665e+03 7.046761e+03
5.997359e+03 1.051907e+02 9.040275e+01 2.196172e+03 7.053230e+03
6.001680e+03 1.051907e+02 9.040984e+01 2.196677e+03 7.059699e+03
6.006001e+03 1.051907e+02 9.041691e+01 2.197181e+03 7.066169e+03
6.010322e+03 1.051907e+02 9.042396e+01 2.197683e+03 7.072640e+03
6.014643e+03 1.051907e+02 9.043100e+01 2.198185e+03 7.079112e+03
6.018964e+03 1.051907e+02 9.043802e+01 2.198686e+03 7.085584e+03
6.023285e+03 1.051907e+02 9.044502e+01 2.199186e+03 7.092058e+03
6.027606e+03 1.051907e+02 9.045200e+01 2.199684e+03 7.098533e+03
6.031926e+03 1.051907e+02 9.045896e+01 2.200182e+03 7.105008e+03
6.036247e+03 1.051907e+02 9.046591e+01 2.200679e+03 7.111484e+03
6.040568e+03 1.051907e+02 9.047284e+01 2.201174e+03 7.117962e+03
6.044889e+03 1.051907e+02 9.047976e+01 2.201668e+03 7.124440e+03
6.049210e+03 1.051907e+02 9.048665e+01 2.202162e+03 7.130919e+03
6.053531e+03 1.051907e+02 9.049353e+01 2.202654e+03 7.137399e+03
6.057852e+03 1.051907e+02 9.050039e+01 2.203146e+03 7.143879e+03
6.062172e+03 1.051907e+02 9.050724e+01 2.203636e+03 7.150361e+03
6.066493e+03 1.051907e+02 9.051407e+01 2.204125e+03 7.156843e+03
6.070814e+03 1.051907e+02 9.052088e+01 2.204613e+03 7.163327e+03
6.075135e+03 1.051907e+02 9.052767e+01 2.205100e+03 7.169811e+03
6.079456e+03 1.051907e+02 9.053445e+01 2.205586e+03 7.176296e+03
6.083777e+03 1.051907e+02 9.054121e+01 2.206072e+03 7.182782e+03
6.088098e+03 1.051907e+02 9.054795e+01 2.206556e+03 7.189268e+03
6.092418e+03 1.051907e+02 9.055468e+01 2.207039e+03 7.195756e+03
6.096739e+03 1.051907e+02 9.056139e+01 2.207521e+03 7.202244e+03
6.101060e+03 1.051907e+02 9.056808e+01 2.208002e+03 7.208733e+03
6.105381e+03 1.051907e+02 9.057476e+01 2.208482e+03 7.215223e+03
6.109702e+03 1.051907e+02 9.058142e+01 2.208961e+03 7.221714e+03
6.114023e+03 1.051907e+02 9.058806e+01 2.209439e+03 7.228206e+03
6.118344e+03 1.051907e+02 9.059469e+01 2.209915e+03 7.234698e+03
6.122665e+03 1.051907e+02 9.060129e+01 2.210391e+03 7.241192e+03
6.126985e+03 1.051907e+02 9.060789e+01 2.210866e+03 7.247686e+03
6.131306e+03 1.051907e+02 9.061446e+01 2.211340e+03 7.254181e+03
6.135627e+03 1.051907e+02 9.062103e+01 2.211813e+03 7.260676e+03
6.139948e+03 1.051907e+02 9.062757e+01 2.212285e+03 7.267173e+03
6.144269e+03 1.051907e+02 9.063410e+01 2.212756e+03 7.273670e+03
6.148590e+03 1.051907e+02 9.064061e+01 2.213226e+03 7.280168e+03
6.152911e+03 1.051907e+02 9.064710e+01 2.213695e+03 7.286667e+03
6.157231e+03 1.051907e+02 9.065358e+01 2.214162e+03 7.293167e+03
6.161552e+03 1.051907e+02 9.066005e+01 2.214629e+03 7.299667e+03
6.165873e+03 1.051907e+02 9.066649e+01 2.215095e+03 7.306168e+03
6.170194e+03 1.051907e+02 9.067292e+01 2.215560e+03 7.312670e+03
6.174515e+03 1.051907e+02 9.067934e+01 2.216024e+03 7.319173e+03
6.178836e+03 1.051907e+02 9.068574e+01 2.216487e+03 7.325677e+03
6.183157e+03 1.051907e+02 9.069212e+01 2.216949e+03 7.332181e+03
6.187477e+03 1.051907e+02 9.069848e+01 2.217410e+03 7.338686e+03
6.191798e+03 1.051907e+02 9.070484e+01 2.217870e+03 7.345192e+03
6.196119e+03 1.051907e+02 9.071117e+01 2.218329e+03 7.351699e+03
6.200440e+03 1.051907e+02 9.071749e+01 2.218787e+03 7.358206e+03
6.204761e+03 1.051907e+02 9.072379e+01 2.219244e+03 7.364714e+03
6.209082e+03 1.051907e+02 9.073008e+01 2.219700e+03 7.371223e+03
6.213403e+03 1.051907e+02 9.073635e+01 2.220155e+03 7.377732e+03
6.217724e+03 1.051907e+02 9.074261e+01 2.220609e+03 7.384243e+03
6.222044e+03 1.051907e+02 9.074885e+01 2.221062e+03 7.390754e+03
6.226365e+03 1.051907e+02 9.075507e+01 2.221514e+03 7.397266e+03
6.230686e+03 1.051907e+02 9.076128e+01 2.221965e+03 7.403778e+03
6.235007e+03 1.051907e+02 9.076748e+01 2.222416e+03 7.410291e+03
6.239328e+03 1.051907e+02 9.077366e+01 2.222865e+03 7.416805e+03
6.243649e+03 1.051907e+02 9.077982e+01 2.223313e+03 7.423320e+03
6.247970e+03 1.051907e+02 9.078597e+01 2.223761e+03 7.429835e+03
6.252290e+03 1.051907e+02 9.079210e+01 2.224207e+03 7.436352e+03
6.256611e+03 1.051907e+02 9.079822e+01 2.224652e+03 7.442868e+03
6.260932e+03 1.051907e+02 9.080432e+01 2.225097e+03 7.449386e+03
6.265253e+03 1.051907e+02 9.081041e+01 2.225540e+03 7.455904e+03
6.269574e+03 1.051907e+02 9.081648e+01 2.225983e+03 7.462423e+03
6.273895e+03 1.051907e+02 9.082254e+01 2.226425e+03 7.468943e+03
6.278216e+03 1.051907e+02 9.082858e+01 2.226865e+03 7.475463e+03
6.282537e+03 1.051907e+02 9.083460e+01 2.227305e+03 7.481984e+03
6.286857e+03 1.051907e+02 9.084061e+01 2.227744e+03 7.488506e+03
6.291178e+03 1.051907e+02 9.084661e+01 2.228182e+03 7.495028e+03
6.295499e+03 1.051907e+02 9.085259e+01 2.228619e+03 7.501551e+03
6.299820e+03 1.051907e+02 9.085856e+01 2.229055e+03 7.508075e+03
6.304141e+03 1.051907e+02 9.086451e+01 2.229490e+03 7.514599e+03
6.308462e+03 1.051907e+02 9.087045e+01 2.229924e+03 7.521124e+03
6.312783e+03 1.051907e+02 9.087637e+01 2.230357e+03 7.527650e+03
6.317103e+03 1.051907e+02 9.088228e+01 2.230790e+03 7.534177e+03
6.321424e+03 1.051907e+02 9.088817e+01 2.231221e+03 7.540704e+03
6.325745e+03 1.051907e+02 9.089405e+01 2.231651e+03 7.547231e+03
6.330066e+03 1.051907e+02 9.089991e+01 2.232081e+03 7.553760e+03
6.334387e+03 1.051907e+02 9.090576e+01 2.232509e+03 7.560289e+03
6.338708e+03 1.051907e+02 9.091159e+01 2.232937e+03 7.566818e+03
6.343029e+03 1.051907e+02 9.091741e+01 2.233364e+03 7.573349e+03
6.347349e+03 1.051907e+02 9.092321e+01 2.233790e+03 7.579880e+03
6.351670e+03 1.051907e+02 9.092900e+01 2.234215e+03 7.586411e+03
6.355991e+03 1.051907e+02 9.093478e+01 2.234639e+03 7.592944e+03
6.360312e+03 1.051907e+02 9.094054e+01 2.235062e+03 7.599477e+03
6.364633e+03 1.051907e+02 9.094629e+01 2.235484e+03 7.606010e+03
6.368954e+03 1.051907e+02 9.095202e+01 2.235905e+03 7.612544e+03
6.373275e+03 1.051907e+02 9.095774e+01 2.236326e+03 7.619079e+03
6.377596e+03 1.051907e+02 9.096344e+01 2.236745e+03 7.625614e+03
6.381916e+03 1.051907e+02 9.096913e+01 2.237164e+03 7.632150e+03
6.386237e+03 1.051907e+02 9.097481e+01 2.237581e+03 7.638687e+03
6.390558e+03 1.051907e+02 9.098047e+01 2.237998e+03 7.645224e+03
6.394879e+03 1.051907e+02 9.098612e+01 2.238414e+03 7.651762e+03
6.399200e+03 1.051907e+02 9.099175e+01 2.238829e+03 7.658300e+03
6.403521e+03 1.051907e+02 9.099737e+01 2.239243e+03 7.664839e+03
6.407842e+03 1.051907e+02 9.100298e+01 2.239656e+03 7.671379e+03
6.412162e+03 1.051907e+02 9.100857e+01 2.240068e+03 7.677919e+03
6.416483e+03 1.051907e+02 9.101415e+01 2.240480e+03 7.684460e+03
6.420804e+03 1.051907e+02 9.101971e+01 2.240890e+03 7.691002e+03
6.425125e+03 1.051907e+02 9.102526e+01 2.241300e+03 7.697544e+03
6.429446e+03 1.051907e+02 9.103079e+01 2.241709e+03 7.704086e+03
6.433767e+03 1.051907e+02 9.103632e+01 2.242117e+03 7.710629e+03
6.438088e+03 1.051907e+02 9.104182e+01 2.242524e+03 7.717173e+03
6.442408e+03 1.051907e+02 9.104732e+01 2.242930e+03 7.723717e+03
6.446729e+03 1.051907e+02 9.105280e+01 2.243335e+03 7.730262e+03
6.451050e+03 1.051907e+02 9.105827e+01 2.243739e+03 7.736808e+03
6.455371e+03 1.051907e+02 9.106372e+01 2.244143e+03 7.743354e+03
6.459692e+03 1.051907e+02 9.106916e+01 2.244546e+03 7.749900e+03
6.464013e+03 1.051907e+02 9.107459e+01 2.244947e+03 7.756448e+03
6.468334e+03 1.051907e+02 9.108000e+01 2.245348e+03 7.762995e+03
6.472655e+03 1.051907e+02 9.108540e+01 2.245748e+03 7.769544e+03
6.476975e+03 1.051907e+02 9.109078e+01 2.246147e+03 7.776092e+03
6.481296e+03 1.051907e+02 9.109615e+01 2.246546e+03 7.782642e+03
6.485617e+03 1.051907e+02 9.110151e+01 2.246943e+03 7.789192e+03
6.489938e+03 1.051907e+02 9.110686e+01 2.247340e+03 7.795742e+03
6.494259e+03 1.051907e+02 9.111219e+01 2.247735e+03 7.802293e+03
6.498580e+03 1.051907e+02 9.111751e+01 2.248130e+03 7.808845e+03
6.502901e+03 1.051907e+02 9.112282e+01 2.248524e+03 7.815397e+03
6.507221e+03 1.051907e+02 9.112811e+01 2.248918e+03 7.821949e+03
6.511542e+03 1.051907e+02 9.113339e+01 2.249310e+03 7.828502e+03
6.515863e+03 1.051907e+02 9.113865e+01 2.249701e+03 7.835056e+03
6.520184e+03 1.051907e+02 9.114391e+01 2.250092e+03 7.841610e+03
6.524505e+03 1.051907e+02 9.114915e+01 2.250482e+03 7.848165e+03
6.528826e+03 1.051907e+02 9.115437e+01 2.250871e+03 7.854720e+03
6.533147e+03 1.051907e+02 9.115959e+01 2.251259e+03 7.861276e+03
6.537467e+03 1.051907e+02 9.116479e+01 2.251646e+03 7.867832e+03
6.541788e+03 1.051907e+02 9.116997e+01 2.252032e+03 7.874389e+03
6.546109e+03 1.051907e+02 9.117515e+01 2.252418e+03 7.880946e+03
6.550430e+03 1.051907e+02 9.118031e+01 2.252803e+03 7.887504e+03
6.554751e+03 1.051907e+02 9.118546e+01 2.253187e+03 7.894062e+03
6.559072e+03 1.051907e+02 9.119060e+01 2.253570e+03 7.900621e+03
6.563393e+03 1.051907e+02 9.119572e+01 2.253952e+03 7.907180e+03
6.567714e+03 1.051907e+02 9.120083e+01 2.254333e+03 7.913740e+03
6.572034e+03 1.051907e+02 9.120593e+01 2.254714e+03 7.920300e+03
6.576355e+03 1.051907e+02 9.121101e+01 2.255094e+03 7.926861e+03
6.580676e+03 1.051907e+02 9.121609e+01 2.255473e+03 7.933422e+03
6.584997e+03 1.051907e+02 9.122115e+01 2.255851e+03 7.939984e+03
6.589318e+03 1.051907e+02 9.122619e+01 2.256228e+03 7.946546e+03
6.593639e+03 1.051907e+02 9.123123e+01 2.256605e+03 7.953108e+03
6.597960e+03 1.051907e+02 9.123625e+01 2.256980e+03 7.959671e+03
6.602280e+03 1.051907e+02 9.124126e+01 2.257355e+03 7.966235e+03
6.606601e+03 1.051907e+02 9.124625e+01 2.257729e+03 7.972799e+03
6.610922e+03 1.051907e+02 9.125124e+01 2.258103e+03 7.979364e+03
6.615243e+03 1.051907e+02 9.125621e+01 2.258475e+03 7.985928e+03
6.619564e+03 1.051907e+02 9.126117e+01 2.258847e+03 7.992494e+03
6.623885e+03 1.051907e+02 9.126612e+01 2.259217e+03 7.999060e+03
6.628206e+03 1.051907e+02 9.127105e+01 2.259587e+03 8.005626e+03
6.632527e+03 1.051907e+02 9.127598e+01 2.259957e+03 8.012193e+03
6.636847e+03 1.051907e+02 9.128089e+01 2.260325e+03 8.018760e+03
6.641168e+03 1.051907e+02 9.128578e+01 2.260693e+03 8.025328e+03
6.645489e+03 1.051907e+02 9.129067e+01 2.261059e+03 8.031896e+03
6.649810e+03 1.051907e+02 9.129554e+01 2.261425e+03 8.038464e+03
6.654131e+03 1.051907e+02 9.130041e+01 2.261791e+03 8.045033e+03
6.658452e+03 1.051907e+02 9.130525e+01 2.262155e+03 8.051603e+03
6.662773e+03 1.051907e+02 9.131009e+01 2.262519e+03 8.058173e+03
6.667093e+03 1.051907e+02 9.131492e+01 2.262881e+03 8.064743e+03
6.671414e+03 1.051907e+02 9.131973e+01 2.263244e+03 8.071313e+03
6.675735e+03 1.051907e+02 9.132453e+01 2.263605e+03 8.077885e+03
6.680056e+03 1.051907e+02 9.132932e+01 2.263965e+03 8.084456e+03
6.684377e+03 1.051907e+02 9.133410e+01 2.264325e+03 8.091028e+03
6.688698e+03 1.051907e+02 9.133886e+01 2.264684e+03 8.097600e+03
6.693019e+03 1.051907e+02 9.134362e+01 2.265042e+03 8.104173e+03
6.697339e+03 1.051907e+02 9.134836e+01 2.265399e+03 8.110746e+03
6.701660e+03 1.051907e+02 9.135309e+01 2.265756e+03 8.117320e+03
6.705981e+03 1.051907e+02 9.135781e+01 2.266112e+03 8.123894e+03
6.710302e+03 1.051907e+02 9.136251e+01 2.266467e+03 8.130468e+03
6.714623e+03 1.051907e+02 9.136721e+01 2.266821e+03 8.137043e+03
6.718944e+03 1.051907e+02 9.137189e+01 2.267174e+03 8.143618e+03
6.723265e+03 1.051907e+02 9.137656e+01 2.267527e+03 8.150194e+03
6.727586e+03 1.051907e+02 9.138122e+01 2.267879e+03 8.156770e+03
6.731906e+03 1.051907e+02 9.138587e+01 2.268230e+03 8.163346e+03
6.736227e+03 1.051907e+02 9.139050e+01 2.268580e+03 8.169923e+03
6.740548e+03 1.051907e+02 9.139513e+01 2.268930e+03 8.176500e+03
6.744869e+03 1.051907e+02 9.139974e+01 2.269279e+03 8.183078e+03
6.749190e+03 1.051907e+02 9.140434e+01 2.269627e+03 8.189655e+03
6.753511e+03 1.051907e+02 9.140893e+01 2.269974e+03 8.196234e+03
6.757832e+03 1.051907e+02 9.141351e+01 2.270321e+03 8.202812e+03
6.762152e+03 1.051907e+02 9.141808e+01 2.270667e+03 8.209391e+03
6.766473e+03 1.051907e+02 9.142264e+01 2.271012e+03 8.215971e+03
6.770794e+03 1.051907e+02 9.142718e+01 2.271356e+03 8.222550e+03
6.775115e+03 1.051907e+02 9.143171e+01 2.271700e+03 8.229131e+03
6.779436e+03 1.051907e+02 9.143624e+01 2.272043e+03 8.235711e+03
6.783757e+03 1.051907e+02 9.144075e+01 2.272385e+03 8.242292e+03
6.788078e+03 1.051907e+02 9.144525e+01 2.272726e+03 8.248873e+03
6.792398e+03 1.051907e+02 9.144973e+01 2.273066e+03 8.255454e+03
6.796719e+03 1.051907e+02 9.145421e+01 2.273406e+03 8.262036e+03
6.801040e+03 1.051907e+02 9.145868e+01 2.273745e+03 8.268619e+03
6.805361e+03 1.051907e+02 9.146313e+01 2.274084e+03 8.275201e+03
6.809682e+03 1.051907e+02 9.146757e+01 2.274421e+03 8.281784e+03
6.814003e+03 1.051907e+02 9.147201e+01 2.274758e+03 8.288367e+03
6.818324e+03 1.051907e+02 9.147643e+01 2.275094e+03 8.294951e+03
6.822645e+03 1.051907e+02 9.148084e+01 2.275430e+03 8.301535e+03
6.826965e+03 1.051907e+02 9.148524e+01 2.275764e+03 8.308119e+03
6.831286e+03 1.051907e+02 9.148963e+01 2.276098e+03 8.314704e+03
6.835607e+03 1.051907e+02 9.149400e+01 2.276431e+03 8.321289e+03
6.839928e+03 1.051907e+02 9.149837e+01 2.276764e+03 8.327874e+03
6.844249e+03 1.051907e+02 9.150273e+01 2.277096e+03 8.334459e+03
6.848570e+03 1.051907e+02 9.150707e+01 2.277427e+03 8.341045e+03
6.852891e+03 1.051907e+02 9.151140e+01 2.277757e+03 8.347631e+03
6.857211e+03 1.051907e+02 9.151573e+01 2.278086e+03 8.354218e+03
6.861532e+03 1.051907e+02 9.152004e+01 2.278415e+03 8.360805e+03
6.865853e+03 1.051907e+02 9.152434e+01 2.278743e+03 8.367392e+03
6.870174e+03 1.051907e+02 9.152863e+01 2.279071e+03 8.373979e+03
6.874495e+03 1.051907e+02 9.153291e+01 2.279398e+03 8.380567e+03
6.878816e+03 1.051907e+02 9.153718e+01 2.279723e+03 8.387155e+03
6.883137e+03 1.051907e+02 9.154144e+01 2.280049e+03 8.393743e+03
6.887457e+03 1.051907e+02 9.154569e+01 2.280373e+03 8.400332e+03
6.891778e+03 1.051907e+02 9.154993e+01 2.280697e+03 8.406921e+03
6.896099e+03 1.051907e+02 9.155415e+01 2.281020e+03 8.413510e+03
6.900420e+03 1.051907e+02 9.155837e+01 2.281343e+03 8.420100e+03
6.904741e+03 1.051907e+02 9.156258e+01 2.281664e+03 8.426690e+03
6.909062e+03 1.051907e+02 9.156677e+01 2.281985e+03 8.433280e+03
6.913383e+03 1.051907e+02 9.157096e+01 2.282306e+03 8.439870e+03
6.917704e+03 1.051907e+02 9.157513e+01 2.282625e+03 8.446461e+03
6.922024e+03 1.051907e+02 9.157929e+01 2.282944e+03 8.453052e+03
6.926345e+03 1.051907e+02 9.158345e+01 2.283262e+03 8.459643e+03
6.930666e+03 1.051907e+02 9.158759e+01 2.283580e+03 8.466234e+03
6.934987e+03 1.051907e+02 9.159172e+01 2.283896e+03 8.472826e+03
6.939308e+03 1.051907e+02 9.159585e+01 2.284213e+03 8.479418e+03
6.943629e+03 1.051907e+02 9.159996e+01 2.284528e+03 8.486010e+03
6.947950e+03 1.051907e+02 9.160406e+01 2.284843e+03 8.492603e+03
6.952270e+03 1.051907e+02 9.160815e+01 2.285157e+03 8.499196e+03
6.956591e+03 1.051907e+02 9.161224e+01 2.285470e+03 8.505789e+03
6.960912e+03 1.051907e+02 9.161631e+01 2.285783e+03 8.512382e+03
6.965233e+03 1.051907e+02 9.162037e+01 2.286095e+03 8.518976e+03
6.969554e+03 1.051907e+02 9.162442e+01 2.286406e+03 8.525570e+03
6.973875e+03 1.051907e+02 9.162846e+01 2.286716e+03 8.532164e+03
6.978196e+03 1.051907e+02 9.163249e+01 2.287026e+03 8.538758e+03
6.982517e+03 1.051907e+02 9.163651e+01 2.287335e+03 8.545353e+03
6.986837e+03 1.051907e+02 9.164052e+01 2.287644e+03 8.551948e+03
6.991158e+03 1.051907e+02 9.164453e+01 2.287952e+03 8.558543e+03
6.995479e+03 1.051907e+02 9.164852e+01 2.288259e+03 8.565138e+03
6.999800e+03 1.051907e+02 9.165250e+01 2.288565e+03 8.571734e+03
7.004121e+03 1.051907e+02 9.165647e+01 2.288871e+03 8.578329e+03
7.008442e+03 1.051907e+02 9.166043e+01 2.289176e+03 8.584925e+03
7.012763e+03 1.051907e+02 9.166438e+01 2.289481e+03 8.591522e+03
7.017083e+03 1.051907e+02 9.166832e+01 2.289785e+03 8.598118e+03
7.021404e+03 1.051907e+02 9.167225e+01 2.290088e+03 8.604715e+03
7.025725e+03 1.051907e+02 9.167618e+01 2.290390e+03 8.611312e+03
7.030046e+03 1.051907e+02 9.168009e+01 2.290692e+03 8.617909e+03
7.034367e+03 1.051907e+02 9.168399e+01 2.290993e+03 8.624506e+03
7.038688e+03 1.051907e+02 9.168788e+01 2.291294e+03 8.631104e+03
7.043009e+03 1.051907e+02 9.169177e+01 2.291594e+03 8.637702e+03
7.047329e+03 1.051907e+02 9.169564e+01 2.291893e+03 8.644300e+03
7.051650e+03 1.051907e+02 9.169950e+01 2.292191e+03 8.650898e+03
7.055971e+03 1.051907e+02 9.170336e+01 2.292489e+03 8.657496e+03
7.060292e+03 1.051907e+02 9.170720e+01 2.292786e+03 8.664095e+03
7.064613e+03 1.051907e+02 9.171104e+01 2.293083e+03 8.670694e+03
7.068934e+03 1.051907e+02 9.171486e+01 2.293378e+03 8.677293e+03
7.073255e+03 1.051907e+02 9.171868e+01 2.293674e+03 8.683892e+03
7.077576e+03 1.051907e+02 9.172248e+01 2.293968e+03 8.690492e+03
7.081896e+03 1.051907e+02 9.172628e+01 2.294262e+03 8.697091e+03
7.086217e+03 1.051907e+02 9.173007e+01 2.294555e+03 8.703691e+03
7.090538e+03 1.051907e+02 9.173384e+01 2.294848e+03 8.710291e+03
7.094859e+03 1.051907e+02 9.173761e+01 2.295140e+03 8.716891e+03
7.099180e+03 1.051907e+02 9.174137e+01 2.295431e+03 8.723492e+03
7.103501e+03 1.051907e+02 9.174512e+01 2.295722e+03 8.730092e+03
7.107822e+03 1.051907e+02 9.174886e+01 2.296012e+03 8.736693e+03
7.112142e+03 1.051907e+02 9.175259e+01 2.296301e+03 8.743294e+03
7.116463e+03 1.051907e+02 9.175631e+01 2.296590e+03 8.749895e+03
7.120784e+03 1.051907e+02 9.176003e+01 2.296878e+03 8.756497e+03
7.125105e+03 1.051907e+02 9.176373e+01 2.297166e+03 8.763098e+03
7.129426e+03 1.051907e+02 9.176742e+01 2.297452e+03 8.769700e+03
7.133747e+03 1.051907e+02 9.177111e+01 2.297739e+03 8.776301e+03
7.138068e+03 1.051907e+02 9.177478e+01 2.298024e+03 8.782903e+03
7.142388e+03 1.051907e+02 9.177845e+01 2.298309e+03 8.789506e+03
7.146709e+03 1.051907e+02 9.178210e+01 2.298594e+03 8.796108e+03
7.151030e+03 1.051907e+02 9.178575e+01 2.298877e+03 8.802710e+03
7.155351e+03 1.051907e+02 9.178939e+01 2.299160e+03 8.809313e+03
7.159672e+03 1.051907e+02 9.179302e+01 2.299443e+03 8.815916e+03
7.163993e+03 1.051907e+02 9.179664e+01 2.299724e+03 8.822519e+03
7.168314e+03 1.051907e+02 9.180025e+01 2.300006e+03 8.829122e+03
7.172635e+03 1.051907e+02 9.180386e+01 2.300286e+03 8.835725e+03
7.176955e+03 1.051907e+02 9.180745e+01 2.300566e+03 8.842328e+03
7.181276e+03 1.051907e+02 9.181103e+01 2.300845e+03 8.848932e+03
7.185597e+03 1.051907e+02 9.181461e+01 2.301124e+03 8.855536e+03
7.189918e+03 1.051907e+02 9.181818e+01 2.301402e+03 8.862139e+03
7.194239e+03 1.051907e+02 9.182173e+01 2.301680e+03 8.868743e+03
7.198560e+03 1.051907e+02 9.182528e+01 2.301956e+03 8.875347e+03
7.202881e+03 1.051907e+02 9.182882e+01 2.302233e+03 8.881952e+03
7.207201e+03 1.051907e+02 9.183236e+01 2.302508e+03 8.888556e+03
7.211522e+03 1.051907e+02 9.183588e+01 2.302783e+03 8.895161e+03
7.215843e+03 1.051907e+02 9.183939e+01 2.303058e+03 8.901765e+03
7.220164e+03 1.051907e+02 9.184290e+01 2.303331e+03 8.908370e+03
7.224485e+03 1.051907e+02 9.184639e+01 2.303605e+03 8.914975e+03
7.228806e+03 1.051907e+02 9.184988e+01 2.303877e+03 8.921580e+03
7.233127e+03 1.051907e+02 9.185336e+01 2.304149e+03 8.928185e+03
7.237447e+03 1.051907e+02 9.185683e+01 2.304421e+03 8.934790e+03
7.241768e+03 1.051907e+02 9.186029e+01 2.304691e+03 8.941395e+03
7.246089e+03 1.051907e+02 9.186374e+01 2.304961e+03 8.948001e+03
7.250410e+03 1.051907e+02 9.186719e+01 2.305231e+03 8.954607e+03
7.254731e+03 1.051907e+02 9.187062e+01 2.305500e+03 8.961212e+03
7.259052e+03 1.051907e+02 9.187405e+01 2.305768e+03 8.967818e+03
7.263373e+03 1.051907e+02 9.187747e+01 2.306036e+03 8.974424e+03
7.267694e+03 1.051907e+02 9.188088e+01 2.306303e+03 8.981030e+03
7.272014e+03 1.051907e+02 9.188428e+01 2.306570e+03 8.987636e+03
7.276335e+03 1.051907e+02 9.188767e+01 2.306836e+03 8.994242e+03
7.280656e+03 1.051907e+02 9.189106e+01 2.307101e+03 9.000849e+03
7.284977e+03 1.051907e+02 9.189443e+01 2.307366e+03 9.007455e+03
7.289298e+03 1.051907e+02 9.189780e+01 2.307630e+03 9.014061e+03
7.293619e+03 1.051907e+02 9.190116e+01 2.307894e+03 9.020668e+03
7.297940e+03 1.051907e+02 9.190451e+01 2.308157e+03 9.027275e+03
7.302260e+03 1.051907e+02 9.190785e+01 2.308419e+03 9.033882e+03
7.306581e+03 1.051907e+02 9.191119e+01 2.308681e+03 9.040488e+03
7.310902e+03 1.051907e+02 9.191451e+01 2.308943e+03 9.047095e+03
7.315223e+03 1.051907e+02 9.191783e+01 2.309203e+03 9.053702e+03
7.319544e+03 1.051907e+02 9.192114e+01 2.309463e+03 9.060310e+03
7.323865e+03 1.051907e+02 9.192444e+01 2.309723e+03 9.066917e+03
7.328186e+03 1.051907e+02 9.192774e+01 2.309982e+03 9.073524e+03
7.332507e+03 1.051907e+02 9.193102e+01 2.310240e+03 9.080131e+03
7.336827e+03 1.051907e+02 9.193430e+01 2.310498e+03 9.086739e+03
7.341148e+03 1.051907e+02 9.193756e+01 2.310755e+03 9.093346e+03
7.345469e+03 1.051907e+02 9.194082e+01 2.311012e+03 9.099954e+03
7.349790e+03 1.051907e+02 9.194408e+01 2.311268e+03 9.106561e+03
7.354111e+03 1.051907e+02 9.194732e+01 2.311524e+03 9.113169e+03
7.358432e+03 1.051907e+02 9.195056e+01 2.311779e+03 9.119777e+03
7.362753e+03 1.051907e+02 9.195378e+01 2.312033e+03 9.126385e+03
7.367073e+03 1.051907e+02 9.195700e+01 2.312287e+03 9.132993e+03
7.371394e+03 1.051907e+02 9.196022e+01 2.312540e+03 9.139601e+03
7.375715e+03 1.051907e+02 9.196342e+01 2.312793e+03 9.146209e+03
7.380036e+03 1.051907e+02 9.196661e+01 2.313045e+03 9.152817e+03
7.384357e+03 1.051907e+02 9.196980e+01 2.313297e+03 9.159425e+03
7.388678e+03 1.051907e+02 9.197298e+01 2.313548e+03 9.166033e+03
7.392999e+03 1.051907e+02 9.197615e+01 2.313798e+03 9.172641e+03
7.397319e+03 1.051907e+02 9.197932e+01 2.314048e+03 9.179249e+03
7.401640e+03 1.051907e+02 9.198247e+01 2.314297e+03 9.185858e+03
7.405961e+03 1.051907e+02 9.198562e+01 2.314546e+03 9.192466e+03
7.410282e+03 1.051907e+02 9.198876e+01 2.314794e+03 9.199074e+03
7.414603e+03 1.051907e+02 9.199189e+01 2.315042e+03 9.205683e+03
7.418924e+03 1.051907e+02 9.199502e+01 2.315289e+03 9.212291e+03
7.423245e+03 1.051907e+02 9.199814e+01 2.315536e+03 9.218900e+03
7.427566e+03 1.051907e+02 9.200124e+01 2.315782e+03 9.225508e+03
7.431886e+03 1.051907e+02 9.200435e+01 2.316027e+03 9.232117e+03
7.436207e+03 1.051907e+02 9.200744e+01 2.316272e+03 9.238725e+03
7.440528e+03 1.051907e+02 9.201053e+01 2.316516e+03 9.245334e+03
7.444849e+03 1.051907e+02 9.201360e+01 2.316760e+03 9.251943e+03
7.449170e+03 1.051907e+02 9.201667e+01 2.317003e+03 9.258551e+03
7.453491e+03 1.051907e+02 9.201974e+01 2.317246e+03 9.265160e+03
7.457812e+03 1.051907e+02 9.202279e+01 2.317488e+03 9.271769e+03
7.462132e+03 1.051907e+02 9.202584e+01 2.317730e+03 9.278377e+03
7.466453e+03 1.051907e+02 9.202888e+01 2.317971e+03 9.284986e+03
7.470774e+03 1.051907e+02 9.203191e+01 2.318212e+03 9.291595e+03
7.475095e+03 1.051907e+02 9.203494e+01 2.318452e+03 9.298204e+03
7.479416e+03 1.051907e+02 9.203795e+01 2.318691e+03 9.304813e+03
7.483737e+03 1.051907e+02 9.204096e+01 2.318930e+03 9.311421e+03
7.488058e+03 1.051907e+02 9.204397e+01 2.319169e+03 9.318030e+03
7.492378e+03 1.051907e+02 9.204696e+01 2.319407e+03 9.324639e+03
7.496699e+03 1.051907e+02 9.204995e+01 2.319644e+03 9.331248e+03
7.501020e+03 1.051907e+02 9.205293e+01 2.319881e+03 9.337857e+03
7.505341e+03 1.051907e+02 9.205590e+01 2.320117e+03 9.344466e+03
7.509662e+03 1.051907e+02 9.205886e+01 2.320353e+03 9.351074e+03
7.513983e+03 1.051907e+02 9.206182e+01 2.320588e+03 9.357683e+03
7.518304e+03 1.051907e+02 9.206477e+01 2.320823e+03 9.364292e+03
7.522625e+03 1.051907e+02 9.206771e+01 2.321057e+03 9.370901e+03
7.526945e+03 1.051907e+02 9.207065e+01 2.321291e+03 9.377510e+03
7.531266e+03 1.051907e+02 9.207358e+01 2.321524e+03 9.384119e+03
7.535587e+03 1.051907e+02 9.207650e+01 2.321756e+03 9.390727e+03
7.539908e+03 1.051907e+02 9.207941e+01 2.321989e+03 9.397336e+03
7.544229e+03 1.051907e+02 9.208232e+01 2.322220e+03 9.403945e+03
7.548550e+03 1.051907e+02 9.208522e+01 2.322451e+03 9.410554e+03
7.552871e+03 1.051907e+02 9.208811e+01 2.322682e+03 9.417162e+03
7.557191e+03 1.051907e+02 9.209099e+01 2.322912e+03 9.423771e+03
7.561512e+03 1.051907e+02 9.209387e+01 2.323141e+03 9.430380e+03
7.565833e+03 1.051907e+02 9.209674e+01 2.323370e+03 9.436988e+03
7.570154e+03 1.051907e+02 9.209960e+01 2.323599e+03 9.443597e+03
7.574475e+03 1.051907e+02 9.210246e+01 2.323827e+03 9.450206e+03
7.578796e+03 1.051907e+02 9.210531e+01 2.324054e+03 9.456814e+03
7.583117e+03 1.051907e+02 9.210815e+01 2.324281e+03 9.463423e+03
7.587437e+03 1.051907e+02 9.211099e+01 2.324508e+03 9.470031e+03
7.591758e+03 1.051907e+02 9.211381e+01 2.324734e+03 9.476640e+03
7.596079e+03 1.051907e+02 9.211663e+01 2.324959e+03 9.483248e+03
7.600400e+03 1.051907e+02 9.211945e+01 2.325184e+03 9.489857e+03
7.604721e+03 1.051907e+02 9.212225e+01 2.325408e+03 9.496465e+03
7.609042e+03 1.051907e+02 9.212505e+01 2.325632e+03 9.503074e+03
7.613363e+03 1.051907e+02 9.212785e+01 2.325856e+03 9.509682e+03
7.617684e+03 1.051907e+02 9.213063e+01 2.326079e+03 9.516290e+03
7.622004e+03 1.051907e+02 9.213341e+01 2.326301e+03 9.522898e+03
7.626325e+03 1.051907e+02 9.213618e+01 2.326523e+03 9.529507e+03
7.630646e+03 1.051907e+02 9.213895e+01 2.326744e+03 9.536115e+03
7.634967e+03 1.051907e+02 9.214170e+01 2.326965e+03 9.542723e+03
7.639288e+03 1.051907e+02 9.214445e+01 2.327186e+03 9.549331e+03
7.643609e+03 1.051907e+02 9.214720e+01 2.327406e+03 9.555939e+03
7.647930e+03 1.051907e+02 9.214994e+01 2.327625e+03 9.562547e+03
7.652250e+03 1.051907e+02 9.215267e+01 2.327844e+03 9.569155e+03
7.656571e+03 1.051907e+02 9.215539e+01 2.328062e+03 9.575763e+03
7.660892e+03 1.051907e+02 9.215811e+01 2.328280e+03 9.582370e+03
7.665213e+03 1.051907e+02 9.216082e+01 2.328498e+03 9.588978e+03
7.669534e+03 1.051907e+02 9.216352e+01 2.328715e+03 9.595586e+03
7.673855e+03 1.051907e+02 9.216622e+01 2.328931e+03 9.602193e+03
7.678176e+03 1.051907e+02 9.216891e+01 2.329147e+03 9.608801e+03
7.682496e+03 1.051907e+02 9.217159e+01 2.329363e+03 9.615408e+03
7.686817e+03 1.051907e+02 9.217427e+01 2.329578e+03 9.622016e+03
7.691138e+03 1.051907e+02 9.217694e+01 2.329792e+03 9.628623e+03
7.695459e+03 1.051907e+02 9.217960e+01 2.330006e+03 9.635230e+03
7.699780e+03 1.051907e+02 9.218225e+01 2.330220e+03 9.641837e+03
7.704101e+03 1.051907e+02 9.218490e+01 2.330433e+03 9.648444e+03
7.708422e+03 1.051907e+02 9.218755e+01 2.330646e+03 9.655051e+03
7.712743e+03 1.051907e+02 9.219018e+01 2.330858e+03 9.661658e+03
7.717063e+03 1.051907e+02 9.219281e+01 2.331070e+03 9.668265e+03
7.721384e+03 1.051907e+02 9.219544e+01 2.331281e+03 9.674872e+03
7.725705e+03 1.051907e+02 9.219805e+01 2.331492e+03 9.681478e+03
7.730026e+03 1.051907e+02 9.220066e+01 2.331702e+03 9.688085e+03
7.734347e+03 1.051907e+02 9.220327e+01 2.331912e+03 9.694692e+03
7.738668e+03 1.051907e+02 9.220587e+01 2.332121e+03 9.701298e+03
7.742989e+03 1.051907e+02 9.220846e+01 2.332330e+03 9.707904e+03
7.747309e+03 1.051907e+02 9.221104e+01 2.332538e+03 9.714511e+03
7.751630e+03 1.051907e+02 9.221362e+01 2.332746e+03 9.721117e+03
7.755951e+03 1.051907e+02 9.221619e+01 2.332953e+03 9.727723e+03
7.760272e+03 1.051907e+02 9.221876e+01 2.333160e+03 9.734329e+03
7.764593e+03 1.051907e+02 9.222131e+01 2.333367e+03 9.740935e+03
7.768914e+03 1.051907e+02 9.222387e+01 2.333573e+03 9.747540e+03
7.773235e+03 1.051907e+02 9.222641e+01 2.333778e+03 9.754146e+03
7.777556e+03 1.051907e+02 9.222895e+01 2.333983e+03 9.760752e+03
7.781876e+03 1.051907e+02 9.223149e+01 2.334188e+03 9.767357e+03
7.786197e+03 1.051907e+02 9.223401e+01 2.334392e+03 9.773962e+03
7.790518e+03 1.051907e+02 9.223653e+01 2.334596e+03 9.780568e+03
7.794839e+03 1.051907e+02 9.223905e+01 2.334799e+03 9.787173e+03
7.799160e+03 1.051907e+02 9.224156e+01 2.335002e+03 9.793778e+03
7.803481e+03 1.051907e+02 9.224406e+01 2.335204e+03 9.800383e+03
7.807802e+03 1.051907e+02 9.224655e+01 2.335406e+03 9.806987e+03
7.812122e+03 1.051907e+02 9.224904e+01 2.335608e+03 9.813592e+03
7.816443e+03 1.051907e+02 9.225153e+01 2.335809e+03 9.820197e+03
7.820764e+03 1.051907e+02 9.225400e+01 2.336009e+03 9.826801e+03
7.825085e+03 1.051907e+02 9.225647e+01 2.336209e+03 9.833406e+03
7.829406e+03 1.051907e+02 9.225894e+01 2.336409e+03 9.840010e+03
7.833727e+03 1.051907e+02 9.226140e+01 2.336608e+03 9.846614e+03
7.838048e+03 1.051907e+02 9.226385e+01 2.336807e+03 9.853218e+03
7.842368e+03 1.051907e+02 9.226630e+01 2.337005e+03 9.859822e+03
7.846689e+03 1.051907e+02 9.226874e+01 2.337203e+03 9.866425e+03
7.851010e+03 1.051907e+02 9.227117e+01 2.337400e+03 9.873029e+03
7.855331e+03 1.051907e+02 9.227360e+01 2.337597e+03 9.879632e+03
7.859652e+03 1.051907e+02 9.227602e+01 2.337793e+03 9.886236e+03
7.863973e+03 1.051907e+02 9.227844e+01 2.337989e+03 9.892839e+03
7.868294e+03 1.051907e+02 9.228084e+01 2.338185e+03 9.899442e+03
7.872615e+03 1.051907e+02 9.228325e+01 2.338380e+03 9.906045e+03
7.876935e+03 1.051907e+02 9.228565e+01 2.338575e+03 9.912648e+03
7.881256e+03 1.051907e+02 9.228804e+01 2.338769e+03 9.919250e+03
7.885577e+03 1.051907e+02 9.229042e+01 2.338963e+03 9.925853e+03
7.889898e+03 1.051907e+02 9.229280e+01 2.339156e+03 9.932455e+03
7.894219e+03 1.051907e+02 9.229518e+01 2.339349e+03 9.939058e+03
7.898540e+03 1.051907e+02 9.229755e+01 2.339542e+03 9.945660e+03
7.902861e+03 1.051907e+02 9.229991e+01 2.339734e+03 9.952262e+03
7.907181e+03 1.051907e+02 9.230226e+01 2.339926e+03 9.958863e+03
7.911502e+03 1.051907e+02 9.230462e+01 2.340117e+03 9.965465e+03
7.915823e+03 1.051907e+02 9.230696e+01 2.340308e+03 9.972067e+03
7.920144e+03 1.051907e+02 9.230930e+01 2.340498e+03 9.978668e+03
7.924465e+03 1.051907e+02 9.231163e+01 2.340688e+03 9.985269e+03
7.928786e+03 1.051907e+02 9.231396e+01 2.340877e+03 9.991870e+03
7.933107e+03 1.051907e+02 9.231628e+01 2.341066e+03 9.998471e+03
7.937427e+03 1.051907e+02 9.231860e+01 2.341255e+03 1.000507e+04
7.941748e+03 1.051907e+02 9.232090e+01 2.341443e+03 1.001167e+04
7.946069e+03 1.051907e+02 9.232321e+01 2.341631e+03 1.001827e+04
7.950390e+03 1.051907e+02 9.232551e+01 2.341818e+03 1.002487e+04
7.954711e+03 1.051907e+02 9.232780e+01 2.342005e+03 1.003147e+04
7.959032e+03 1.051907e+02 9.233009e+01 2.342192e+03 1.003807e+04
7.963353e+03 1.051907e+02 9.233237e+01 2.342378e+03 1.004467e+04
7.967674e+03 1.051907e+02 9.233464e+01 2.342563e+03 1.005127e+04
7.971994e+03 1.051907e+02 9.233691e+01 2.342749e+03 1.005787e+04
7.976315e+03 1.051907e+02 9.233918e+01 2.342934e+03 1.006447e+04
7.980636e+03 1.051907e+02 9.234143e+01 2.343118e+03 1.007107e+04
7.984957e+03 1.051907e+02 9.234369e+01 2.343302e+03 1.007767e+04
7.989278e+03 1.051907e+02 9.234593e+01 2.343485e+03 1.008427e+04
7.993599e+03 1.051907e+02 9.234818e+01 2.343669e+03 1.009087e+04
7.997920e+03 1.051907e+02 9.235041e+01 2.343851e+03 1.009747e+04
8.002240e+03 1.051907e+02 9.235264e+01 2.344034e+03 1.010406e+04
8.006561e+03 1.051907e+02 9.235487e+01 2.344216e+03 1.011066e+04
8.010882e+03 1.051907e+02 9.235709e+01 2.344397e+03 1.011726e+04
8.015203e+03 1.051907e+02 9.235930e+01 2.344578e+03 1.012386e+04
8.019524e+03 1.051907e+02 9.236151e+01 2.344759e+03 1.013045e+04
8.023845e+03 1.051907e+02 9.236371e+01 2.344939e+03 1.013705e+04
8.028166e+03 1.051907e+02 9.236591e+01 2.345119e+03 1.014365e+04
8.032486e+03 1.051907e+02 9.236810e+01 2.345298e+03 1.015025e+04
8.036807e+03 1.051907e+02 9.237029e+01 2.345477e+03 1.015684e+04
8.041128e+03 1.051907e+02 9.237247e+01 2.345656e+03 1.016344e+04
8.045449e+03 1.051907e+02 9.237464e+01 2.345834e+03 1.017004e+04
8.049770e+03 1.051907e+02 9.237681e+01 2.346012e+03 1.017663e+04
8.054091e+03 1.051907e+02 9.237898e+01 2.346189e+03 1.018323e+04
8.058412e+03 1.051907e+02 9.238113e+01 2.346366e+03 1.018982e+04
8.062733e+03 1.051907e+02 9.238329e+01 2.346543e+03 1.019642e+04
8.067053e+03 1.051907e+02 9.238544e+01 2.346719e+03 1.020301e+04
8.071374e+03 1.051907e+02 9.238758e+01 2.346895e+03 1.020961e+04
8.075695e+03 1.051907e+02 9.238972e+01 2.347071e+03 1.021621e+04
8.080016e+03 1.051907e+02 9.239185e+01 2.347246e+03 1.022280e+04
8.084337e+03 1.051907e+02 9.239398e+01 2.347420e+03 1.022939e+04
8.088658e+03 1.051907e+02 9.239610e+01 2.347594e+03 1.023599e+04
8.092979e+03 1.051907e+02 9.239821e+01 2.347768e+03 1.024258e+04
8.097299e+03 1.051907e+02 9.240033e+01 2.347942e+03 1.024918e+04
8.101620e+03 1.051907e+02 9.240243e+01 2.348115e+03 1.025577e+04
8.105941e+03 1.051907e+02 9.240453e+01 2.348287e+03 1.026236e+04
8.110262e+03 1.051907e+02 9.240663e+01 2.348460e+03 1.026896e+04
8.114583e+03 1.051907e+02 9.240872e+01 2.348631e+03 1.027555e+04
8.118904e+03 1.051907e+02 9.241080e+01 2.348803e+03 1.028214e+04
8.123225e+03 1.051907e+02 9.241288e+01 2.348974e+03 1.028874e+04
8.127546e+03 1.051907e+02 9.241496e+01 2.349145e+03 1.029533e+04
8.131866e+03 1.051907e+02 9.241703e+01 2.349315e+03 1.030192e+04
8.136187e+03 1.051907e+02 9.241909e+01 2.349485e+03 1.030851e+04
8.140508e+03 1.051907e+02 9.242115e+01 2.349654e+03 1.031511e+04
8.144829e+03 1.051907e+02 9.242320e+01 2.349823e+03 1.032170e+04
8.149150e+03 1.051907e+02 9.242525e+01 2.349992e+03 1.032829e+04
8.153471e+03 1.051907e+02 9.242730e+01 2.350161e+03 1.033488e+04
8.157792e+03 1.051907e+02 9.242933e+01 2.350329e+03 1.034147e+04
8.162112e+03 1.051907e+02 9.243137e+01 2.350496e+03 1.034806e+04
8.166433e+03 1.051907e+02 9.243340e+01 2.350663e+03 1.035465e+04
8.170754e+03 1.051907e+02 9.243542e+01 2.350830e+03 1.036124e+04
8.175075e+03 1.051907e+02 9.243744e+01 2.350997e+03 1.036783e+04
8.179396e+03 1.051907e+02 9.243945e+01 2.351163e+03 1.037442e+04
8.183717e+03 1.051907e+02 9.244146e+01 2.351329e+03 1.038101e+04
8.188038e+03 1.051907e+02 9.244346e+01 2.351494e+03 1.038760e+04
8.192358e+03 1.051907e+02 9.244546e+01 2.351659e+03 1.039419e+04
8.196679e+03 1.051907e+02 9.244745e+01 2.351823e+03 1.040078e+04
8.201000e+03 1.051907e+02 9.244944e+01 2.351988e+03 1.040737e+04
8.205321e+03 1.051907e+02 9.245142e+01 2.352151e+03 1.041396e+04
8.209642e+03 1.051907e+02 9.245340e+01 2.352315e+03 1.042055e+04
8.213963e+03 1.051907e+02 9.245538e+01 2.352478e+03 1.042713e+04
8.218284e+03 1.051907e+02 9.245735e+01 2.352641e+03 1.043372e+04
8.222605e+03 1.051907e+02 9.245931e+01 2.352803e+03 1.044031e+04
8.226925e+03 1.051907e+02 9.246127e+01 2.352965e+03 1.044690e+04
8.231246e+03 1.051907e+02 9.246322e+01 2.353127e+03 1.045348e+04
8.235567e+03 1.051907e+02 9.246517e+01 2.353288e+03 1.046007e+04
8.239888e+03 1.051907e+02 9.246711e+01 2.353449e+03 1.046666e+04
8.244209e+03 1.051907e+02 9.246905e+01 2.353609e+03 1.047324e+04
8.248530e+03 1.051907e+02 9.247099e+01 2.353769e+03 1.047983e+04
8.252851e+03 1.051907e+02 9.247292e+01 2.353929e+03 1.048641e+04
8.257171e+03 1.051907e+02 9.247484e+01 2.354088e+03 1.049300e+04
8.261492e+03 1.051907e+02 9.247676e+01 2.354247e+03 1.049958e+04
8.265813e+03 1.051907e+02 9.247868e+01 2.354406e+03 1.050617e+04
8.270134e+03 1.051907e+02 9.248059e+01 2.354564e+03 1.051275e+04
8.274455e+03 1.051907e+02 9.248249e+01 2.354722e+03 1.051934e+04
8.278776e+03 1.051907e+02 9.248439e+01 2.354880e+03 1.052592e+04
8.283097e+03 1.051907e+02 9.248629e+01 2.355037e+03 1.053251e+04
8.287417e+03 1.051907e+02 9.248818e+01 2.355194e+03 1.053909e+04
8.291738e+03 1.051907e+02 9.249007e+01 2.355351e+03 1.054567e+04
8.296059e+03 1.051907e+02 9.249195e+01 2.355507e+03 1.055226e+04
8.300380e+03 1.051907e+02 9.249383e+01 2.355663e+03 1.055884e+04
8.304701e+03 1.051907e+02 9.249570e+01 2.355818e+03 1.056542e+04
8.309022e+03 1.051907e+02 9.249757e+01 2.355973e+03 1.057201e+04
8.313343e+03 1.051907e+02 9.249943e+01 2.356128e+03 1.057859e+04
8.317664e+03 1.051907e+02 9.250129e+01 2.356282e+03 1.058517e+04
8.321984e+03 1.051907e+02 9.250314e+01 2.356436e+03 1.059175e+04
8.326305e+03 1.051907e+02 9.250499e+01 2.356590e+03 1.059833e+04
8.330626e+03 1.051907e+02 9.250684e+01 2.356743e+03 1.060491e+04
8.334947e+03 1.051907e+02 9.250868e+01 2.356896e+03 1.061149e+04
8.339268e+03 1.051907e+02 9.251051e+01 2.357049e+03 1.061807e+04
8.343589e+03 1.051907e+02 9.251234e+01 2.357201e+03 1.062466e+04
8.347910e+03 1.051907e+02 9.251417e+01 2.357353e+03 1.063124e+04
8.352230e+03 1.051907e+02 9.251599e+01 2.357505e+03 1.063781e+04
8.356551e+03 1.051907e+02 9.251781e+01 2.357656e+03 1.064439e+04
8.360872e+03 1.051907e+02 9.251962e+01 2.357807e+03 1.065097e+04
8.365193e+03 1.051907e+02 9.252143e+01 2.357957e+03 1.065755e+04
8.369514e+03 1.051907e+02 9.252323e+01 2.358108e+03 1.066413e+04
8.373835e+03 1.051907e+02 9.252503e+01 2.358257e+03 1.067071e+04
8.378156e+03 1.051907e+02 9.252683e+01 2.358407e+03 1.067729e+04
8.382476e+03 1.051907e+02 9.252862e+01 2.358556e+03 1.068386e+04
8.386797e+03 1.051907e+02 9.253040e+01 2.358705e+03 1.069044e+04
8.391118e+03 1.051907e+02 9.253219e+01 2.358853e+03 1.069702e+04
8.395439e+03 1.051907e+02 9.253396e+01 2.359002e+03 1.070360e+04
8.399760e+03 1.051907e+02 9.253574e+01 2.359149e+03 1.071017e+04
8.404081e+03 1.051907e+02 9.253750e+01 2.359297e+03 1.071675e+04
8.408402e+03 1.051907e+02 9.253927e+01 2.359444e+03 1.072333e+04
8.412723e+03 1.051907e+02 9.254103e+01 2.359591e+03 1.072990e+04
8.417043e+03 1.051907e+02 9.254278e+01 2.359737e+03 1.073648e+04
8.421364e+03 1.051907e+02 9.254453e+01 2.359883e+03 1.074305e+04
8.425685e+03 1.051907e+02 9.254628e+01 2.360029e+03 1.074963e+04
8.430006e+03 1.051907e+02 9.254802e+01 2.360175e+03 1.075620e+04
8.434327e+03 1.051907e+02 9.254976e+01 2.360320e+03 1.076277e+04
8.438648e+03 1.051907e+02 9.255149e+01 2.360465e+03 1.076935e+04
8.442969e+03 1.051907e+02 9.255322e+01 2.360609e+03 1.077592e+04
8.447289e+03 1.051907e+02 9.255494e+01 2.360753e+03 1.078250e+04
8.451610e+03 1.051907e+02 9.255666e+01 2.360897e+03 1.078907e+04
8.455931e+03 1.051907e+02 9.255838e+01 2.361040e+03 1.079564e+04
8.460252e+03 1.051907e+02 9.256009e+01 2.361184e+03 1.080221e+04
8.464573e+03 1.051907e+02 9.256180e+01 2.361326e+03 1.080879e+04
8.468894e+03 1.051907e+02 9.256350e+01 2.361469e+03 1.081536e+04
8.473215e+03 1.051907e+02 9.256520e+01 2.361611e+03 1.082193e+04
8.477536e+03 1.051907e+02 9.256689e+01 2.361753e+03 1.082850e+04
8.481856e+03 1.051907e+02 9.256859e+01 2.361894e+03 1.083507e+04
8.486177e+03 1.051907e+02 9.257027e+01 2.362036e+03 1.084164e+04
8.490498e+03 1.051907e+02 9.257195e+01 2.362176e+03 1.084821e+04
8.494819e+03 1.051907e+02 9.257363e+01 2.362317e+03 1.085478e+04
8.499140e+03 1.051907e+02 9.257530e+01 2.362457e+03 1.086135e+04
8.503461e+03 1.051907e+02 9.257697e+01 2.362597e+03 1.086792e+04
8.507782e+03 1.051907e+02 9.257864e+01 2.362737e+03 1.087449e+04
8.512102e+03 1.051907e+02 9.258030e+01 2.362876e+03 1.088106e+04
8.516423e+03 1.051907e+02 9.258196e+01 2.363015e+03 1.088763e+04
8.520744e+03 1.051907e+02 9.258361e+01 2.363153e+03 1.089419e+04
8.525065e+03 1.051907e+02 9.258526e+01 2.363292e+03 1.090076e+04
8.529386e+03 1.051907e+02 9.258690e+01 2.363430e+03 1.090733e+04
8.533707e+03 1.051907e+02 9.258854e+01 2.363567e+03 1.091390e+04
8.538028e+03 1.051907e+02 9.259018e+01 2.363705e+03 1.092046e+04
8.542348e+03 1.051907e+02 9.259181e+01 2.363842e+03 1.092703e+04
8.546669e+03 1.051907e+02 9.259344e+01 2.363978e+03 1.093360e+04
8.550990e+03 1.051907e+02 9.259506e+01 2.364115e+03 1.094016e+04
8.555311e+03 1.051907e+02 9.259668e+01 2.364251e+03 1.094673e+04
8.559632e+03 1.051907e+02 9.259830e+01 2.364387e+03 1.095329e+04
8.563953e+03 1.051907e+02 9.259991e+01 2.364522e+03 1.095986e+04
8.568274e+03 1.051907e+02 9.260152e+01 2.364657e+03 1.096642e+04
8.572595e+03 1.051907e+02 9.260312e+01 2.364792e+03 1.097299e+04
8.576915e+03 1.051907e+02 9.260472e+01 2.364927e+03 1.097955e+04
8.581236e+03 1.051907e+02 9.260632e+01 2.365061e+03 1.098611e+04
8.585557e+03 1.051907e+02 9.260791e+01 2.365195e+03 1.099268e+04
8.589878e+03 1.051907e+02 9.260950e+01 2.365329e+03 1.099924e+04
8.594199e+03 1.051907e+02 9.261108e+01 2.365462e+03 1.100580e+04
8.598520e+03 1.051907e+02 9.261266e+01 2.365595e+03 1.101236e+04
8.602841e+03 1.051907e+02 9.261424e+01 2.365728e+03 1.101893e+04
8.607161e+03 1.051907e+02 9.261581e+01 2.365860e+03 1.102549e+04
8.611482e+03 1.051907e+02 9.261738e+01 2.365992e+03 1.103205e+04
8.615803e+03 1.051907e+02 9.261895e+01 2.366124e+03 1.103861e+04
8.620124e+03 1.051907e+02 9.262051e+01 2.366255e+03 1.104517e+04
8.624445e+03 1.051907e+02 9.262206e+01 2.366386e+03 1.105173e+04
8.628766e+03 1.051907e+02 9.262362e+01 2.366517e+03 1.105829e+04
8.633087e+03 1.051907e+02 9.262516e+01 2.366648e+03 1.106485e+04
8.637407e+03 1.051907e+02 9.262671e+01 2.366778e+03 1.107141e+04
8.641728e+03 1.051907e+02 9.262825e+01 2.366908e+03 1.107797e+04
8.646049e+03 1.051907e+02 9.262979e+01 2.367038e+03 1.108452e+04
8.650370e+03 1.051907e+02 9.263132e+01 2.367167e+03 1.109108e+04
8.654691e+03 1.051907e+02 9.263285e+01 2.367296e+03 1.109764e+04
8.659012e+03 1.051907e+02 9.263438e+01 2.367425e+03 1.110420e+04
8.663333e+03 1.051907e+02 9.263590e+01 2.367554e+03 1.111075e+04
8.667654e+03 1.051907e+02 9.263742e+01 2.367682e+03 1.111731e+04
8.671974e+03 1.051907e+02 9.263893e+01 2.367810e+03 1.112387e+04
8.676295e+03 1.051907e+02 9.264044e+01 2.367937e+03 1.113042e+04
8.680616e+03 1.051907e+02 9.264195e+01 2.368065e+03 1.113698e+04
8.684937e+03 1.051907e+02 9.264345e+01 2.368192e+03 1.114353e+04
8.689258e+03 1.051907e+02 9.264495e+01 2.368318e+03 1.115009e+04
8.693579e+03 1.051907e+02 9.264645e+01 2.368445e+03 1.115664e+04
8.697900e+03 1.051907e+02 9.264794e+01 2.368571e+03 1.116320e+04
8.702220e+03 1.051907e+02 9.264943e+01 2.368697e+03 1.116975e+04
8.706541e+03 1.051907e+02 9.265091e+01 2.368822e+03 1.117630e+04
8.710862e+03 1.051907e+02 9.265239e+01 2.368947e+03 1.118286e+04
8.715183e+03 1.051907e+02 9.265387e+01 2.369072e+03 1.118941e+04
8.719504e+03 1.051907e+02 9.265534e+01 2.369197e+03 1.119596e+04
8.723825e+03 1.051907e+02 9.265681e+01 2.369322e+03 1.120251e+04
8.728146e+03 1.051907e+02 9.265828e+01 2.369446e+03 1.120907e+04
8.732466e+03 1.051907e+02 9.265974e+01 2.369570e+03 1.121562e+04
8.736787e+03 1.051907e+02 9.266120e+01 2.369693e+03 1.122217e+04
8.741108e+03 1.051907e+02 9.266265e+01 2.369816e+03 1.122872e+04
8.745429e+03 1.051907e+02 9.266411e+01 2.369939e+03 1.123527e+04
8.749750e+03 1.051907e+02 9.266555e+01 2.370062e+03 1.124182e+04
8.754071e+03 1.051907e+02 9.266700e+01 2.370184e+03 1.124837e+04
8.758392e+03 1.051907e+02 9.266844e+01 2.370307e+03 1.125492e+04
8.762713e+03 1.051907e+02 9.266988e+01 2.370428e+03 1.126147e+04
8.767033e+03 1.051907e+02 9.267131e+01 2.370550e+03 1.126801e+04
8.771354e+03 1.051907e+02 9.267274e+01 2.370671e+03 1.127456e+04
8.775675e+03 1.051907e+02 9.267417e+01 2.370792e+03 1.128111e+04
8.779996e+03 1.051907e+02 9.267559e+01 2.370913e+03 1.128766e+04
8.784317e+03 1.051907e+02 9.267701e+01 2.371033e+03 1.129420e+04
8.788638e+03 1.051907e+02 9.267842e+01 2.371154e+03 1.130075e+04
8.792959e+03 1.051907e+02 9.267984e+01 2.371274e+03 1.130730e+04
8.797279e+03 1.051907e+02 9.268124e+01 2.371393e+03 1.131384e+04
8.801600e+03 1.051907e+02 9.268265e+01 2.371512e+03 1.132039e+04
8.805921e+03 1.051907e+02 9.268405e+01 2.371632e+03 1.132693e+04
8.810242e+03 1.051907e+02 9.268545e+01 2.371750e+03 1.133348e+04
8.814563e+03 1.051907e+02 9.268684e+01 2.371869e+03 1.134002e+04
8.818884e+03 1.051907e+02 9.268823e+01 2.371987e+03 1.134656e+04
8.823205e+03 1.051907e+02 9.268962e+01 2.372105e+03 1.135311e+04
8.827526e+03 1.051907e+02 9.269101e+01 2.372223e+03 1.135965e+04
8.831846e+03 1.051907e+02 9.269239e+01 2.372340e+03 1.136619e+04
8.836167e+03 1.051907e+02 9.269376e+01 2.372457e+03 1.137273e+04
8.840488e+03 1.051907e+02 9.269514e+01 2.372574e+03 1.137928e+04
8.844809e+03 1.051907e+02 9.269651e+01 2.372691e+03 1.138582e+04
8.849130e+03 1.051907e+02 9.269788e+01 2.372807e+03 1.139236e+04
8.853451e+03 1.051907e+02 9.269924e+01 2.372923e+03 1.139890e+04
8.857772e+03 1.051907e+02 9.270060e+01 2.373039e+03 1.140544e+04
8.862092e+03 1.051907e+02 9.270196e+01 2.373155e+03 1.141198e+04
8.866413e+03 1.051907e+02 9.270331e+01 2.373270e+03 1.141852e+04
8.870734e+03 1.051907e+02 9.270466e+01 2.373385e+03 1.142506e+04
8.875055e+03 1.051907e+02 9.270601e+01 2.373500e+03 1.143160e+04
8.879376e+03 1.051907e+02 9.270735e+01 2.373614e+03 1.143813e+04
8.883697e+03 1.051907e+02 9.270869e+01 2.373728e+03 1.144467e+04
8.888018e+03 1.051907e+02 9.271003e+01 2.373842e+03 1.145121e+04
8.892338e+03 1.051907e+02 9.271136e+01 2.373956e+03 1.145775e+04
8.896659e+03 1.051907e+02 9.271269e+01 2.374069e+03 1.146428e+04
8.900980e+03 1.051907e+02 9.271402e+01 2.374183e+03 1.147082e+04
8.905301e+03 1.051907e+02 9.271534e+01 2.374296e+03 1.147736e+04
8.909622e+03 1.051907e+02 9.271666e+01 2.374408e+03 1.148389e+04
8.913943e+03 1.051907e+02 9.271798e+01 2.374521e+03 1.149043e+04
8.918264e+03 1.051907e+02 9.271929e+01 2.374633e+03 1.149696e+04
8.922585e+03 1.051907e+02 9.272060e+01 2.374745e+03 1.150350e+04
8.926905e+03 1.051907e+02 9.272191e+01 2.374856e+03 1.151003e+04
8.931226e+03 1.051907e+02 9.272321e+01 2.374967e+03 1.151656e+04
8.935547e+03 1.051907e+02 9.272451e+01 2.375079e+03 1.152310e+04
8.939868e+03 1.051907e+02 9.272581e+01 2.375189e+03 1.152963e+04
8.944189e+03 1.051907e+02 9.272710e+01 2.375300e+03 1.153616e+04
8.948510e+03 1.051907e+02 9.272839e+01 2.375410e+03 1.154269e+04
8.952831e+03 1.051907e+02 9.272968e+01 2.375520e+03 1.154922e+04
8.957151e+03 1.051907e+02 9.273097e+01 2.375630e+03 1.155575e+04
8.961472e+03 1.051907e+02 9.273225e+01 2.375740e+03 1.156229e+04
8.965793e+03 1.051907e+02 9.273352e+01 2.375849e+03 1.156882e+04
8.970114e+03 1.051907e+02 9.273480e+01 2.375958e+03 1.157535e+04
8.974435e+03 1.051907e+02 9.273607e+01 2.376067e+03 1.158187e+04
8.978756e+03 1.051907e+02 9.273734e+01 2.376175e+03 1.158840e+04
8.983077e+03 1.051907e+02 9.273860e+01 2.376284e+03 1.159493e+04
8.987397e+03 1.051907e+02 9.273987e+01 2.376392e+03 1.160146e+04
8.991718e+03 1.051907e+02 9.274112e+01 2.376500e+03 1.160799e+04
8.996039e+03 1.051907e+02 9.274238e+01 2.376607e+03 1.161451e+04
9.000360e+03 1.051907e+02 9.274363e+01 2.376714e+03 1.162104e+04
9.004681e+03 1.051907e+02 9.274488e+01 2.376821e+03 1.162757e+04
9.009002e+03 1.051907e+02 9.274613e+01 2.376928e+03 1.163409e+04
9.013323e+03 1.051907e+02 9.274737e+01 2.377035e+03 1.164062e+04
9.017644e+03 1.051907e+02 9.274861e+01 2.377141e+03 1.164714e+04
9.021964e+03 1.051907e+02 9.274985e+01 2.377247e+03 1.165367e+04
9.026285e+03 1.051907e+02 9.275108e+01 2.377353e+03 1.166019e+04
9.030606e+03 1.051907e+02 9.275231e+01 2.377458e+03 1.166672e+04
9.034927e+03 1.051907e+02 9.275354e+01 2.377564e+03 1.167324e+04
9.039248e+03 1.051907e+02 9.275477e+01 2.377669e+03 1.167976e+04
9.043569e+03 1.051907e+02 9.275599e+01 2.377774e+03 1.168629e+04
9.047890e+03 1.051907e+02 9.275721e+01 2.377878e+03 1.169281e+04
9.052210e+03 1.051907e+02 9.275842e+01 2.377983e+03 1.169933e+04
9.056531e+03 1.051907e+02 9.275964e+01 2.378087e+03 1.170585e+04
9.060852e+03 1.051907e+02 9.276085e+01 2.378191e+03 1.171237e+04
9.065173e+03 1.051907e+02 9.276205e+01 2.378294e+03 1.171889e+04
9.069494e+03 1.051907e+02 9.276326e+01 2.378398e+03 1.172541e+04
9.073815e+03 1.051907e+02 9.276446e+01 2.378501e+03 1.173193e+04
9.078136e+03 1.051907e+02 9.276565e+01 2.378604e+03 1.173845e+04
9.082456e+03 1.051907e+02 9.276685e+01 2.378706e+03 1.174497e+04
9.086777e+03 1.051907e+02 9.276804e+01 2.378809e+03 1.175149e+04
9.091098e+03 1.051907e+02 9.276923e+01 2.378911e+03 1.175801e+04
9.095419e+03 1.051907e+02 9.277041e+01 2.379013e+03 1.176452e+04
9.099740e+03 1.051907e+02 9.277160e+01 2.379115e+03 1.177104e+04
9.104061e+03 1.051907e+02 9.277278e+01 2.379216e+03 1.177756e+04
9.108382e+03 1.051907e+02 9.277395e+01 2.379317e+03 1.178407e+04
9.112703e+03 1.051907e+02 9.277513e+01 2.379418e+03 1.179059e+04
9.117023e+03 1.051907e+02 9.277630e+01 2.379519e+03 1.179711e+04
9.121344e+03 1.051907e+02 9.277747e+01 2.379620e+03 1.180362e+04
9.125665e+03 1.051907e+02 9.277863e+01 2.379720e+03 1.181013e+04
9.129986e+03 1.051907e+02 9.277979e+01 2.379820e+03 1.181665e+04
9.134307e+03 1.051907e+02 9.278095e+01 2.379920e+03 1.182316e+04
9.138628e+03 1.051907e+02 9.278211e+01 2.380020e+03 1.182968e+04
9.142949e+03 1.051907e+02 9.278326e+01 2.380119e+03 1.183619e+04
9.147269e+03 1.051907e+02 9.278441e+01 2.380218e+03 1.184270e+04
9.151590e+03 1.051907e+02 9.278556e+01 2.380317e+03 1.184921e+04
9.155911e+03 1.051907e+02 9.278671e+01 2.380416e+03 1.185572e+04
9.160232e+03 1.051907e+02 9.278785e+01 2.380514e+03 1.186223e+04
9.164553e+03 1.051907e+02 9.278899e+01 2.380612e+03 1.186874e+04
9.168874e+03 1.051907e+02 9.279012e+01 2.380710e+03 1.187525e+04
9.173195e+03 1.051907e+02 9.279126e+01 2.380808e+03 1.188176e+04
9.177516e+03 1.051907e+02 9.279239e+01 2.380906e+03 1.188827e+04
9.181836e+03 1.051907e+02 9.279352e+01 2.381003e+03 1.189478e+04
9.186157e+03 1.051907e+02 9.279464e+01 2.381100e+03 1.190129e+04
9.190478e+03 1.051907e+02 9.279576e+01 2.381197e+03 1.190780e+04
9.194799e+03 1.051907e+02 9.279688e+01 2.381294e+03 1.191430e+04
9.199120e+03 1.051907e+02 9.279800e+01 2.381390e+03 1.192081e+04
9.203441e+03 1.051907e+02 9.279911e+01 2.381486e+03 1.192732e+04
9.207762e+03 1.051907e+02 9.280022e+01 2.381582e+03 1.193382e+04
9.212082e+03 1.051907e+02 9.280133e+01 2.381678e+03 1.194033e+04
9.216403e+03 1.051907e+02 9.280244e+01 2.381774e+03 1.194683e+04
9.220724e+03 1.051907e+02 9.280354e+01 2.381869e+03 1.195334e+04
9.225045e+03 1.051907e+02 9.280464e+01 2.381964e+03 1.195984e+04
9.229366e+03 1.051907e+02 9.280574e+01 2.382059e+03 1.196635e+04
9.233687e+03 1.051907e+02 9.280683e+01 2.382153e+03 1.197285e+04
9.238008e+03 1.051907e+02 9.280792e+01 2.382248e+03 1.197935e+04
9.242328e+03 1.051907e+02 9.280901e+01 2.382342e+03 1.198585e+04
9.246649e+03 1.051907e+02 9.281010e+01 2.382436e+03 1.199236e+04
9.250970e+03 1.051907e+02 9.281118e+01 2.382530e+03 1.199886e+04
9.255291e+03 1.051907e+02 9.281226e+01 2.382623e+03 1.200536e+04
9.259612e+03 1.051907e+02 9.281334e+01 2.382717e+03 1.201186e+04
9.263933e+03 1.051907e+02 9.281442e+01 2.382810e+03 1.201836e+04
9.268254e+03 1.051907e+02 9.281549e+01 2.382903e+03 1.202486e+04
9.272575e+03 1.051907e+02 9.281656e+01 2.382995e+03 1.203136e+04
9.276895e+03 1.051907e+02 9.281763e+01 2.383088e+03 1.203786e+04
9.281216e+03 1.051907e+02 9.281869e+01 2.383180e+03 1.204435e+04
9.285537e+03 1.051907e+02 9.281976e+01 2.383272e+03 1.205085e+04
9.289858e+03 1.051907e+02 9.282082e+01 2.383364e+03 1.205735e+04
9.294179e+03 1.051907e+02 9.282187e+01 2.383456e+03 1.206384e+04
9.298500e+03 1.051907e+02 9.282293e+01 2.383547e+03 1.207034e+04
9.302821e+03 1.051907e+02 9.282398e+01 2.383638e+03 1.207684e+04
9.307141e+03 1.051907e+02 9.282503e+01 2.383729e+03 1.208333e+04
9.311462e+03 1.051907e+02 9.282607e+01 2.383820e+03 1.208983e+04
9.315783e+03 1.051907e+02 9.282712e+01 2.383910e+03 1.209632e+04
9.320104e+03 1.051907e+02 9.282816e+01 2.384001e+03 1.210281e+04
9.324425e+03 1.051907e+02 9.282920e+01 2.384091e+03 1.210931e+04
9.328746e+03 1.051907e+02 9.283023e+01 2.384181e+03 1.211580e+04
9.333067e+03 1.051907e+02 9.283127e+01 2.384270e+03 1.212229e+04
9.337387e+03 1.051907e+02 9.283230e+01 2.384360e+03 1.212879e+04
9.341708e+03 1.051907e+02 9.283333e+01 2.384449e+03 1.213528e+04
9.346029e+03 1.051907e+02 9.283435e+01 2.384538e+03 1.214177e+04
9.350350e+03 1.051907e+02 9.283538e+01 2.384627e+03 1.214826e+04
9.354671e+03 1.051907e+02 9.283640e+01 2.384716e+03 1.215475e+04
9.358992e+03 1.051907e+02 9.283741e+01 2.384804e+03 1.216124e+04
9.363313e+03 1.051907e+02 9.283843e+01 2.384893e+03 1.216773e+04
9.367634e+03 1.051907e+02 9.283944e+01 2.384981e+03 1.217422e+04
9.371954e+03 1.051907e+02 9.284045e+01 2.385069e+03 1.218070e+04
9.376275e+03 1.051907e+02 9.284146e+01 2.385156e+03 1.218719e+04
9.380596e+03 1.051907e+02 9.284247e+01 2.385244e+03 1.219368e+04
9.384917e+03 1.051907e+02 9.284347e+01 2.385331e+03 1.220017e+04
9.389238e+03 1.051907e+02 9.284447e+01 2.385418e+03 1.220665e+04
9.393559e+03 1.051907e+02 9.284547e+01 2.385505e+03 1.221314e+04
9.397880e+03 1.051907e+02 9.284646e+01 2.385591e+03 1.221962e+04
9.402200e+03 1.051907e+02 9.284746e+01 2.385678e+03 1.222611e+04
9.406521e+03 1.051907e+02 9.284845e+01 2.385764e+03 1.223259e+04
9.410842e+03 1.051907e+02 9.284944e+01 2.385850e+03 1.223908e+04
9.415163e+03 1.051907e+02 9.285042e+01 2.385936e+03 1.224556e+04
9.419484e+03 1.051907e+02 9.285140e+01 2.386021e+03 1.225204e+04
9.423805e+03 1.051907e+02 9.285239e+01 2.386107e+03 1.225852e+04
9.428126e+03 1.051907e+02 9.285336e+01 2.386192e+03 1.226501e+04
9.432446e+03 1.051907e+02 9.285434e+01 2.386277e+03 1.227149e+04
9.436767e+03 1.051907e+02 9.285531e+01 2.386362e+03 1.227797e+04
9.441088e+03 1.051907e+02 9.285628e+01 2.386446e+03 1.228445e+04
9.445409e+03 1.051907e+02 9.285725e+01 2.386531e+03 1.229093e+04
9.449730e+03 1.051907e+02 9.285822e+01 2.386615e+03 1.229741e+04
9.454051e+03 1.051907e+02 9.285918e+01 2.386699e+03 1.230389e+04
9.458372e+03 1.051907e+02 9.286014e+01 2.386783e+03 1.231037e+04
9.462693e+03 1.051907e+02 9.286110e+01 2.386867e+03 1.231684e+04
9.467013e+03 1.051907e+02 9.286206e+01 2.386950e+03 1.232332e+04
9.471334e+03 1.051907e+02 9.286301e+01 2.387033e+03 1.232980e+04
9.475655e+03 1.051907e+02 9.286396e+01 2.387116e+03 1.233628e+04
9.479976e+03 1.051907e+02 9.286491e+01 2.387199e+03 1.234275e+04
9.484297e+03 1.051907e+02 9.286586e+01 2.387282e+03 1.234923e+04
9.488618e+03 1.051907e+02 9.286680e+01 2.387364e+03 1.235570e+04
9.492939e+03 1.051907e+02 9.286775e+01 2.387447e+03 1.236218e+04
9.497259e+03 1.051907e+02 9.286869e+01 2.387529e+03 1.236865e+04
9.501580e+03 1.051907e+02 9.286962e+01 2.387611e+03 1.237512e+04
9.505901e+03 1.051907e+02 9.287056e+01 2.387692e+03 1.238160e+04
9.510222e+03 1.051907e+02 9.287149e+01 2.387774e+03 1.238807e+04
9.514543e+03 1.051907e+02 9.287242e+01 2.387855e+03 1.239454e+04
9.518864e+03 1.051907e+02 9.287335e+01 2.387936e+03 1.240101e+04
9.523185e+03 1.051907e+02 9.287428e+01 2.388017e+03 1.240748e+04
9.527506e+03 1.051907e+02 9.287520e+01 2.388098e+03 1.241395e+04
9.531826e+03 1.051907e+02 9.287612e+01 2.388179e+03 1.242042e+04
9.536147e+03 1.051907e+02 9.287704e+01 2.388259e+03 1.242689e+04
9.540468e+03 1.051907e+02 9.287796e+01 2.388339e+03 1.243336e+04
9.544789e+03 1.051907e+02 9.287887e+01 2.388419e+03 1.243983e+04
9.549110e+03 1.051907e+02 9.287978e+01 2.388499e+03 1.244630e+04
9.553431e+03 1.051907e+02 9.288069e+01 2.388579e+03 1.245277e+04
9.557752e+03 1.051907e+02 9.288160e+01 2.388658e+03 1.245923e+04
9.562072e+03 1.051907e+02 9.288251e+01 2.388737e+03 1.246570e+04
9.566393e+03 1.051907e+02 9.288341e+01 2.388816e+03 1.247217e+04
9.570714e+03 1.051907e+02 9.288431e+01 2.388895e+03 1.247863e+04
9.575035e+03 1.051907e+02 9.288521e+01 2.388974e+03 1.248510e+04
9.579356e+03 1.051907e+02 9.288611e+01 2.389053e+03 1.249156e+04
9.583677e+03 1.051907e+02 9.288700e+01 2.389131e+03 1.249803e+04
9.587998e+03 1.051907e+02 9.288789e+01 2.389209e+03 1.250449e+04
9.592318e+03 1.051907e+02 9.288878e+01 2.389287e+03 1.251095e+04
9.596639e+03 1.051907e+02 9.288967e+01 2.389365e+03 1.251741e+04
9.600960e+03 1.051907e+02 9.289055e+01 2.389442e+03 1.252388e+04
9.605281e+03 1.051907e+02 9.289144e+01 2.389520e+03 1.253034e+04
9.609602e+03 1.051907e+02 9.289232e+01 2.389597e+03 1.253680e+04
9.613923e+03 1.051907e+02 9.289320e+01 2.389674e+03 1.254326e+04
9.618244e+03 1.051907e+02 9.289407e+01 2.389751e+03 1.254972e+04
9.622565e+03 1.051907e+02 9.289495e+01 2.389828e+03 1.255618e+04
9.626885e+03 1.051907e+02 9.289582e+01 2.389904e+03 1.256264e+04
9.631206e+03 1.051907e+02 9.289669e+01 2.389981e+03 1.256910e+04
9.635527e+03 1.051907e+02 9.289756e+01 2.390057e+03 1.257555e+04
9.639848e+03 1.051907e+02 9.289842e+01 2.390133e+03 1.258201e+04
9.644169e+03 1.051907e+02 9.289929e+01 2.390209e+03 1.258847e+04
9.648490e+03 1.051907e+02 9.290015e+01 2.390284e+03 1.259492e+04
9.652811e+03 1.051907e+02 9.290101e+01 2.390360e+03 1.260138e+04
9.657131e+03 1.051907e+02 9.290186e+01 2.390435e+03 1.260784e+04
9.661452e+03 1.051907e+02 9.290272e+01 2.390510e+03 1.261429e+04
9.665773e+03 1.051907e+02 9.290357e+01 2.390585e+03 1.262074e+04
9.670094e+03 1.051907e+02 9.290442e+01 2.390660e+03 1.262720e+04
9.674415e+03 1.051907e+02 9.290527e+01 2.390734e+03 1.263365e+04
9.678736e+03 1.051907e+02 9.290612e+01 2.390809e+03 1.264010e+04
9.683057e+03 1.051907e+02 9.290696e+01 2.390883e+03 1.264656e+04
9.687377e+03 1.051907e+02 9.290780e+01 2.390957e+03 1.265301e+04
9.691698e+03 1.051907e+02 9.290864e+01 2.391031e+03 1.265946e+04
9.696019e+03 1.051907e+02 9.290948e+01 2.391105e+03 1.266591e+04
9.700340e+03 1.051907e+02 9.291032e+01 2.391178e+03 1.267236e+04
9.704661e+03 1.051907e+02 9.291115e+01 2.391252e+03 1.267881e+04
9.708982e+03 1.051907e+02 9.291198e+01 2.391325e+03 1.268526e+04
9.713303e+03 1.051907e+02 9.291281e+01 2.391398e+03 1.269171e+04
9.717624e+03 1.051907e+02 9.291364e+01 2.391471e+03 1.269815e+04
9.721944e+03 1.051907e+02 9.291446e+01 2.391543e+03 1.270460e+04
9.726265e+03 1.051907e+02 9.291529e+01 2.391616e+03 1.271105e+04
9.730586e+03 1.051907e+02 9.291611e+01 2.391688e+03 1.271750e+04
9.734907e+03 1.051907e+02 9.291693e+01 2.391760e+03 1.272394e+04
9.739228e+03 1.051907e+02 9.291775e+01 2.391832e+03 1.273039e+04
9.743549e+03 1.051907e+02 9.291856e+01 2.391904e+03 1.273683e+04
9.747870e+03 1.051907e+02 9.291937e+01 2.391976e+03 1.274328e+04
9.752190e+03 1.051907e+02 9.292018e+01 2.392047e+03 1.274972e+04
9.756511e+03 1.051907e+02 9.292099e+01 2.392119e+03 1.275616e+04
9.760832e+03 1.051907e+02 9.292180e+01 2.392190e+03 1.276261e+04
9.765153e+03 1.051907e+02 9.292261e+01 2.392261e+03 1.276905e+04
9.769474e+03 1.051907e+02 9.292341e+01 2.392332e+03 1.277549e+04
9.773795e+03 1.051907e+02 9.292421e+01 2.392402e+03 1.278193e+04
9.778116e+03 1.051907e+02 9.292501e+01 2.392473e+03 1.278837e+04
9.782436e+03 1.051907e+02 9.292581e+01 2.392543e+03 1.279481e+04
9.786757e+03 1.051907e+02 9.292660e+01 2.392613e+03 1.280125e+04
9.791078e+03 1.051907e+02 9.292739e+01 2.392683e+03 1.280769e+04
9.795399e+03 1.051907e+02 9.292819e+01 2.392753e+03 1.281413e+04
9.799720e+03 1.051907e+02 9.292897e+01 2.392823e+03 1.282057e+04
9.804041e+03 1.051907e+02 9.292976e+01 2.392892e+03 1.282700e+04
9.808362e+03 1.051907e+02 9.293055e+01 2.392962e+03 1.283344e+04
9.812683e+03 1.051907e+02 9.293133e+01 2.393031e+03 1.283988e+04
9.817003e+03 1.051907e+02 9.293211e+01 2.393100e+03 1.284631e+04
9.821324e+03 1.051907e+02 9.293289e+01 2.393169e+03 1.285275e+04
9.825645e+03 1.051907e+02 9.293367e+01 2.393237e+03 1.285918e+04
9.829966e+03 1.051907e+02 9.293444e+01 2.393306e+03 1.286562e+04
9.834287e+03 1.051907e+02 9.293522e+01 2.393374e+03 1.287205e+04
9.838608e+03 1.051907e+02 9.293599e+01 2.393443e+03 1.287848e+04
9.842929e+03 1.051907e+02 9.293676e+01 2.393511e+03 1.288492e+04
9.847249e+03 1.051907e+02 9.293753e+01 2.393578e+03 1.289135e+04
9.851570e+03 1.051907e+02 9.293829e+01 2.393646e+03 1.289778e+04
9.855891e+03 1.051907e+02 9.293906e+01 2.393714e+03 1.290421e+04
9.860212e+03 1.051907e+02 9.293982e+01 2.393781e+03 1.291064e+04
9.864533e+03 1.051907e+02 9.294058e+01 2.393848e+03 1.291707e+04
9.868854e+03 1.051907e+02 9.294134e+01 2.393916e+03 1.292350e+04
9.873175e+03 1.051907e+02 9.294209e+01 2.393983e+03 1.292993e+04
9.877495e+03 1.051907e+02 9.294285e+01 2.394049e+03 1.293636e+04
9.881816e+03 1.051907e+02 9.294360e+01 2.394116e+03 1.294279e+04
9.886137e+03 1.051907e+02 9.294435e+01 2.394182e+03 1.294921e+04
9.890458e+03 1.051907e+02 9.294510e+01 2.394249e+03 1.295564e+04
9.894779e+03 1.051907e+02 9.294585e+01 2.394315e+03 1.296207e+04
9.899100e+03 1.051907e+02 9.294659e+01 2.394381e+03 1.296849e+04
9.903421e+03 1.051907e+02 9.294734e+01 2.394447e+03 1.297492e+04
9.907742e+03 1.051907e+02 9.294808e+01 2.394512e+03 1.298134e+04
9.912062e+03 1.051907e+02 9.294882e+01 2.394578e+03 1.298776e+04
9.916383e+03 1.051907e+02 9.294955e+01 2.394643e+03 1.299419e+04
9.920704e+03 1.051907e+02 9.295029e+01 2.394709e+03 1.300061e+04
9.925025e+03 1.051907e+02 9.295102e+01 2.394774e+03 1.300703e+04
9.929346e+03 1.051907e+02 9.295176e+01 2.394839e+03 1.301345e+04
9.933667e+03 1.051907e+02 9.295249e+01 2.394903e+03 1.301988e+04
9.937988e+03 1.051907e+02 9.295321e+01 2.394968e+03 1.302630e+04
9.942308e+03 1.051907e+02 9.295394e+01 2.395033e+03 1.303272e+04
9.946629e+03 1.051907e+02 9.295467e+01 2.395097e+03 1.303914e+04
9.950950e+03 1.051907e+02 9.295539e+01 2.395161e+03 1.304556e+04
9.955271e+03 1.051907e+02 9.295611e+01 2.395225e+03 1.305197e+04
9.959592e+03 1.051907e+02 9.295683e+01 2.395289e+03 1.305839e+04
9.963913e+03 1.051907e+02 9.295755e+01 2.395353e+03 1.306481e+04
9.968234e+03 1.051907e+02 9.295826e+01 2.395416e+03 1.307123e+04
9.972555e+03 1.051907e+02 9.295898e+01 2.395480e+03 1.307764e+04
9.976875e+03 1.051907e+02 9.295969e+01 2.395543e+03 1.308406e+04
9.981196e+03 1.051907e+02 9.296040e+01 2.395606e+03 1.309047e+04
9.985517e+03 1.051907e+02 9.296111e+01 2.395669e+03 1.309689e+04
9.989838e+03 1.051907e+02 9.296182e+01 2.395732e+03 1.310330e+04
9.994159e+03 1.051907e+02 9.296252e+01 2.395794e+03 1.310972e+04
9.998480e+03 1.051907e+02 9.296323e+01 2.395857e+03 1.311613e+04
1.000280e+04 1.051907e+02 9.296393e+01 2.395919e+03 1.312254e+04
1.000712e+04 1.051907e+02 9.296463e+01 2.395982e+03 1.312895e+04
1.001144e+04 1.051907e+02 9.296533e+01 2.396044e+03 1.313536e+04
1.001576e+04 1.051907e+02 9.296602e+01 2.396106e+03 1.314177e+04
1.002008e+04 1.051907e+02 9.296672e+01 2.396167e+03 1.314818e+04
1.002440e+04 1.051907e+02 9.296741e+01 2.396229e+03 1.315459e+04
1.002873e+04 1.051907e+02 9.296810e+01 2.396291e+03 1.316100e+04
1.003305e+04 1.051907e+02 9.296879e+01 2.396352e+03 1.316741e+04
1.003737e+04 1.051907e+02 9.296948e+01 2.396413e+03 1.317382e+04
1.004169e+04 1.051907e+02 9.297016e+01 2.396474e+03 1.318023e+04
1.004601e+04 1.051907e+02 9.297085e+01 2.396535e+03 1.318663e+04
1.005033e+04 1.051907e+02 9.297153e+01 2.396596e+03 1.319304e+04
1.005465e+04 1.051907e+02 9.297221e+01 2.396657e+03 1.319945e+04
1.005897e+04 1.051907e+02 9.297289e+01 2.396717e+03 1.320585e+04
1.006329e+04 1.051907e+02 9.297357e+01 2.396777e+03 1.321226e+04
1.006761e+04 1.051907e+02 9.297425e+01 2.396838e+03 1.321866e+04
1.007193e+04 1.051907e+02 9.297492e+01 2.396898e+03 1.322506e+04
1.007626e+04 1.051907e+02 9.297559e+01 2.396958e+03 1.323147e+04
1.008058e+04 1.051907e+02 9.297626e+01 2.397018e+03 1.323787e+04
1.008490e+04 1.051907e+02 9.297693e+01 2.397077e+03 1.324427e+04
1.008922e+04 1.051907e+02 9.297760e+01 2.397137e+03 1.325067e+04
1.009354e+04 1.051907e+02 9.297827e+01 2.397196e+03 1.325707e+04
1.009786e+04 1.051907e+02 9.297893e+01 2.397255e+03 1.326347e+04
1.010218e+04 1.051907e+02 9.297959e+01 2.397314e+03 1.326987e+04
1.010650e+04 1.051907e+02 9.298025e+01 2.397373e+03 1.327627e+04
1.011082e+04 1.051907e+02 9.298091e+01 2.397432e+03 1.328267e+04
1.011514e+04 1.051907e+02 9.298157e+01 2.397491e+03 1.328907e+04
1.011946e+04 1.051907e+02 9.298223e+01 2.397549e+03 1.329546e+04
1.012378e+04 1.051907e+02 9.298288e+01 2.397608e+03 1.330186e+04
1.012811e+04 1.051907e+02 9.298353e+01 2.397666e+03 1.330826e+04
1.013243e+04 1.051907e+02 9.298418e+01 2.397724e+03 1.331465e+04
1.013675e+04 1.051907e+02 9.298483e+01 2.397782e+03 1.332105e+04
1.014107e+04 1.051907e+02 9.298548e+01 2.397840e+03 1.332744e+04
1.014539e+04 1.051907e+02 9.298613e+01 2.397898e+03 1.333384e+04
1.014971e+04 1.051907e+02 9.298677e+01 2.397955e+03 1.334023e+04
1.015403e+04 1.051907e+02 9.298742e+01 2.398013e+03 1.334662e+04
1.015835e+04 1.051907e+02 9.298806e+01 2.398070e+03 1.335301e+04
1.016267e+04 1.051907e+02 9.298870e+01 2.398127e+03 1.335941e+04
1.016699e+04 1.051907e+02 9.298934e+01 2.398184e+03 1.336580e+04
1.017131e+04 1.051907e+02 9.298997e+01 2.398241e+03 1.337219e+04
1.017564e+04 1.051907e+02 9.299061e+01 2.398298e+03 1.337858e+04
1.017996e+04 1.051907e+02 9.299124e+01 2.398355e+03 1.338497e+04
1.018428e+04 1.051907e+02 9.299187e+01 2.398411e+03 1.339136e+04
1.018860e+04 1.051907e+02 9.299250e+01 2.398467e+03 1.339774e+04
1.019292e+04 1.051907e+02 9.299313e+01 2.398524e+03 1.340413e+04
1.019724e+04 1.051907e+02 9.299376e+01 2.398580e+03 1.341052e+04
1.020156e+04 1.051907e+02 9.299438e+01 2.398636e+03 1.341690e+04
1.020588e+04 1.051907e+02 9.299501e+01 2.398692e+03 1.342329e+04
1.021020e+04 1.051907e+02 9.299563e+01 2.398747e+03 1.342968e+04
1.021452e+04 1.051907e+02 9.299625e+01 2.398803e+03 1.343606e+04
1.021884e+04 1.051907e+02 9.299687e+01 2.398858e+03 1.344244e+04
1.022316e+04 1.051907e+02 9.299749e+01 2.398914e+03 1.344883e+04
1.022749e+04 1.051907e+02 9.299811e+01 2.398969e+03 1.345521e+04
1.023181e+04 1.051907e+02 9.299872e+01 2.399024e+03 1.346159e+04
1.023613e+04 1.051907e+02 9.299933e+01 2.399079e+03 1.346798e+04
1.024045e+04 1.051907e+02 9.299994e+01 2.399134e+03 1.347436e+04
1.024477e+04 1.051907e+02 9.300056e+01 2.399188e+03 1.348074e+04
1.024909e+04 1.051907e+02 9.300116e+01 2.399243e+03 1.348712e+04
1.025341e+04 1.051907e+02 9.300177e+01 2.399297e+03 1.349350e+04
1.025773e+04 1.051907e+02 9.300238e+01 2.399351e+03 1.349988e+04
1.026205e+04 1.051907e+02 9.300298e+01 2.399406e+03 1.350625e+04
1.026637e+04 1.051907e+02 9.300358e+01 2.399460e+03 1.351263e+04
1.027069e+04 1.051907e+02 9.300418e+01 2.399513e+03 1.351901e+04
1.027502e+04 1.051907e+02 9.300478e+01 2.399567e+03 1.352539e+04
1.027934e+04 1.051907e+02 9.300538e+01 2.399621e+03 1.353176e+04
1.028366e+04 1.051907e+02 9.300598e+01 2.399674e+03 1.353814e+04
1.028798e+04 1.051907e+02 9.300657e+01 2.399728e+03 1.354451e+04
1.029230e+04 1.051907e+02 9.300717e+01 2.399781e+03 1.355089e+04
1.029662e+04 1.051907e+02 9.300776e+01 2.399834e+03 1.355726e+04
1.030094e+04 1.051907e+02 9.300835e+01 2.399887e+03 1.356363e+04
1.030526e+04 1.051907e+02 9.300894e+01 2.399940e+03 1.357001e+04
1.030958e+04 1.051907e+02 9.300953e+01 2.399993e+03 1.357638e+04
1.031390e+04 1.051907e+02 9.301011e+01 2.400045e+03 1.358275e+04
1.031822e+04 1.051907e+02 9.301070e+01 2.400098e+03 1.358912e+04
1.032254e+04 1.051907e+02 9.301128e+01 2.400150e+03 1.359549e+04
1.032687e+04 1.051907e+02 9.301186e+01 2.400203e+03 1.360186e+04
1.033119e+04 1.051907e+02 9.301244e+01 2.400255e+03 1.360823e+04
1.033551e+04 1.051907e+02 9.301302e+01 2.400307e+03 1.361460e+04
1.033983e+04 1.051907e+02 9.301360e+01 2.400359e+03 1.362097e+04
1.034415e+04 1.051907e+02 9.301418e+01 2.400410e+03 1.362733e+04
1.034847e+04 1.051907e+02 9.301475e+01 2.400462e+03 1.363370e+04
1.035279e+04 1.051907e+02 9.301532e+01 2.400514e+03 1.364007e+04
1.035711e+04 1.051907e+02 9.301590e+01 2.400565e+03 1.364643e+04
1.036143e+04 1.051907e+02 9.301647e+01 2.400616e+03 1.365280e+04
1.036575e+04 1.051907e+02 9.301704e+01 2.400667e+03 1.365916e+04
1.037007e+04 1.051907e+02 9.301760e+01 2.400719e+03 1.366553e+04
1.037439e+04 1.051907e+02 9.301817e+01 2.400769e+03 1.367189e+04
1.037872e+04 1.051907e+02 9.301873e+01 2.400820e+03 1.367825e+04
1.038304e+04 1.051907e+02 9.301930e+01 2.400871e+03 1.368461e+04
1.038736e+04 1.051907e+02 9.301986e+01 2.400921e+03 1.369098e+04
1.039168e+04 1.051907e+02 9.302042e+01 2.400972e+03 1.369734e+04
1.039600e+04 1.051907e+02 9.302098e+01 2.401022e+03 1.370370e+04
1.040032e+04 1.051907e+02 9.302154e+01 2.401072e+03 1.371006e+04
1.040464e+04 1.051907e+02 9.302209e+01 2.401123e+03 1.371642e+04
1.040896e+04 1.051907e+02 9.302265e+01 2.401172e+03 1.372277e+04
1.041328e+04 1.051907e+02 9.302320e+01 2.401222e+03 1.372913e+04
1.041760e+04 1.051907e+02 9.302375e+01 2.401272e+03 1.373549e+04
1.042192e+04 1.051907e+02 9.302430e+01 2.401322e+03 1.374185e+04
1.042625e+04 1.051907e+02 9.302485e+01 2.401371e+03 1.374820e+04
1.043057e+04 1.051907e+02 9.302540e+01 2.401421e+03 1.375456e+04
1.043489e+04 1.051907e+02 9.302595e+01 2.401470e+03 1.376091e+04
1.043921e+04 1.051907e+02 9.302649e+01 2.401519e+03 1.376727e+04
1.044353e+04 1.051907e+02 9.302704e+01 2.401568e+03 1.377362e+04
1.044785e+04 1.051907e+02 9.302758e+01 2.401617e+03 1.377997e+04
1.045217e+04 1.051907e+02 9.302812e+01 2.401666e+03 1.378633e+04
1.045649e+04 1.051907e+02 9.302866e+01 2.401714e+03 1.379268e+04
1.046081e+04 1.051907e+02 9.302920e+01 2.401763e+03 1.379903e+04
1.046513e+04 1.051907e+02 9.302974e+01 2.401811e+03 1.380538e+04
1.046945e+04 1.051907e+02 9.303027e+01 2.401860e+03 1.381173e+04
1.047377e+04 1.051907e+02 9.303081e+01 2.401908e+03 1.381808e+04
1.047810e+04 1.051907e+02 9.303134e+01 2.401956e+03 1.382443e+04
1.048242e+04 1.051907e+02 9.303187e+01 2.402004e+03 1.383078e+04
1.048674e+04 1.051907e+02 9.303240e+01 2.402052e+03 1.383713e+04
1.049106e+04 1.051907e+02 9.303293e+01 2.402100e+03 1.384347e+04
1.049538e+04 1.051907e+02 9.303346e+01 2.402147e+03 1.384982e+04
1.049970e+04 1.051907e+02 9.303399e+01 2.402195e+03 1.385617e+04
1.050402e+04 1.051907e+02 9.303451e+01 2.402242e+03 1.386251e+04
1.050834e+04 1.051907e+02 9.303504e+01 2.402290e+03 1.386886e+04
1.051266e+04 1.051907e+02 9.303556e+01 2.402337e+03 1.387520e+04
1.051698e+04 1.051907e+02 9.303608e+01 2.402384e+03 1.388155e+04
1.052130e+04 1.051907e+02 9.303660e+01 2.402431e+03 1.388789e+04
1.052563e+04 1.051907e+02 9.303712e+01 2.402478e+03 1.389423e+04
1.052995e+04 1.051907e+02 9.303764e+01 2.402525e+03 1.390057e+04
1.053427e+04 1.051907e+02 9.303815e+01 2.402571e+03 1.390691e+04
1.053859e+04 1.051907e+02 9.303867e+01 2.402618e+03 1.391326e+04
1.054291e+04 1.051907e+02 9.303918e+01 2.402664e+03 1.391960e+04
1.054723e+04 1.051907e+02 9.303969e+01 2.402710e+03 1.392594e+04
1.055155e+04 1.051907e+02 9.304020e+01 2.402757e+03 1.393227e+04
1.055587e+04 1.051907e+02 9.304071e+01 2.402803e+03 1.393861e+04
1.056019e+04 1.051907e+02 9.304122e+01 2.402849e+03 1.394495e+04
1.056451e+04 1.051907e+02 9.304173e+01 2.402895e+03 1.395129e+04
1.056883e+04 1.051907e+02 9.304223e+01 2.402940e+03 1.395762e+04
1.057315e+04 1.051907e+02 9.304274e+01 2.402986e+03 1.396396e+04
1.057748e+04 1.051907e+02 9.304324e+01 2.403032e+03 1.397030e+04
1.058180e+04 1.051907e+02 9.304374e+01 2.403077e+03 1.397663e+04
1.058612e+04 1.051907e+02 9.304425e+01 2.403122e+03 1.398296e+04
1.059044e+04 1.051907e+02 9.304475e+01 2.403168e+03 1.398930e+04
1.059476e+04 1.051907e+02 9.304524e+01 2.403213e+03 1.399563e+04
1.059908e+04 1.051907e+02 9.304574e+01 2.403258e+03 1.400196e+04
1.060340e+04 1.051907e+02 9.304624e+01 2.403303e+03 1.400829e+04
1.060772e+04 1.051907e+02 9.304673e+01 2.403348e+03 1.401463e+04
1.061204e+04 1.051907e+02 9.304722e+01 2.403392e+03 1.402096e+04
1.061636e+04 1.051907e+02 9.304772e+01 2.403437e+03 1.402729e+04
1.062068e+04 1.051907e+02 9.304821e+01 2.403481e+03 1.403362e+04
1.062501e+04 1.051907e+02 9.304870e+01 2.403526e+03 1.403994e+04
1.062933e+04 1.051907e+02 9.304919e+01 2.403570e+03 1.404627e+04
1.063365e+04 1.051907e+02 9.304967e+01 2.403614e+03 1.405260e+04
1.063797e+04 1.051907e+02 9.305016e+01 2.403658e+03 1.405893e+04
1.064229e+04 1.051907e+02 9.305064e+01 2.403702e+03 1.406525e+04
1.064661e+04 1.051907e+02 9.305113e+01 2.403746e+03 1.407158e+04
1.065093e+04 1.051907e+02 9.305161e+01 2.403790e+03 1.407790e+04
1.065525e+04 1.051907e+02 9.305209e+01 2.403833e+03 1.408423e+04
1.065957e+04 1.051907e+02 9.305257e+01 2.403877e+03 1.409055e+04
1.066389e+04 1.051907e+02 9.305305e+01 2.403920e+03 1.409688e+04
1.066821e+04 1.051907e+02 9.305353e+01 2.403964e+03 1.410320e+04
1.067253e+04 1.051907e+02 9.305401e+01 2.404007e+03 1.410952e+04
1.067686e+04 1.051907e+02 9.305448e+01 2.404050e+03 1.411584e+04
1.068118e+04 1.051907e+02 9.305495e+01 2.404093e+03 1.412216e+04
1.068550e+04 1.051907e+02 9.305543e+01 2.404136e+03 1.412848e+04
1.068982e+04 1.051907e+02 9.305590e+01 2.404179e+03 1.413480e+04
1.069414e+04 1.051907e+02 9.305637e+01 2.404222e+03 1.414112e+04
1.069846e+04 1.051907e+02 9.305684e+01 2.404264e+03 1.414744e+04
1.070278e+04 1.051907e+02 9.305731e+01 2.404307e+03 1.415376e+04
1.070710e+04 1.051907e+02 9.305777e+01 2.404349e+03 1.416007e+04
1.071142e+04 1.051907e+02 9.305824e+01 2.404392e+03 1.416639e+04
1.071574e+04 1.051907e+02 9.305871e+01 2.404434e+03 1.417271e+04
1.072006e+04 1.051907e+02 9.305917e+01 2.404476e+03 1.417902e+04
1.072438e+04 1.051907e+02 9.305963e+01 2.404518e+03 1.418534e+04
1.072871e+04 1.051907e+02 9.306009e+01 2.404560e+03 1.419165e+04
1.073303e+04 1.051907e+02 9.306055e+01 2.404602e+03 1.419796e+04
1.073735e+04 1.051907e+02 9.306101e+01 2.404643e+03 1.420428e+04
1.074167e+04 1.051907e+02 9.306147e+01 2.404685e+03 1.421059e+04
1.074599e+04 1.051907e+02 9.306193e+01 2.404727e+03 1.421690e+04
1.075031e+04 1.051907e+02 9.306238e+01 2.404768e+03 1.422321e+04
1.075463e+04 1.051907e+02 9.306284e+01 2.404809e+03 1.422952e+04
1.075895e+04 1.051907e+02 9.306329e+01 2.404851e+03 1.423583e+04
1.076327e+04 1.051907e+02 9.306374e+01 2.404892e+03 1.424214e+04
1.076759e+04 1.051907e+02 9.306419e+01 2.404933e+03 1.424845e+04
1.077191e+04 1.051907e+02 9.306464e+01 2.404974e+03 1.425476e+04
1.077624e+04 1.051907e+02 9.306509e+01 2.405014e+03 1.426107e+04
1.078056e+04 1.051907e+02 9.306554e+01 2.405055e+03 1.426737e+04
1.078488e+04 1.051907e+02 9.306599e+01 2.405096e+03 1.427368e+04
1.078920e+04 1.051907e+02 9.306643e+01 2.405136e+03 1.427998e+04
1.079352e+04 1.051907e+02 9.306688e+01 2.405177e+03 1.428629e+04
1.079784e+04 1.051907e+02 9.306732e+01 2.405217e+03 1.429259e+04
1.080216e+04 1.051907e+02 9.306776e+01 2.405257e+03 1.429890e+04
1.080648e+04 1.051907e+02 9.306820e+01 2.405298e+03 1.430520e+04
1.081080e+04 1.051907e+02 9.306864e+01 2.405338e+03 1.431150e+04
1.081512e+04 1.051907e+02 9.306908e+01 2.405378e+03 1.431781e+04
1.081944e+04 1.051907e+02 9.306952e+01 2.405418e+03 1.432411e+04
1.082376e+04 1.051907e+02 9.306995e+01 2.405457e+03 1.433041e+04
1.082809e+04 1.051907e+02 9.307039e+01 2.405497e+03 1.433671e+04
1.083241e+04 1.051907e+02 9.307082e+01 2.405537e+03 1.434301e+04
1.083673e+04 1.051907e+02 9.307126e+01 2.405576e+03 1.434931e+04
1.084105e+04 1.051907e+02 9.307169e+01 2.405616e+03 1.435560e+04
1.084537e+04 1.051907e+02 9.307212e+01 2.405655e+03 1.436190e+04
1.084969e+04 1.051907e+02 9.307255e+01 2.405694e+03 1.436820e+04
1.085401e+04 1.051907e+02 9.307298e+01 2.405733e+03 1.437449e+04
1.085833e+04 1.051907e+02 9.307341e+01 2.405772e+03 1.438079e+04
1.086265e+04 1.051907e+02 9.307384e+01 2.405811e+03 1.438708e+04
1.086697e+04 1.051907e+02 9.307426e+01 2.405850e+03 1.439338e+04
1.087129e+04 1.051907e+02 9.307469e+01 2.405889e+03 1.439967e+04
1.087562e+04 1.051907e+02 9.307511e+01 2.405927e+03 1.440597e+04
1.087994e+04 1.051907e+02 9.307553e+01 2.405966e+03 1.441226e+04
1.088426e+04 1.051907e+02 9.307595e+01 2.406005e+03 1.441855e+04
1.088858e+04 1.051907e+02 9.307638e+01 2.406043e+03 1.442484e+04
1.089290e+04 1.051907e+02 9.307679e+01 2.406081e+03 1.443113e+04
1.089722e+04 1.051907e+02 9.307721e+01 2.406119e+03 1.443742e+04
1.090154e+04 1.051907e+02 9.307763e+01 2.406158e+03 1.444371e+04
1.090586e+04 1.051907e+02 9.307805e+01 2.406196e+03 1.445000e+04
1.091018e+04 1.051907e+02 9.307846e+01 2.406234e+03 1.445629e+04
1.091450e+04 1.051907e+02 9.307888e+01 2.406271e+03 1.446258e+04
1.091882e+04 1.051907e+02 9.307929e+01 2.406309e+03 1.446886e+04
1.092314e+04 1.051907e+02 9.307970e+01 2.406347e+03 1.447515e+04
1.092747e+04 1.051907e+02 9.308011e+01 2.406384e+03 1.448144e+04
1.093179e+04 1.051907e+02 9.308052e+01 2.406422e+03 1.448772e+04
1.093611e+04 1.051907e+02 9.308093e+01 2.406459e+03 1.449401e+04
1.094043e+04 1.051907e+02 9.308134e+01 2.406497e+03 1.450029e+04
1.094475e+04 1.051907e+02 9.308175e+01 2.406534e+03 1.450657e+04
1.094907e+04 1.051907e+02 9.308215e+01 2.406571e+03 1.451286e+04
1.095339e+04 1.051907e+02 9.308256e+01 2.406608e+03 1.451914e+04
1.095771e+04 1.051907e+02 9.308296e+01 2.406645e+03 1.452542e+04
1.096203e+04 1.051907e+02 9.308337e+01 2.406682e+03 1.453170e+04
1.096635e+04 1.051907e+02 9.308377e+01 2.406719e+03 1.453798e+04
1.097067e+04 1.051907e+02 9.308417e+01 2.406755e+03 1.454426e+04
1.097499e+04 1.051907e+02 9.308457e+01 2.406792e+03 1.455054e+04
1.097932e+04 1.051907e+02 9.308497e+01 2.406828e+03 1.455682e+04
1.098364e+04 1.051907e+02 9.308537e+01 2.406865e+03 1.456309e+04
1.098796e+04 1.051907e+02 9.308576e+01 2.406901e+03 1.456937e+04
1.099228e+04 1.051907e+02 9.308616e+01 2.406937e+03 1.457565e+04
1.099660e+04 1.051907e+02 9.308655e+01 2.406974e+03 1.458192e+04
1.100092e+04 1.051907e+02 9.308695e+01 2.407010e+03 1.458820e+04
1.100524e+04 1.051907e+02 9.308734e+01 2.407046e+03 1.459447e+04
1.100956e+04 1.051907e+02 9.308773e+01 2.407082e+03 1.460075e+04
1.101388e+04 1.051907e+02 9.308813e+01 2.407117e+03 1.460702e+04
1.101820e+04 1.051907e+02 9.308852e+01 2.407153e+03 1.461329e+04
1.102252e+04 1.051907e+02 9.308890e+01 2.407189e+03 1.461957e+04
1.102685e+04 1.051907e+02 9.308929e+01 2.407224e+03 1.462584e+04
1.103117e+04 1.051907e+02 9.308968e+01 2.407260e+03 1.463211e+04
1.103549e+04 1.051907e+02 9.309007e+01 2.407295e+03 1.463838e+04
1.103981e+04 1.051907e+02 9.309045e+01 2.407331e+03 1.464465e+04
1.104413e+04 1.051907e+02 9.309084e+01 2.407366e+03 1.465092e+04
1.104845e+04 1.051907e+02 9.309122e+01 2.407401e+03 1.465718e+04
1.105277e+04 1.051907e+02 9.309160e+01 2.407436e+03 1.466345e+04
1.105709e+04 1.051907e+02 9.309198e+01 2.407471e+03 1.466972e+04
1.106141e+04 1.051907e+02 9.309236e+01 2.407506e+03 1.467599e+04
1.106573e+04 1.051907e+02 9.309274e+01 2.407541e+03 1.468225e+04
1.107005e+04 1.051907e+02 9.309312e+01 2.407575e+03 1.468852e+04
1.107437e+04 1.051907e+02 9.309350e+01 2.407610e+03 1.469478e+04
1.107870e+04 1.051907e+02 9.309388e+01 2.407645e+03 1.470105e+04
1.108302e+04 1.051907e+02 9.309425e+01 2.407679e+03 1.470731e+04
1.108734e+04 1.051907e+02 9.309463e+01 2.407714e+03 1.471357e+04
1.109166e+04 1.051907e+02 9.309500e+01 2.407748e+03 1.471983e+04
1.109598e+04 1.051907e+02 9.309538e+01 2.407782e+03 1.472609e+04
1.110030e+04 1.051907e+02 9.309575e+01 2.407816e+03 1.473236e+04
1.110462e+04 1.051907e+02 9.309612e+01 2.407850e+03 1.473862e+04
1.110894e+04 1.051907e+02 9.309649e+01 2.407884e+03 1.474487e+04
1.111326e+04 1.051907e+02 9.309686e+01 2.407918e+03 1.475113e+04
1.111758e+04 1.051907e+02 9.309723e+01 2.407952e+03 1.475739e+04
1.112190e+04 1.051907e+02 9.309759e+01 2.407986e+03 1.476365e+04
1.112623e+04 1.051907e+02 9.309796e+01 2.408020e+03 1.476991e+04
1.113055e+04 1.051907e+02 9.309833e+01 2.408053e+03 1.477616e+04
1.113487e+04 1.051907e+02 9.309869e+01 2.408087e+03 1.478242e+04
1.113919e+04 1.051907e+02 9.309905e+01 2.408120e+03 1.478867e+04
1.114351e+04 1.051907e+02 9.309942e+01 2.408153e+03 1.479493e+04
1.114783e+04 1.051907e+02 9.309978e+01 2.408187e+03 1.480118e+04
1.115215e+04 1.051907e+02 9.310014e+01 2.408220e+03 1.480743e+04
1.115647e+04 1.051907e+02 9.310050e+01 2.408253e+03 1.481369e+04
1.116079e+04 1.051907e+02 9.310086e+01 2.408286e+03 1.481994e+04
1.116511e+04 1.051907e+02 9.310122e+01 2.408319e+03 1.482619e+04
1.116943e+04 1.051907e+02 9.310158e+01 2.408352e+03 1.483244e+04
1.117375e+04 1.051907e+02 9.310193e+01 2.408385e+03 1.483869e+04
1.117808e+04 1.051907e+02 9.310229e+01 2.408417e+03 1.484494e+04
1.118240e+04 1.051907e+02 9.310264e+01 2.408450e+03 1.485119e+04
1.118672e+04 1.051907e+02 9.310300e+01 2.408483e+03 1.485744e+04
1.119104e+04 1.051907e+02 9.310335e+01 2.408515e+03 1.486368e+04
1.119536e+04 1.051907e+02 9.310370e+01 2.408548e+03 1.486993e+04
1.119968e+04 1.051907e+02 9.310405e+01 2.408580e+03 1.487618e+04
1.120400e+04 1.051907e+02 9.310441e+01 2.408612e+03 1.488242e+04
1.120832e+04 1.051907e+02 9.310475e+01 2.408644e+03 1.488867e+04
1.121264e+04 1.051907e+02 9.310510e+01 2.408676e+03 1.489491e+04
1.121696e+04 1.051907e+02 9.310545e+01 2.408708e+03 1.490116e+04
1.122128e+04 1.051907e+02 9.310580e+01 2.408740e+03 1.490740e+04
1.122561e+04 1.051907e+02 9.310614e+01 2.408772e+03 1.491364e+04
1.122993e+04 1.051907e+02 9.310649e+01 2.408804e+03 1.491988e+04
1.123425e+04 1.051907e+02 9.310683e+01 2.408836e+03 1.492612e+04
1.123857e+04 1.051907e+02 9.310718e+01 2.408867e+03 1.493236e+04
1.124289e+04 1.051907e+02 9.310752e+01 2.408899e+03 1.493860e+04
1.124721e+04 1.051907e+02 9.310786e+01 2.408931e+03 1.494484e+04
1.125153e+04 1.051907e+02 9.310820e+01 2.408962e+03 1.495108e+04
1.125585e+04 1.051907e+02 9.310854e+01 2.408993e+03 1.495732e+04
1.126017e+04 1.051907e+02 9.310888e+01 2.409025e+03 1.496356e+04
1.126449e+04 1.051907e+02 9.310922e+01 2.409056e+03 1.496979e+04
1.126881e+04 1.051907e+02 9.310956e+01 2.409087e+03 1.497603e+04
1.127313e+04 1.051907e+02 9.310990e+01 2.409118e+03 1.498227e+04
1.127746e+04 1.051907e+02 9.311023e+01 2.409149e+03 1.498850e+04
1.128178e+04 1.051907e+02 9.311057e+01 2.409180e+03 1.499473e+04
1.128610e+04 1.051907e+02 9.311090e+01 2.409211e+03 1.500097e+04
1.129042e+04 1.051907e+02 9.311123e+01 2.409241e+03 1.500720e+04
1.129474e+04 1.051907e+02 9.311157e+01 2.409272e+03 1.501343e+04
1.129906e+04 1.051907e+02 9.311190e+01 2.409303e+03 1.501966e+04
1.130338e+04 1.051907e+02 9.311223e+01 2.409333e+03 1.502589e+04
1.130770e+04 1.051907e+02 9.311256e+01 2.409364e+03 1.503212e+04
1.131202e+04 1.051907e+02 9.311289e+01 2.409394e+03 1.503835e+04
1.131634e+04 1.051907e+02 9.311322e+01 2.409424e+03 1.504458e+04
1.132066e+04 1.051907e+02 9.311354e+01 2.409455e+03 1.505081e+04
1.132498e+04 1.051907e+02 9.311387e+01 2.409485e+03 1.505704e+04
1.132931e+04 1.051907e+02 9.311420e+01 2.409515e+03 1.506327e+04
1.133363e+04 1.051907e+02 9.311452e+01 2.409545e+03 1.506949e+04
1.133795e+04 1.051907e+02 9.311485e+01 2.409575e+03 1.507572e+04
1.134227e+04 1.051907e+02 9.311517e+01 2.409605e+03 1.508194e+04
1.134659e+04 1.051907e+02 9.311549e+01 2.409635e+03 1.508817e+04
1.135091e+04 1.051907e+02 9.311581e+01 2.409664e+03 1.509439e+04
1.135523e+04 1.051907e+02 9.311614e+01 2.409694e+03 1.510062e+04
1.135955e+04 1.051907e+02 9.311646e+01 2.409724e+03 1.510684e+04
1.136387e+04 1.051907e+02 9.311678e+01 2.409753e+03 1.511306e+04
1.136819e+04 1.051907e+02 9.311709e+01 2.409783e+03 1.511928e+04
1.137251e+04 1.051907e+02 9.311741e+01 2.409812e+03 1.512550e+04
1.137684e+04 1.051907e+02 9.311773e+01 2.409841e+03 1.513172e+04
1.138116e+04 1.051907e+02 9.311805e+01 2.409871e+03 1.513794e+04
1.138548e+04 1.051907e+02 9.311836e+01 2.409900e+03 1.514416e+04
1.138980e+04 1.051907e+02 9.311868e+01 2.409929e+03 1.515038e+04
1.139412e+04 1.051907e+02 9.311899e+01 2.409958e+03 1.515660e+04
1.139844e+04 1.051907e+02 9.311930e+01 2.409987e+03 1.516281e+04
1.140276e+04 1.051907e+02 9.311962e+01 2.410016e+03 1.516903e+04
1.140708e+04 1.051907e+02 9.311993e+01 2.410045e+03 1.517524e+04
1.141140e+04 1.051907e+02 9.312024e+01 2.410073e+03 1.518146e+04
1.141572e+04 1.051907e+02 9.312055e+01 2.410102e+03 1.518767e+04
1.142004e+04 1.051907e+02 9.312086e+01 2.410131e+03 1.519389e+04
1.142436e+04 1.051907e+02 9.312117e+01 2.410159e+03 1.520010e+04
1.142869e+04 1.051907e+02 9.312147e+01 2.410188e+03 1.520631e+04
1.143301e+04 1.051907e+02 9.312178e+01 2.410216e+03 1.521252e+04
1.143733e+04 1.051907e+02 9.312209e+01 2.410244e+03 1.521873e+04
1.144165e+04 1.051907e+02 9.312239e+01 2.410273e+03 1.522495e+04
1.144597e+04 1.051907e+02 9.312270e+01 2.410301e+03 1.523115e+04
1.145029e+04 1.051907e+02 9.312300e+01 2.410329e+03 1.523736e+04
1.145461e+04 1.051907e+02 9.312331e+01 2.410357e+03 1.524357e+04
1.145893e+04 1.051907e+02 9.312361e+01 2.410385e+03 1.524978e+04
1.146325e+04 1.051907e+02 9.312391e+01 2.410413e+03 1.525599e+04
1.146757e+04 1.051907e+02 9.312421e+01 2.410441e+03 1.526219e+04
1.147189e+04 1.051907e+02 9.312451e+01 2.410469e+03 1.526840e+04
1.147622e+04 1.051907e+02 9.312481e+01 2.410497e+03 1.527460e+04
1.148054e+04 1.051907e+02 9.312511e+01 2.410524e+03 1.528081e+04
1.148486e+04 1.051907e+02 9.312541e+01 2.410552e+03 1.528701e+04
1.148918e+04 1.051907e+02 9.312570e+01 2.410579e+03 1.529322e+04
1.149350e+04 1.051907e+02 9.312600e+01 2.410607e+03 1.529942e+04
1.149782e+04 1.051907e+02 9.312630e+01 2.410634e+03 1.530562e+04
1.150214e+04 1.051907e+02 9.312659e+01 2.410662e+03 1.531182e+04
1.150646e+04 1.051907e+02 9.312689e+01 2.410689e+03 1.531802e+04
1.151078e+04 1.051907e+02 9.312718e+01 2.410716e+03 1.532422e+04
1.151510e+04 1.051907e+02 9.312747e+01 2.410743e+03 1.533042e+04
1.151942e+04 1.051907e+02 9.312776e+01 2.410770e+03 1.533662e+04
1.152374e+04 1.051907e+02 9.312805e+01 2.410797e+03 1.534282e+04
1.152807e+04 1.051907e+02 9.312835e+01 2.410824e+03 1.534902e+04
1.153239e+04 1.051907e+02 9.312864e+01 2.410851e+03 1.535521e+04
1.153671e+04 1.051907e+02 9.312892e+01 2.410878e+03 1.536141e+04
1.154103e+04 1.051907e+02 9.312921e+01 2.410905e+03 1.536761e+04
1.154535e+04 1.051907e+02 9.312950e+01 2.410932e+03 1.537380e+04
1.154967e+04 1.051907e+02 9.312979e+01 2.410958e+03 1.537999e+04
1.155399e+04 1.051907e+02 9.313007e+01 2.410985e+03 1.538619e+04
1.155831e+04 1.051907e+02 9.313036e+01 2.411011e+03 1.539238e+04
1.156263e+04 1.051907e+02 9.313064e+01 2.411038e+03 1.539857e+04
1.156695e+04 1.051907e+02 9.313093e+01 2.411064e+03 1.540477e+04
1.157127e+04 1.051907e+02 9.313121e+01 2.411090e+03 1.541096e+04
1.157560e+04 1.051907e+02 9.313149e+01 2.411117e+03 1.541715e+04
1.157992e+04 1.051907e+02 9.313178e+01 2.411143e+03 1.542334e+04
1.158424e+04 1.051907e+02 9.313206e+01 2.411169e+03 1.542953e+04
1.158856e+04 1.051907e+02 9.313234e+01 2.411195e+03 1.543571e+04
1.159288e+04 1.051907e+02 9.313262e+01 2.411221e+03 1.544190e+04
1.159720e+04 1.051907e+02 9.313290e+01 2.411247e+03 1.544809e+04
1.160152e+04 1.051907e+02 9.313318e+01 2.411273e+03 1.545428e+04
1.160584e+04 1.051907e+02 9.313345e+01 2.411299e+03 1.546046e+04
1.161016e+04 1.051907e+02 9.313373e+01 2.411325e+03 1.546665e+04
1.161448e+04 1.051907e+02 9.313401e+01 2.411350e+03 1.547283e+04
1.161880e+04 1.051907e+02 9.313428e+01 2.411376e+03 1.547901e+04
1.162312e+04 1.051907e+02 9.313456e+01 2.411401e+03 1.548520e+04
1.162745e+04 1.051907e+02 9.313483e+01 2.411427e+03 1.549138e+04
1.163177e+04 1.051907e+02 9.313511e+01 2.411452e+03 1.549756e+04
1.163609e+04 1.051907e+02 9.313538e+01 2.411478e+03 1.550374e+04
1.164041e+04 1.051907e+02 9.313565e+01 2.411503e+03 1.550992e+04
1.164473e+04 1.051907e+02 9.313592e+01 2.411528e+03 1.551610e+04
1.164905e+04 1.051907e+02 9.313619e+01 2.411554e+03 1.552228e+04
1.165337e+04 1.051907e+02 9.313647e+01 2.411579e+03 1.552846e+04
1.165769e+04 1.051907e+02 9.313673e+01 2.411604e+03 1.553464e+04
1.166201e+04 1.051907e+02 9.313700e+01 2.411629e+03 1.554082e+04
1.166633e+04 1.051907e+02 9.313727e+01 2.411654e+03 1.554699e+04
1.167065e+04 1.051907e+02 9.313754e+01 2.411679e+03 1.555317e+04
1.167497e+04 1.051907e+02 9.313781e+01 2.411704e+03 1.555935e+04
1.167930e+04 1.051907e+02 9.313807e+01 2.411728e+03 1.556552e+04
1.168362e+04 1.051907e+02 9.313834e+01 2.411753e+03 1.557169e+04
1.168794e+04 1.051907e+02 9.313860e+01 2.411778e+03 1.557787e+04
1.169226e+04 1.051907e+02 9.313887e+01 2.411802e+03 1.558404e+04
1.169658e+04 1.051907e+02 9.313913e+01 2.411827e+03 1.559021e+04
1.170090e+04 1.051907e+02 9.313939e+01 2.411851e+03 1.559638e+04
1.170522e+04 1.051907e+02 9.313966e+01 2.411876e+03 1.560255e+04
1.170954e+04 1.051907e+02 9.313992e+01 2.411900e+03 1.560873e+04
1.171386e+04 1.051907e+02 9.314018e+01 2.411925e+03 1.561489e+04
1.171818e+04 1.051907e+02 9.314044e+01 2.411949e+03 1.562106e+04
1.172250e+04 1.051907e+02 9.314070e+01 2.411973e+03 1.562723e+04
1.172683e+04 1.051907e+02 9.314096e+01 2.411997e+03 1.563340e+04
1.173115e+04 1.051907e+02 9.314122e+01 2.412021e+03 1.563957e+04
1.173547e+04 1.051907e+02 9.314147e+01 2.412045e+03 1.564573e+04
1.173979e+04 1.051907e+02 9.314173e+01 2.412069e+03 1.565190e+04
1.174411e+04 1.051907e+02 9.314199e+01 2.412093e+03 1.565806e+04
1.174843e+04 1.051907e+02 9.314224e+01 2.412117e+03 1.566423e+04
1.175275e+04 1.051907e+02 9.314250e+01 2.412141e+03 1.567039e+04
1.175707e+04 1.051907e+02 9.314275e+01 2.412165e+03 1.567655e+04
1.176139e+04 1.051907e+02 9.314301e+01 2.412188e+03 1.568272e+04
1.176571e+04 1.051907e+02 9.314326e+01 2.412212e+03 1.568888e+04
1.177003e+04 1.051907e+02 9.314351e+01 2.412236e+03 1.569504e+04
1.177435e+04 1.051907e+02 9.314377e+01 2.412259e+03 1.570120e+04
1.177868e+04 1.051907e+02 9.314402e+01 2.412282e+03 1.570736e+04
1.178300e+04 1.051907e+02 9.314427e+01 2.412306e+03 1.571352e+04
1.178732e+04 1.051907e+02 9.314452e+01 2.412329e+03 1.571968e+04
1.179164e+04 1.051907e+02 9.314477e+01 2.412353e+03 1.572583e+04
1.179596e+04 1.051907e+02 9.314502e+01 2.412376e+03 1.573199e+04
1.180028e+04 1.051907e+02 9.314527e+01 2.412399e+03 1.573815e+04
1.180460e+04 1.051907e+02 9.314551e+01 2.412422e+03 1.574430e+04
1.180892e+04 1.051907e+02 9.314576e+01 2.412445e+03 1.575046e+04
1.181324e+04 1.051907e+02 9.314601e+01 2.412468e+03 1.575661e+04
1.181756e+04 1.051907e+02 9.314625e+01 2.412491e+03 1.576277e+04
1.182188e+04 1.051907e+02 9.314650e+01 2.412514e+03 1.576892e+04
1.182621e+04 1.051907e+02 9.314674e+01 2.412537e+03 1.577507e+04
1.183053e+04 1.051907e+02 9.314699e+01 2.412560e+03 1.578123e+04
1.183485e+04 1.051907e+02 9.314723e+01 2.412582e+03 1.578738e+04
1.183917e+04 1.051907e+02 9.314747e+01 2.412605e+03 1.579353e+04
1.184349e+04 1.051907e+02 9.314771e+01 2.412628e+03 1.579968e+04
1.184781e+04 1.051907e+02 9.314796e+01 2.412650e+03 1.580583e+04
1.185213e+04 1.051907e+02 9.314820e+01 2.412673e+03 1.581197e+04
1.185645e+04 1.051907e+02 9.314844e+01 2.412695e+03 1.581812e+04
1.186077e+04 1.051907e+02 9.314868e+01 2.412718e+03 1.582427e+04
1.186509e+04 1.051907e+02 9.314892e+01 2.412740e+03 1.583042e+04
1.186941e+04 1.051907e+02 9.314915e+01 2.412762e+03 1.583656e+04
1.187373e+04 1.051907e+02 9.314939e+01 2.412785e+03 1.584271e+04
1.187806e+04 1.051907e+02 9.314963e+01 2.412807e+03 1.584885e+04
1.188238e+04 1.051907e+02 9.314987e+01 2.412829e+03 1.585500e+04
1.188670e+04 1.051907e+02 9.315010e+01 2.412851e+03 1.586114e+04
1.189102e+04 1.051907e+02 9.315034e+01 2.412873e+03 1.586728e+04
1.189534e+04 1.051907e+02 9.315057e+01 2.412895e+03 1.587342e+04
1.189966e+04 1.051907e+02 9.315081e+01 2.412917e+03 1.587957e+04
1.190398e+04 1.051907e+02 9.315104e+01 2.412939e+03 1.588571e+04
1.190830e+04 1.051907e+02 9.315128e+01 2.412961e+03 1.589185e+04
1.191262e+04 1.051907e+02 9.315151e+01 2.412982e+03 1.589799e+04
1.191694e+04 1.051907e+02 9.315174e+01 2.413004e+03 1.590413e+04
1.192126e+04 1.051907e+02 9.315197e+01 2.413026e+03 1.591026e+04
1.192559e+04 1.051907e+02 9.315220e+01 2.413047e+03 1.591640e+04
1.192991e+04 1.051907e+02 9.315243e+01 2.413069e+03 1.592254e+04
1.193423e+04 1.051907e+02 9.315266e+01 2.413091e+03 1.592867e+04
1.193855e+04 1.051907e+02 9.315289e+01 2.413112e+03 1.593481e+04
1.194287e+04 1.051907e+02 9.315312e+01 2.413133e+03 1.594094e+04
1.194719e+04 1.051907e+02 9.315335e+01 2.413155e+03 1.594708e+04
1.195151e+04 1.051907e+02 9.315358e+01 2.413176e+03 1.595321e+04
1.195583e+04 1.051907e+02 9.315380e+01 2.413197e+03 1.595934e+04
1.196015e+04 1.051907e+02 9.315403e+01 2.413219e+03 1.596548e+04
1.196447e+04 1.051907e+02 9.315426e+01 2.413240e+03 1.597161e+04
1.196879e+04 1.051907e+02 9.315448e+01 2.413261e+03 1.597774e+04
1.197311e+04 1.051907e+02 9.315471e+01 2.413282e+03 1.598387e+04
1.197744e+04 1.051907e+02 9.315493e+01 2.413303e+03 1.599000e+04
1.198176e+04 1.051907e+02 9.315515e+01 2.413324e+03 1.599613e+04
1.198608e+04 1.051907e+02 9.315538e+01 2.413345e+03 1.600226e+04
1.199040e+04 1.051907e+02 9.315560e+01 2.413366e+03 1.600838e+04
1.199472e+04 1.051907e+02 9.315582e+01 2.413386e+03 1.601451e+04
1.199904e+04 1.051907e+02 9.315604e+01 2.413407e+03 1.602064e+04
1.200336e+04 1.051907e+02 9.315626e+01 2.413428e+03 1.602676e+04
1.200768e+04 1.051907e+02 9.315648e+01 2.413449e+03 1.603289e+04
1.201200e+04 1.051907e+02 9.315670e+01 2.413469e+03 1.603901e+04
1.201632e+04 1.051907e+02 9.315692e+01 2.413490e+03 1.604514e+04
1.202064e+04 1.051907e+02 9.315714e+01 2.413510e+03 1.605126e+04
1.202496e+04 1.051907e+02 9.315736e+01 2.413531e+03 1.605738e+04
1.202929e+04 1.051907e+02 9.315758e+01 2.413551e+03 1.606350e+04
1.203361e+04 1.051907e+02 9.315779e+01 2.413571e+03 1.606962e+04
1.203793e+04 1.051907e+02 9.315801e+01 2.413592e+03 1.607574e+04
1.204225e+04 1.051907e+02 9.315823e+01 2.413612e+03 1.608186e+04
1.204657e+04 1.051907e+02 9.315844e+01 2.413632e+03 1.608798e+04
1.205089e+04 1.051907e+02 9.315866e+01 2.413652e+03 1.609410e+04
1.205521e+04 1.051907e+02 9.315887e+01 2.413672e+03 1.610022e+04
1.205953e+04 1.051907e+02 9.315908e+01 2.413693e+03 1.610634e+04
1.206385e+04 1.051907e+02 9.315930e+01 2.413713e+03 1.611245e+04
1.206817e+04 1.051907e+02 9.315951e+01 2.413733e+03 1.611857e+04
1.207249e+04 1.051907e+02 9.315972e+01 2.413752e+03 1.612468e+04
1.207682e+04 1.051907e+02 9.315993e+01 2.413772e+03 1.613080e+04
1.208114e+04 1.051907e+02 9.316014e+01 2.413792e+03 1.613691e+04
1.208546e+04 1.051907e+02 9.316035e+01 2.413812e+03 1.614302e+04
1.208978e+04 1.051907e+02 9.316056e+01 2.413832e+03 1.614914e+04
1.209410e+04 1.051907e+02 9.316077e+01 2.413851e+03 1.615525e+04
1.209842e+04 1.051907e+02 9.316098e+01 2.413871e+03 1.616136e+04
1.210274e+04 1.051907e+02 9.316119e+01 2.413891e+03 1.616747e+04
1.210706e+04 1.051907e+02 9.316140e+01 2.413910e+03 1.617358e+04
1.211138e+04 1.051907e+02 9.316161e+01 2.413930e+03 1.617969e+04
1.211570e+04 1.051907e+02 9.316181e+01 2.413949e+03 1.618580e+04
1.212002e+04 1.051907e+02 9.316202e+01 2.413968e+03 1.619190e+04
1.212434e+04 1.051907e+02 9.316223e+01 2.413988e+03 1.619801e+04
1.212867e+04 1.051907e+02 9.316243e+01 2.414007e+03 1.620412e+04
1.213299e+04 1.051907e+02 9.316264e+01 2.414026e+03 1.621022e+04
1.213731e+04 1.051907e+02 9.316284e+01 2.414046e+03 1.621633e+04
1.214163e+04 1.051907e+02 9.316304e+01 2.414065e+03 1.622243e+04
1.214595e+04 1.051907e+02 9.316325e+01 2.414084e+03 1.622854e+04
1.215027e+04 1.051907e+02 9.316345e+01 2.414103e+03 1.623464e+04
1.215459e+04 1.051907e+02 9.316365e+01 2.414122e+03 1.624074e+04
1.215891e+04 1.051907e+02 9.316385e+01 2.414141e+03 1.624684e+04
1.216323e+04 1.051907e+02 9.316406e+01 2.414160e+03 1.625295e+04
1.216755e+04 1.051907e+02 9.316426e+01 2.414179e+03 1.625905e+04
1.217187e+04 1.051907e+02 9.316446e+01 2.414198e+03 1.626515e+04
1.217620e+04 1.051907e+02 9.316466e+01 2.414216e+03 1.627125e+04
1.218052e+04 1.051907e+02 9.316486e+01 2.414235e+03 1.627734e+04
1.218484e+04 1.051907e+02 9.316506e+01 2.414254e+03 1.628344e+04
1.218916e+04 1.051907e+02 9.316525e+01 2.414273e+03 1.628954e+04
1.219348e+04 1.051907e+02 9.316545e+01 2.414291e+03 1.629564e+04
1.219780e+04 1.051907e+02 9.316565e+01 2.414310e+03 1.630173e+04
1.220212e+04 1.051907e+02 9.316585e+01 2.414328e+03 1.630783e+04
1.220644e+04 1.051907e+02 9.316604e+01 2.414347e+03 1.631392e+04
1.221076e+04 1.051907e+02 9.316624e+01 2.414365e+03 1.632001e+04
1.221508e+04 1.051907e+02 9.316643e+01 2.414384e+03 1.632611e+04
1.221940e+04 1.051907e+02 9.316663e+01 2.414402e+03 1.633220e+04
1.222372e+04 1.051907e+02 9.316682e+01 2.414420e+03 1.633829e+04
1.222805e+04 1.051907e+02 9.316702e+01 2.414439e+03 1.634438e+04
1.223237e+04 1.051907e+02 9.316721e+01 2.414457e+03 1.635047e+04
1.223669e+04 1.051907e+02 9.316740e+01 2.414475e+03 1.635656e+04
1.224101e+04 1.051907e+02 9.316760e+01 2.414493e+03 1.636265e+04
1.224533e+04 1.051907e+02 9.316779e+01 2.414511e+03 1.636874e+04
1.224965e+04 1.051907e+02 9.316798e+01 2.414529e+03 1.637483e+04
1.225397e+04 1.051907e+02 9.316817e+01 2.414547e+03 1.638092e+04
1.225829e+04 1.051907e+02 9.316836e+01 2.414565e+03 1.638700e+04
1.226261e+04 1.051907e+02 9.316855e+01 2.414583e+03 1.639309e+04
1.226693e+04 1.051907e+02 9.316874e+01 2.414601e+03 1.639917e+04
1.227125e+04 1.051907e+02 9.316893e+01 2.414619e+03 1.640526e+04
1.227558e+04 1.051907e+02 9.316912e+01 2.414637e+03 1.641134e+04
1.227990e+04 1.051907e+02 9.316931e+01 2.414654e+03 1.641743e+04
1.228422e+04 1.051907e+02 9.316949e+01 2.414672e+03 1.642351e+04
1.228854e+04 1.051907e+02 9.316968e+01 2.414690e+03 1.642959e+04
1.229286e+04 1.051907e+02 9.316987e+01 2.414707e+03 1.643567e+04
1.229718e+04 1.051907e+02 9.317005e+01 2.414725e+03 1.644175e+04
1.230150e+04 1.051907e+02 9.317024e+01 2.414743e+03 1.644783e+04
1.230582e+04 1.051907e+02 9.317043e+01 2.414760e+03 1.645391e+04
1.231014e+04 1.051907e+02 9.317061e+01 2.414777e+03 1.645999e+04
1.231446e+04 1.051907e+02 9.317079e+01 2.414795e+03 1.646607e+04
1.231878e+04 1.051907e+02 9.317098e+01 2.414812e+03 1.647215e+04
1.232310e+04 1.051907e+02 9.317116e+01 2.414830e+03 1.647822e+04
1.232743e+04 1.051907e+02 9.317135e+01 2.414847e+03 1.648430e+04
1.233175e+04 1.051907e+02 9.317153e+01 2.414864e+03 1.649037e+04
1.233607e+04 1.051907e+02 9.317171e+01 2.414881e+03 1.649645e+04
1.234039e+04 1.051907e+02 9.317189e+01 2.414898e+03 1.650252e+04
1.234471e+04 1.051907e+02 9.317207e+01 2.414916e+03 1.650860e+04
1.234903e+04 1.051907e+02 9.317225e+01 2.414933e+03 1.651467e+04
1.235335e+04 1.051907e+02 9.317243e+01 2.414950e+03 1.652074e+04
1.235767e+04 1.051907e+02 9.317261e+01 2.414967e+03 1.652681e+04
1.236199e+04 1.051907e+02 9.317279e+01 2.414984e+03 1.653288e+04
1.236631e+04 1.051907e+02 9.317297e+01 2.415001e+03 1.653895e+04
1.237063e+04 1.051907e+02 9.317315e+01 2.415017e+03 1.654502e+04
1.237495e+04 1.051907e+02 9.317333e+01 2.415034e+03 1.655109e+04
1.237928e+04 1.051907e+02 9.317351e+01 2.415051e+03 1.655716e+04
1.238360e+04 1.051907e+02 9.317368e+01 2.415068e+03 1.656323e+04
1.238792e+04 1.051907e+02 9.317386e+01 2.415084e+03 1.656929e+04
1.239224e+04 1.051907e+02 9.317404e+01 2.415101e+03 1.657536e+04
1.239656e+04 1.051907e+02 9.317421e+01 2.415118e+03 1.658142e+04
1.240088e+04 1.051907e+02 9.317439e+01 2.415134e+03 1.658749e+04
1.240520e+04 1.051907e+02 9.317456e+01 2.415151e+03 1.659355e+04
1.240952e+04 1.051907e+02 9.317474e+01 2.415167e+03 1.659962e+04
1.241384e+04 1.051907e+02 9.317491e+01 2.415184e+03 1.660568e+04
1.241816e+04 1.051907e+02 9.317509e+01 2.415200e+03 1.661174e+04
1.242248e+04 1.051907e+02 9.317526e+01 2.415217e+03 1.661780e+04
1.242681e+04 1.051907e+02 9.317543e+01 2.415233e+03 1.662386e+04
1.243113e+04 1.051907e+02 9.317560e+01 2.415249e+03 1.662992e+04
1.243545e+04 1.051907e+02 9.317578e+01 2.415266e+03 1.663598e+04
1.243977e+04 1.051907e+02 9.317595e+01 2.415282e+03 1.664204e+04
1.244409e+04 1.051907e+02 9.317612e+01 2.415298e+03 1.664810e+04
1.244841e+04 1.051907e+02 9.317629e+01 2.415314e+03 1.665416e+04
1.245273e+04 1.051907e+02 9.317646e+01 2.415330e+03 1.666021e+04
1.245705e+04 1.051907e+02 9.317663e+01 2.415346e+03 1.666627e+04
1.246137e+04 1.051907e+02 9.317680e+01 2.415362e+03 1.667232e+04
1.246569e+04 1.051907e+02 9.317697e+01 2.415378e+03 1.667838e+04
1.247001e+04 1.051907e+02 9.317714e+01 2.415394e+03 1.668443e+04
1.247433e+04 1.051907e+02 9.317731e+01 2.415410e+03 1.669049e+04
1.247866e+04 1.051907e+02 9.317747e+01 2.415426e+03 1.669654e+04
1.248298e+04 1.051907e+02 9.317764e+01 2.415442e+03 1.670259e+04
1.248730e+04 1.051907e+02 9.317781e+01 2.415458e+03 1.670864e+04
1.249162e+04 1.051907e+02 9.317797e+01 2.415474e+03 1.671469e+04
1.249594e+04 1.051907e+02 9.317814e+01 2.415489e+03 1.672074e+04
1.250026e+04 1.051907e+02 9.317831e+01 2.415505e+03 1.672679e+04
1.250458e+04 1.051907e+02 9.317847e+01 2.415521e+03 1.673284e+04
1.250890e+04 1.051907e+02 9.317864e+01 2.415536e+03 1.673889e+04
1.251322e+04 1.051907e+02 9.317880e+01 2.415552e+03 1.674494e+04
1.251754e+04 1.051907e+02 9.317896e+01 2.415567e+03 1.675098e+04
1.252186e+04 1.051907e+02 9.317913e+01 2.415583e+03 1.675703e+04
1.252619e+04 1.051907e+02 9.317929e+01 2.415598e+03 1.676307e+04
1.253051e+04 1.051907e+02 9.317945e+01 2.415614e+03 1.676912e+04
1.253483e+04 1.051907e+02 9.317962e+01 2.415629e+03 1.677516e+04
1.253915e+04 1.051907e+02 9.317978e+01 2.415645e+03 1.678121e+04
1.254347e+04 1.051907e+02 9.317994e+01 2.415660e+03 1.678725e+04
1.254779e+04 1.051907e+02 9.318010e+01 2.415675e+03 1.679329e+04
1.255211e+04 1.051907e+02 9.318026e+01 2.415690e+03 1.679933e+04
1.255643e+04 1.051907e+02 9.318042e+01 2.415706e+03 1.680537e+04
1.256075e+04 1.051907e+02 9.318058e+01 2.415721e+03 1.681141e+04
1.256507e+04 1.051907e+02 9.318074e+01 2.415736e+03 1.681745e+04
1.256939e+04 1.051907e+02 9.318090e+01 2.415751e+03 1.682349e+04
1.257371e+04 1.051907e+02 9.318106e+01 2.415766e+03 1.682953e+04
1.257804e+04 1.051907e+02 9.318122e+01 2.415781e+03 1.683557e+04
1.258236e+04 1.051907e+02 9.318138e+01 2.415796e+03 1.684160e+04
1.258668e+04 1.051907e+02 9.318153e+01 2.415811e+03 1.684764e+04
1.259100e+04 1.051907e+02 9.318169e+01 2.415826e+03 1.685367e+04
1.259532e+04 1.051907e+02 9.318185e+01 2.415841e+03 1.685971e+04
1.259964e+04 1.051907e+02 9.318200e+01 2.415856e+03 1.686574e+04
1.260396e+04 1.051907e+02 9.318216e+01 2.415870e+03 1.687178e+04
1.260828e+04 1.051907e+02 9.318232e+01 2.415885e+03 1.687781e+04
1.261260e+04 1.051907e+02 9.318247e+01 2.415900e+03 1.688384e+04
1.261692e+04 1.051907e+02 9.318263e+01 2.415915e+03 1.688987e+04
1.262124e+04 1.051907e+02 9.318278e+01 2.415929e+03 1.689590e+04
1.262557e+04 1.051907e+02 9.318293e+01 2.415944e+03 1.690193e+04
1.262989e+04 1.051907e+02 9.318309e+01 2.415959e+03 1.690796e+04
1.263421e+04 1.051907e+02 9.318324e+01 2.415973e+03 1.691399e+04
1.263853e+04 1.051907e+02 9.318339e+01 2.415988e+03 1.692002e+04
1.264285e+04 1.051907e+02 9.318355e+01 2.416002e+03 1.692605e+04
1.264717e+04 1.051907e+02 9.318370e+01 2.416017e+03 1.693207e+04
1.265149e+04 1.051907e+02 9.318385e+01 2.416031e+03 1.693810e+04
1.265581e+04 1.051907e+02 9.318400e+01 2.416045e+03 1.694412e+04
1.266013e+04 1.051907e+02 9.318415e+01 2.416060e+03 1.695015e+04
1.266445e+04 1.051907e+02 9.318430e+01 2.416074e+03 1.695617e+04
1.266877e+04 1.051907e+02 9.318445e+01 2.416088e+03 1.696220e+04
1.267309e+04 1.051907e+02 9.318460e+01 2.416103e+03 1.696822e+04
1.267742e+04 1.051907e+02 9.318475e+01 2.416117e+03 1.697424e+04
1.268174e+04 1.051907e+02 9.318490e+01 2.416131e+03 1.698026e+04
1.268606e+04 1.051907e+02 9.318505e+01 2.416145e+03 1.698628e+04
1.269038e+04 1.051907e+02 9.318520e+01 2.416159e+03 1.699230e+04
1.269470e+04 1.051907e+02 9.318535e+01 2.416173e+03 1.699832e+04
1.269902e+04 1.051907e+02 9.318550e+01 2.416187e+03 1.700434e+04
1.270334e+04 1.051907e+02 9.318564e+01 2.416201e+03 1.701036e+04
1.270766e+04 1.051907e+02 9.318579e+01 2.416215e+03 1.701637e+04
1.271198e+04 1.051907e+02 9.318594e+01 2.416229e+03 1.702239e+04
1.271630e+04 1.051907e+02 9.318608e+01 2.416243e+03 1.702841e+04
1.272062e+04 1.051907e+02 9.318623e+01 2.416257e+03 1.703442e+04
1.272494e+04 1.051907e+02 9.318637e+01 2.416271e+03 1.704044e+04
1.272927e+04 1.051907e+02 9.318652e+01 2.416285e+03 1.704645e+04
1.273359e+04 1.051907e+02 9.318666e+01 2.416298e+03 1.705246e+04
1.273791e+04 1.051907e+02 9.318681e+01 2.416312e+03 1.705848e+04
1.274223e+04 1.051907e+02 9.318695e+01 2.416326e+03 1.706449e+04
1.274655e+04 1.051907e+02 9.318710e+01 2.416340e+03 1.707050e+04
1.275087e+04 1.051907e+02 9.318724e+01 2.416353e+03 1.707651e+04
1.275519e+04 1.051907e+02 9.318738e+01 2.416367e+03 1.708252e+04
1.275951e+04 1.051907e+02 9.318753e+01 2.416380e+03 1.708853e+04
1.276383e+04 1.051907e+02 9.318767e+01 2.416394e+03 1.709454e+04
1.276815e+04 1.051907e+02 9.318781e+01 2.416407e+03 1.710055e+04
1.277247e+04 1.051907e+02 9.318795e+01 2.416421e+03 1.710655e+04
1.277680e+04 1.051907e+02 9.318809e+01 2.416434e+03 1.711256e+04
1.278112e+04 1.051907e+02 9.318823e+01 2.416448e+03 1.711857e+04
1.278544e+04 1.051907e+02 9.318837e+01 2.416461e+03 1.712457e+04
1.278976e+04 1.051907e+02 9.318851e+01 2.416474e+03 1.713058e+04
1.279408e+04 1.051907e+02 9.318865e+01 2.416488e+03 1.713658e+04
1.279840e+04 1.051907e+02 9.318879e+01 2.416501e+03 1.714258e+04
1.280272e+04 1.051907e+02 9.318893e+01 2.416514e+03 1.714859e+04
1.280704e+04 1.051907e+02 9.318907e+01 2.416528e+03 1.715459e+04
1.281136e+04 1.051907e+02 9.318921e+01 2.416541e+03 1.716059e+04
1.281568e+04 1.051907e+02 9.318935e+01 2.416554e+03 1.716659e+04
1.282000e+04 1.051907e+02 9.318949e+01 2.416567e+03 1.717259e+04
1.282432e+04 1.051907e+02 9.318962e+01 2.416580e+03 1.717859e+04
1.282865e+04 1.051907e+02 9.318976e+01 2.416593e+03 1.718459e+04
1.283297e+04 1.051907e+02 9.318990e+01 2.416606e+03 1.719059e+04
1.283729e+04 1.051907e+02 9.319003e+01 2.416619e+03 1.719658e+04
1.284161e+04 1.051907e+02 9.319017e+01 2.416632e+03 1.720258e+04
1.284593e+04 1.051907e+02 9.319030e+01 2.416645e+03 1.720858e+04
1.285025e+04 1.051907e+02 9.319044e+01 2.416658e+03 1.721457e+04
1.285457e+04 1.051907e+02 9.319058e+01 2.416671e+03 1.722056e+04
1.285889e+04 1.051907e+02 9.319071e+01 2.416684e+03 1.722656e+04
1.286321e+04 1.051907e+02 9.319084e+01 2.416697e+03 1.723255e+04
1.286753e+04 1.051907e+02 9.319098e+01 2.416709e+03 1.723854e+04
1.287185e+04 1.051907e+02 9.319111e+01 2.416722e+03 1.724454e+04
1.287618e+04 1.051907e+02 9.319125e+01 2.416735e+03 1.725053e+04
1.288050e+04 1.051907e+02 9.319138e+01 2.416747e+03 1.725652e+04
1.288482e+04 1.051907e+02 9.319151e+01 2.416760e+03 1.726251e+04
1.288914e+04 1.051907e+02 9.319164e+01 2.416773e+03 1.726850e+04
1.289346e+04 1.051907e+02 9.319178e+01 2.416785e+03 1.727449e+04
1.289778e+04 1.051907e+02 9.319191e+01 2.416798e+03 1.728047e+04
1.290210e+04 1.051907e+02 9.319204e+01 2.416810e+03 1.728646e+04
1.290642e+04 1.051907e+02 9.319217e+01 2.416823e+03 1.729245e+04
1.291074e+04 1.051907e+02 9.319230e+01 2.416835e+03 1.729843e+04
1.291506e+04 1.051907e+02 9.319243e+01 2.416848e+03 1.730442e+04
1.291938e+04 1.051907e+02 9.319256e+01 2.416860e+03 1.731040e+04
1.292370e+04 1.051907e+02 9.319269e+01 2.416873e+03 1.731639e+04
1.292803e+04 1.051907e+02 9.319282e+01 2.416885e+03 1.732237e+04
1.293235e+04 1.051907e+02 9.319295e+01 2.416897e+03 1.732835e+04
1.293667e+04 1.051907e+02 9.319308e+01 2.416910e+03 1.733433e+04
1.294099e+04 1.051907e+02 9.319321e+01 2.416922e+03 1.734032e+04
1.294531e+04 1.051907e+02 9.319333e+01 2.416934e+03 1.734630e+04
1.294963e+04 1.051907e+02 9.319346e+01 2.416946e+03 1.735228e+04
1.295395e+04 1.051907e+02 9.319359e+01 2.416958e+03 1.735825e+04
1.295827e+04 1.051907e+02 9.319372e+01 2.416971e+03 1.736423e+04
1.296259e+04 1.051907e+02 9.319384e+01 2.416983e+03 1.737021e+04
1.296691e+04 1.051907e+02 9.319397e+01 2.416995e+03 1.737619e+04
1.297123e+04 1.051907e+02 9.319410e+01 2.417007e+03 1.738216e+04
1.297556e+04 1.051907e+02 9.319422e+01 2.417019e+03 1.738814e+04
1.297988e+04 1.051907e+02 9.319435e+01 2.417031e+03 1.739412e+04
1.298420e+04 1.051907e+02 9.319447e+01 2.417043e+03 1.740009e+04
1.298852e+04 1.051907e+02 9.319460e+01 2.417055e+03 1.740606e+04
1.299284e+04 1.051907e+02 9.319472e+01 2.417067e+03 1.741204e+04
1.299716e+04 1.051907e+02 9.319485e+01 2.417079e+03 1.741801e+04
1.300148e+04 1.051907e+02 9.319497e+01 2.417090e+03 1.742398e+04
1.300580e+04 1.051907e+02 9.319509e+01 2.417102e+03 1.742995e+04
1.301012e+04 1.051907e+02 9.319522e+01 2.417114e+03 1.743592e+04
1.301444e+04 1.051907e+02 9.319534e+01 2.417126e+03 1.744189e+04
1.301876e+04 1.051907e+02 9.319546e+01 2.417138e+03 1.744786e+04
1.302308e+04 1.051907e+02 9.319559e+01 2.417149e+03 1.745383e+04
1.302741e+04 1.051907e+02 9.319571e+01 2.417161e+03 1.745980e+04
1.303173e+04 1.051907e+02 9.319583e+01 2.417173e+03 1.746576e+04
1.303605e+04 1.051907e+02 9.319595e+01 2.417184e+03 1.747173e+04
1.304037e+04 1.051907e+02 9.319607e+01 2.417196e+03 1.747770e+04
1.304469e+04 1.051907e+02 9.319619e+01 2.417207e+03 1.748366e+04
1.304901e+04 1.051907e+02 9.319631e+01 2.417219e+03 1.748963e+04
1.305333e+04 1.051907e+02 9.319643e+01 2.417230e+03 1.749559e+04
1.305765e+04 1.051907e+02 9.319655e+01 2.417242e+03 1.750155e+04
1.306197e+04 1.051907e+02 9.319667e+01 2.417253e+03 1.750752e+04
1.306629e+04 1.051907e+02 9.319679e+01 2.417265e+03 1.751348e+04
1.307061e+04 1.051907e+02 9.319691e+01 2.417276e+03 1.751944e+04
1.307493e+04 1.051907e+02 9.319703e+01 2.417288e+03 1.752540e+04
1.307926e+04 1.051907e+02 9.319715e+01 2.417299e+03 1.753136e+04
1.308358e+04 1.051907e+02 9.319727e+01 2.417310e+03 1.753732e+04
1.308790e+04 1.051907e+02 9.319739e+01 2.417322e+03 1.754328e+04
1.309222e+04 1.051907e+02 9.319750e+01 2.417333e+03 1.754923e+04
1.309654e+04 1.051907e+02 9.319762e+01 2.417344e+03 1.755519e+04
1.310086e+04 1.051907e+02 9.319774e+01 2.417355e+03 1.756115e+04
1.310518e+04 1.051907e+02 9.319786e+01 2.417366e+03 1.756710e+04
1.310950e+04 1.051907e+02 9.319797e+01 2.417378e+03 1.757306e+04
1.311382e+04 1.051907e+02 9.319809e+01 2.417389e+03 1.757901e+04
1.311814e+04 1.051907e+02 9.319820e+01 2.417400e+03 1.758497e+04
1.312246e+04 1.051907e+02 9.319832e+01 2.417411e+03 1.759092e+04
1.312679e+04 1.051907e+02 9.319843e+01 2.417422e+03 1.759687e+04
1.313111e+04 1.051907e+02 9.319855e+01 2.417433e+03 1.760282e+04
1.313543e+04 1.051907e+02 9.319866e+01 2.417444e+03 1.760877e+04
1.313975e+04 1.051907e+02 9.319878e+01 2.417455e+03 1.761472e+04
1.314407e+04 1.051907e+02 9.319889e+01 2.417466e+03 1.762067e+04
1.314839e+04 1.051907e+02 9.319901e+01 2.417477e+03 1.762662e+04
1.315271e+04 1.051907e+02 9.319912e+01 2.417488e+03 1.763257e+04
1.315703e+04 1.051907e+02 9.319923e+01 2.417499e+03 1.763852e+04
1.316135e+04 1.051907e+02 9.319935e+01 2.417509e+03 1.764447e+04
1.316567e+04 1.051907e+02 9.319946e+01 2.417520e+03 1.765041e+04
1.316999e+04 1.051907e+02 9.319957e+01 2.417531e+03 1.765636e+04
1.317431e+04 1.051907e+02 9.319968e+01 2.417542e+03 1.766230e+04
1.317864e+04 1.051907e+02 9.319980e+01 2.417552e+03 1.766825e+04
1.318296e+04 1.051907e+02 9.319991e+01 2.417563e+03 1.767419e+04
1.318728e+04 1.051907e+02 9.320002e+01 2.417574e+03 1.768013e+04
1.319160e+04 1.051907e+02 9.320013e+01 2.417584e+03 1.768608e+04
1.319592e+04 1.051907e+02 9.320024e+01 2.417595e+03 1.769202e+04
1.320024e+04 1.051907e+02 9.320035e+01 2.417606e+03 1.769796e+04
1.320456e+04 1.051907e+02 9.320046e+01 2.417616e+03 1.770390e+04
1.320888e+04 1.051907e+02 9.320057e+01 2.417627e+03 1.770984e+04
1.321320e+04 1.051907e+02 9.320068e+01 2.417637e+03 1.771578e+04
1.321752e+04 1.051907e+02 9.320079e+01 2.417648e+03 1.772171e+04
1.322184e+04 1.051907e+02 9.320090e+01 2.417658e+03 1.772765e+04
1.322617e+04 1.051907e+02 9.320101e+01 2.417669e+03 1.773359e+04
1.323049e+04 1.051907e+02 9.320112e+01 2.417679e+03 1.773953e+04
1.323481e+04 1.051907e+02 9.320123e+01 2.417690e+03 1.774546e+04
1.323913e+04 1.051907e+02 9.320133e+01 2.417700e+03 1.775140e+04
1.324345e+04 1.051907e+02 9.320144e+01 2.417710e+03 1.775733e+04
1.324777e+04 1.051907e+02 9.320155e+01 2.417721e+03 1.776326e+04
1.325209e+04 1.051907e+02 9.320166e+01 2.417731e+03 1.776920e+04
1.325641e+04 1.051907e+02 9.320176e+01 2.417741e+03 1.777513e+04
1.326073e+04 1.051907e+02 9.320187e+01 2.417751e+03 1.778106e+04
1.326505e+04 1.051907e+02 9.320198e+01 2.417762e+03 1.778699e+04
1.326937e+04 1.051907e+02 9.320208e+01 2.417772e+03 1.779292e+04
1.327369e+04 1.051907e+02 9.320219e+01 2.417782e+03 1.779885e+04
1.327802e+04 1.051907e+02 9.320230e+01 2.417792e+03 1.780478e+04
1.328234e+04 1.051907e+02 9.320240e+01 2.417802e+03 1.781071e+04
1.328666e+04 1.051907e+02 9.320251e+01 2.417812e+03 1.781664e+04
1.329098e+04 1.051907e+02 9.320261e+01 2.417822e+03 1.782256e+04
1.329530e+04 1.051907e+02 9.320272e+01 2.417833e+03 1.782849e+04
1.329962e+04 1.051907e+02 9.320282e+01 2.417843e+03 1.783441e+04
1.330394e+04 1.051907e+02 9.320292e+01 2.417853e+03 1.784034e+04
1.330826e+04 1.051907e+02 9.320303e+01 2.417863e+03 1.784626e+04
1.331258e+04 1.051907e+02 9.320313e+01 2.417873e+03 1.785219e+04
1.331690e+04 1.051907e+02 9.320324e+01 2.417882e+03 1.785811e+04
1.332122e+04 1.051907e+02 9.320334e+01 2.417892e+03 1.786403e+04
1.332555e+04 1.051907e+02 9.320344e+01 2.417902e+03 1.786995e+04
1.332987e+04 1.051907e+02 9.320354e+01 2.417912e+03 1.787587e+04
1.333419e+04 1.051907e+02 9.320365e+01 2.417922e+03 1.788179e+04
1.333851e+04 1.051907e+02 9.320375e+01 2.417932e+03 1.788771e+04
1.334283e+04 1.051907e+02 9.320385e+01 2.417942e+03 1.789363e+04
1.334715e+04 1.051907e+02 9.320395e+01 2.417951e+03 1.789955e+04
1.335147e+04 1.051907e+02 9.320405e+01 2.417961e+03 1.790547e+04
1.335579e+04 1.051907e+02 9.320415e+01 2.417971e+03 1.791138e+04
1.336011e+04 1.051907e+02 9.320425e+01 2.417980e+03 1.791730e+04
1.336443e+04 1.051907e+02 9.320435e+01 2.417990e+03 1.792322e+04
1.336875e+04 1.051907e+02 9.320446e+01 2.418000e+03 1.792913e+04
1.337307e+04 1.051907e+02 9.320456e+01 2.418009e+03 1.793504e+04
1.337740e+04 1.051907e+02 9.320466e+01 2.418019e+03 1.794096e+04
1.338172e+04 1.051907e+02 9.320475e+01 2.418029e+03 1.794687e+04
1.338604e+04 1.051907e+02 9.320485e+01 2.418038e+03 1.795278e+04
1.339036e+04 1.051907e+02 9.320495e+01 2.418048e+03 1.795869e+04
1.339468e+04 1.051907e+02 9.320505e+01 2.418057e+03 1.796461e+04
1.339900e+04 1.051907e+02 9.320515e+01 2.418067e+03 1.797052e+04
1.340332e+04 1.051907e+02 9.320525e+01 2.418076e+03 1.797642e+04
1.340764e+04 1.051907e+02 9.320535e+01 2.418085e+03 1.798233e+04
1.341196e+04 1.051907e+02 9.320544e+01 2.418095e+03 1.798824e+04
1.341628e+04 1.051907e+02 9.320554e+01 2.418104e+03 1.799415e+04
1.342060e+04 1.051907e+02 9.320564e+01 2.418114e+03 1.800006e+04
1.342492e+04 1.051907e+02 9.320574e+01 2.418123e+03 1.800596e+04
1.342925e+04 1.051907e+02 9.320583e+01 2.418132e+03 1.801187e+04
1.343357e+04 1.051907e+02 9.320593e+01 2.418142e+03 1.801777e+04
1.343789e+04 1.051907e+02 9.320603e+01 2.418151e+03 1.802368e+04
1.344221e+04 1.051907e+02 9.320612e+01 2.418160e+03 1.802958e+04
1.344653e+04 1.051907e+02 9.320622e+01 2.418169e+03 1.803548e+04
1.345085e+04 1.051907e+02 9.320631e+01 2.418179e+03 1.804138e+04
1.345517e+04 1.051907e+02 9.320641e+01 2.418188e+03 1.804729e+04
1.345949e+04 1.051907e+02 9.320650e+01 2.418197e+03 1.805319e+04
1.346381e+04 1.051907e+02 9.320660e+01 2.418206e+03 1.805909e+04
1.346813e+04 1.051907e+02 9.320669e+01 2.418215e+03 1.806499e+04
1.347245e+04 1.051907e+02 9.320679e+01 2.418224e+03 1.807088e+04
1.347678e+04 1.051907e+02 9.320688e+01 2.418233e+03 1.807678e+04
1.348110e+04 1.051907e+02 9.320698e+01 2.418242e+03 1.808268e+04
1.348542e+04 1.051907e+02 9.320707e+01 2.418251e+03 1.808858e+04
1.348974e+04 1.051907e+02 9.320716e+01 2.418260e+03 1.809447e+04
1.349406e+04 1.051907e+02 9.320726e+01 2.418269e+03 1.810037e+04
1.349838e+04 1.051907e+02 9.320735e+01 2.418278e+03 1.810626e+04
1.350270e+04 1.051907e+02 9.320744e+01 2.418287e+03 1.811216e+04
1.350702e+04 1.051907e+02 9.320754e+01 2.418296e+03 1.811805e+04
1.351134e+04 1.051907e+02 9.320763e+01 2.418305e+03 1.812394e+04
1.351566e+04 1.051907e+02 9.320772e+01 2.418314e+03 1.812983e+04
1.351998e+04 1.051907e+02 9.320781e+01 2.418323e+03 1.813573e+04
1.352430e+04 1.051907e+02 9.320790e+01 2.418332e+03 1.814162e+04
1.352863e+04 1.051907e+02 9.320800e+01 2.418341e+03 1.814751e+04
1.353295e+04 1.051907e+02 9.320809e+01 2.418349e+03 1.815340e+04
1.353727e+04 1.051907e+02 9.320818e+01 2.418358e+03 1.815928e+04
1.354159e+04 1.051907e+02 9.320827e+01 2.418367e+03 1.816517e+04
1.354591e+04 1.051907e+02 9.320836e+01 2.418376e+03 1.817106e+04
1.355023e+04 1.051907e+02 9.320845e+01 2.418384e+03 1.817695e+04
1.355455e+04 1.051907e+02 9.320854e+01 2.418393e+03 1.818283e+04
1.355887e+04 1.051907e+02 9.320863e+01 2.418402e+03 1.818872e+04
1.356319e+04 1.051907e+02 9.320872e+01 2.418410e+03 1.819460e+04
1.356751e+04 1.051907e+02 9.320881e+01 2.418419e+03 1.820049e+04
1.357183e+04 1.051907e+02 9.320890e+01 2.418428e+03 1.820637e+04
1.357616e+04 1.051907e+02 9.320899e+01 2.418436e+03 1.821225e+04
1.358048e+04 1.051907e+02 9.320907e+01 2.418445e+03 1.821813e+04
1.358480e+04 1.051907e+02 9.320916e+01 2.418453e+03 1.822401e+04
1.358912e+04 1.051907e+02 9.320925e+01 2.418462e+03 1.822989e+04
1.359344e+04 1.051907e+02 9.320934e+01 2.418470e+03 1.823577e+04
1.359776e+04 1.051907e+02 9.320943e+01 2.418479e+03 1.824165e+04
1.360208e+04 1.051907e+02 9.320952e+01 2.418487e+03 1.824753e+04
1.360640e+04 1.051907e+02 9.320960e+01 2.418496e+03 1.825341e+04
1.361072e+04 1.051907e+02 9.320969e+01 2.418504e+03 1.825929e+04
1.361504e+04 1.051907e+02 9.320978e+01 2.418512e+03 1.826516e+04
1.361936e+04 1.051907e+02 9.320986e+01 2.418521e+03 1.827104e+04
1.362368e+04 1.051907e+02 9.320995e+01 2.418529e+03 1.827692e+04
1.362801e+04 1.051907e+02 9.321004e+01 2.418538e+03 1.828279e+04
1.363233e+04 1.051907e+02 9.321012e+01 2.418546e+03 1.828866e+04
1.363665e+04 1.051907e+02 9.321021e+01 2.418554e+03 1.829454e+04
1.364097e+04 1.051907e+02 9.321029e+01 2.418562e+03 1.830041e+04
1.364529e+04 1.051907e+02 9.321038e+01 2.418571e+03 1.830628e+04
1.364961e+04 1.051907e+02 9.321046e+01 2.418579e+03 1.831215e+04
1.365393e+04 1.051907e+02 9.321055e+01 2.418587e+03 1.831802e+04
1.365825e+04 1.051907e+02 9.321063e+01 2.418595e+03 1.832389e+04
1.366257e+04 1.051907e+02 9.321072e+01 2.418603e+03 1.832976e+04
1.366689e+04 1.051907e+02 9.321080e+01 2.418612e+03 1.833563e+04
1.367121e+04 1.051907e+02 9.321089e+01 2.418620e+03 1.834150e+04
1.367554e+04 1.051907e+02 9.321097e+01 2.418628e+03 1.834737e+04
1.367986e+04 1.051907e+02 9.321106e+01 2.418636e+03 1.835323e+04
1.368418e+04 1.051907e+02 9.321114e+01 2.418644e+03 1.835910e+04
1.368850e+04 1.051907e+02 9.321122e+01 2.418652e+03 1.836496e+04
1.369282e+04 1.051907e+02 9.321131e+01 2.418660e+03 1.837083e+04
1.369714e+04 1.051907e+02 9.321139e+01 2.418668e+03 1.837669e+04
1.370146e+04 1.051907e+02 9.321147e+01 2.418676e+03 1.838255e+04
1.370578e+04 1.051907e+02 9.321155e+01 2.418684e+03 1.838842e+04
1.371010e+04 1.051907e+02 9.321164e+01 2.418692e+03 1.839428e+04
1.371442e+04 1.051907e+02 9.321172e+01 2.418700e+03 1.840014e+04
1.371874e+04 1.051907e+02 9.321180e+01 2.418708e+03 1.840600e+04
1.372306e+04 1.051907e+02 9.321188e+01 2.418716e+03 1.841186e+04
1.372739e+04 1.051907e+02 9.321196e+01 2.418724e+03 1.841772e+04
1.373171e+04 1.051907e+02 9.321205e+01 2.418732e+03 1.842358e+04
1.373603e+04 1.051907e+02 9.321213e+01 2.418739e+03 1.842944e+04
1.374035e+04 1.051907e+02 9.321221e+01 2.418747e+03 1.843529e+04
1.374467e+04 1.051907e+02 9.321229e+01 2.418755e+03 1.844115e+04
1.374899e+04 1.051907e+02 9.321237e+01 2.418763e+03 1.844700e+04
1.375331e+04 1.051907e+02 9.321245e+01 2.418771e+03 1.845286e+04
1.375763e+04 1.051907e+02 9.321253e+01 2.418778e+03 1.845871e+04
1.376195e+04 1.051907e+02 9.321261e+01 2.418786e+03 1.846457e+04
1.376627e+04 1.051907e+02 9.321269e+01 2.418794e+03 1.847042e+04
1.377059e+04 1.051907e+02 9.321277e+01 2.418802e+03 1.847627e+04
1.377491e+04 1.051907e+02 9.321285e+01 2.418809e+03 1.848213e+04
1.377924e+04 1.051907e+02 9.321293e+01 2.418817e+03 1.848798e+04
1.378356e+04 1.051907e+02 9.321301e+01 2.418824e+03 1.849383e+04
1.378788e+04 1.051907e+02 9.321308e+01 2.418832e+03 1.849968e+04
1.379220e+04 1.051907e+02 9.321316e+01 2.418840e+03 1.850553e+04
1.379652e+04 1.051907e+02 9.321324e+01 2.418847e+03 1.851137e+04
1.380084e+04 1.051907e+02 9.321332e+01 2.418855e+03 1.851722e+04
1.380516e+04 1.051907e+02 9.321340e+01 2.418862e+03 1.852307e+04
1.380948e+04 1.051907e+02 9.321347e+01 2.418870e+03 1.852892e+04
1.381380e+04 1.051907e+02 9.321355e+01 2.418877e+03 1.853476e+04
1.381812e+04 1.051907e+02 9.321363e+01 2.418885e+03 1.854061e+04
1.382244e+04 1.051907e+02 9.321371e+01 2.418892e+03 1.854645e+04
1.382677e+04 1.051907e+02 9.321378e+01 2.418900e+03 1.855229e+04
1.383109e+04 1.051907e+02 9.321386e+01 2.418907e+03 1.855814e+04
1.383541e+04 1.051907e+02 9.321394e+01 2.418915e+03 1.856398e+04
1.383973e+04 1.051907e+02 9.321401e+01 2.418922e+03 1.856982e+04
1.384405e+04 1.051907e+02 9.321409e+01 2.418929e+03 1.857566e+04
1.384837e+04 1.051907e+02 9.321417e+01 2.418937e+03 1.858150e+04
1.385269e+04 1.051907e+02 9.321424e+01 2.418944e+03 1.858734e+04
1.385701e+04 1.051907e+02 9.321432e+01 2.418952e+03 1.859318e+04
1.386133e+04 1.051907e+02 9.321439e+01 2.418959e+03 1.859902e+04
1.386565e+04 1.051907e+02 9.321447e+01 2.418966e+03 1.860486e+04
1.386997e+04 1.051907e+02 9.321454e+01 2.418973e+03 1.861069e+04
1.387429e+04 1.051907e+02 9.321462e+01 2.418981e+03 1.861653e+04
1.387862e+04 1.051907e+02 9.321469e+01 2.418988e+03 1.862237e+04
1.388294e+04 1.051907e+02 9.321477e+01 2.418995e+03 1.862820e+04
1.388726e+04 1.051907e+02 9.321484e+01 2.419002e+03 1.863404e+04
1.389158e+04 1.051907e+02 9.321492e+01 2.419009e+03 1.863987e+04
1.389590e+04 1.051907e+02 9.321499e+01 2.419017e+03 1.864570e+04
1.390022e+04 1.051907e+02 9.321506e+01 2.419024e+03 1.865153e+04
1.390454e+04 1.051907e+02 9.321514e+01 2.419031e+03 1.865737e+04
1.390886e+04 1.051907e+02 9.321521e+01 2.419038e+03 1.866320e+04
1.391318e+04 1.051907e+02 9.321528e+01 2.419045e+03 1.866903e+04
1.391750e+04 1.051907e+02 9.321536e+01 2.419052e+03 1.867486e+04
1.392182e+04 1.051907e+02 9.321543e+01 2.419059e+03 1.868069e+04
1.392615e+04 1.051907e+02 9.321550e+01 2.419066e+03 1.868651e+04
1.393047e+04 1.051907e+02 9.321557e+01 2.419073e+03 1.869234e+04
1.393479e+04 1.051907e+02 9.321565e+01 2.419080e+03 1.869817e+04
1.393911e+04 1.051907e+02 9.321572e+01 2.419087e+03 1.870400e+04
1.394343e+04 1.051907e+02 9.321579e+01 2.419094e+03 1.870982e+04
1.394775e+04 1.051907e+02 9.321586e+01 2.419101e+03 1.871565e+04
1.395207e+04 1.051907e+02 9.321593e+01 2.419108e+03 1.872147e+04
1.395639e+04 1.051907e+02 9.321601e+01 2.419115e+03 1.872729e+04
1.396071e+04 1.051907e+02 9.321608e+01 2.419122e+03 1.873312e+04
1.396503e+04 1.051907e+02 9.321615e+01 2.419129e+03 1.873894e+04
1.396935e+04 1.051907e+02 9.321622e+01 2.419136e+03 1.874476e+04
1.397367e+04 1.051907e+02 9.321629e+01 2.419143e+03 1.875058e+04
1.397800e+04 1.051907e+02 9.321636e+01 2.419150e+03 1.875640e+04
1.398232e+04 1.051907e+02 9.321643e+01 2.419156e+03 1.876222e+04
1.398664e+04 1.051907e+02 9.321650e+01 2.419163e+03 1.876804e+04
1.399096e+04 1.051907e+02 9.321657e+01 2.419170e+03 1.877386e+04
1.399528e+04 1.051907e+02 9.321664e+01 2.419177e+03 1.877968e+04
1.399960e+04 1.051907e+02 9.321671e+01 2.419184e+03 1.878549e+04
1.400392e+04 1.051907e+02 9.321678e+01 2.419190e+03 1.879131e+04
1.400824e+04 1.051907e+02 9.321685e+01 2.419197e+03 1.879713e+04
1.401256e+04 1.051907e+02 9.321692e+01 2.419204e+03 1.880294e+04
1.401688e+04 1.051907e+02 9.321699e+01 2.419210e+03 1.880876e+04
1.402120e+04 1.051907e+02 9.321706e+01 2.419217e+03 1.881457e+04
1.402553e+04 1.051907e+02 9.321712e+01 2.419224e+03 1.882038e+04
1.402985e+04 1.051907e+02 9.321719e+01 2.419230e+03 1.882619e+04
1.403417e+04 1.051907e+02 9.321726e+01 2.419237e+03 1.883201e+04
1.403849e+04 1.051907e+02 9.321733e+01 2.419244e+03 1.883782e+04
1.404281e+04 1.051907e+02 9.321740e+01 2.419250e+03 1.884363e+04
1.404713e+04 1.051907e+02 9.321746e+01 2.419257e+03 1.884944e+04
1.405145e+04 1.051907e+02 9.321753e+01 2.419263e+03 1.885525e+04
1.405577e+04 1.051907e+02 9.321760e+01 2.419270e+03 1.886105e+04
1.406009e+04 1.051907e+02 9.321767e+01 2.419277e+03 1.886686e+04
1.406441e+04 1.051907e+02 9.321773e+01 2.419283e+03 1.887267e+04
1.406873e+04 1.051907e+02 9.321780e+01 2.419290e+03 1.887847e+04
1.407305e+04 1.051907e+02 9.321787e+01 2.419296e+03 1.888428e+04
1.407738e+04 1.051907e+02 9.321793e+01 2.419302e+03 1.889008e+04
1.408170e+04 1.051907e+02 9.321800e+01 2.419309e+03 1.889589e+04
1.408602e+04 1.051907e+02 9.321807e+01 2.419315e+03 1.890169e+04
1.409034e+04 1.051907e+02 9.321813e+01 2.419322e+03 1.890750e+04
1.409466e+04 1.051907e+02 9.321820e+01 2.419328e+03 1.891330e+04
1.409898e+04 1.051907e+02 9.321826e+01 2.419335e+03 1.891910e+04
1.410330e+04 1.051907e+02 9.321833e+01 2.419341e+03 1.892490e+04
1.410762e+04 1.051907e+02 9.321840e+01 2.419347e+03 1.893070e+04
1.411194e+04 1.051907e+02 9.321846e+01 2.419354e+03 1.893650e+04
1.411626e+04 1.051907e+02 9.321853e+01 2.419360e+03 1.894230e+04
1.412058e+04 1.051907e+02 9.321859e+01 2.419366e+03 1.894810e+04
1.412490e+04 1.051907e+02 9.321866e+01 2.419373e+03 1.895389e+04
1.412923e+04 1.051907e+02 9.321872e+01 2.419379e+03 1.895969e+04
1.413355e+04 1.051907e+02 9.321878e+01 2.419385e+03 1.896549e+04
1.413787e+04 1.051907e+02 9.321885e+01 2.419391e+03 1.897128e+04
1.414219e+04 1.051907e+02 9.321891e+01 2.419398e+03 1.897708e+04
1.414651e+04 1.051907e+02 9.321898e+01 2.419404e+03 1.898287e+04
1.415083e+04 1.051907e+02 9.321904e+01 2.419410e+03 1.898867e+04
1.415515e+04 1.051907e+02 9.321910e+01 2.419416e+03 1.899446e+04
1.415947e+04 1.051907e+02 9.321917e+01 2.419422e+03 1.900025e+04
1.416379e+04 1.051907e+02 9.321923e+01 2.419429e+03 1.900604e+04
1.416811e+04 1.051907e+02 9.321929e+01 2.419435e+03 1.901183e+04
1.417243e+04 1.051907e+02 9.321936e+01 2.419441e+03 1.901762e+04
1.417676e+04 1.051907e+02 9.321942e+01 2.419447e+03 1.902341e+04
1.418108e+04 1.051907e+02 9.321948e+01 2.419453e+03 1.902920e+04
1.418540e+04 1.051907e+02 9.321955e+01 2.419459e+03 1.903499e+04
1.418972e+04 1.051907e+02 9.321961e+01 2.419465e+03 1.904078e+04
1.419404e+04 1.051907e+02 9.321967e+01 2.419471e+03 1.904657e+04
1.419836e+04 1.051907e+02 9.321973e+01 2.419477e+03 1.905235e+04
1.420268e+04 1.051907e+02 9.321979e+01 2.419483e+03 1.905814e+04
1.420700e+04 1.051907e+02 9.321986e+01 2.419489e+03 1.906392e+04
1.421132e+04 1.051907e+02 9.321992e+01 2.419495e+03 1.906971e+04
1.421564e+04 1.051907e+02 9.321998e+01 2.419501e+03 1.907549e+04
1.421996e+04 1.051907e+02 9.322004e+01 2.419507e+03 1.908127e+04
1.422428e+04 1.051907e+02 9.322010e+01 2.419513e+03 1.908705e+04
1.422861e+04 1.051907e+02 9.322016e+01 2.419519e+03 1.909284e+04
1.423293e+04 1.051907e+02 9.322022e+01 2.419525e+03 1.909862e+04
1.423725e+04 1.051907e+02 9.322028e+01 2.419531e+03 1.910440e+04
1.424157e+04 1.051907e+02 9.322034e+01 2.419537e+03 1.911018e+04
1.424589e+04 1.051907e+02 9.322041e+01 2.419543e+03 1.911596e+04
1.425021e+04 1.051907e+02 9.322047e+01 2.419549e+03 1.912173e+04
1.425453e+04 1.051907e+02 9.322053e+01 2.419555e+03 1.912751e+04
1.425885e+04 1.051907e+02 9.322059e+01 2.419560e+03 1.913329e+04
1.426317e+04 1.051907e+02 9.322065e+01 2.419566e+03 1.913906e+04
1.426749e+04 1.051907e+02 9.322070e+01 2.419572e+03 1.914484e+04
1.427181e+04 1.051907e+02 9.322076e+01 2.419578e+03 1.915062e+04
1.427614e+04 1.051907e+02 9.322082e+01 2.419584e+03 1.915639e+04
1.428046e+04 1.051907e+02 9.322088e+01 2.419589e+03 1.916216e+04
1.428478e+04 1.051907e+02 9.322094e+01 2.419595e+03 1.916794e+04
1.428910e+04 1.051907e+02 9.322100e+01 2.419601e+03 1.917371e+04
1.429342e+04 1.051907e+02 9.322106e+01 2.419607e+03 1.917948e+04
1.429774e+04 1.051907e+02 9.322112e+01 2.419612e+03 1.918525e+04
1.430206e+04 1.051907e+02 9.322118e+01 2.419618e+03 1.919102e+04
1.430638e+04 1.051907e+02 9.322124e+01 2.419624e+03 1.919679e+04
1.431070e+04 1.051907e+02 9.322129e+01 2.419629e+03 1.920256e+04
1.431502e+04 1.051907e+02 9.322135e+01 2.419635e+03 1.920833e+04
1.431934e+04 1.051907e+02 9.322141e+01 2.419641e+03 1.921409e+04
1.432366e+04 1.051907e+02 9.322147e+01 2.419646e+03 1.921986e+04
1.432799e+04 1.051907e+02 9.322152e+01 2.419652e+03 1.922563e+04
1.433231e+04 1.051907e+02 9.322158e+01 2.419658e+03 1.923139e+04
1.433663e+04 1.051907e+02 9.322164e+01 2.419663e+03 1.923716e+04
1.434095e+04 1.051907e+02 9.322170e+01 2.419669e+03 1.924292e+04
1.434527e+04 1.051907e+02 9.322175e+01 2.419674e+03 1.924869e+04
1.434959e+04 1.051907e+02 9.322181e+01 2.419680e+03 1.925445e+04
1.435391e+04 1.051907e+02 9.322187e+01 2.419685e+03 1.926021e+04
1.435823e+04 1.051907e+02 9.322192e+01 2.419691e+03 1.926597e+04
1.436255e+04 1.051907e+02 9.322198e+01 2.419696e+03 1.927173e+04
1.436687e+04 1.051907e+02 9.322204e+01 2.419702e+03 1.927749e+04
1.437119e+04 1.051907e+02 9.322209e+01 2.419707e+03 1.928325e+04
1.437552e+04 1.051907e+02 9.322215e+01 2.419713e+03 1.928901e+04
1.437984e+04 1.051907e+02 9.322220e+01 2.419718e+03 1.929477e+04
1.438416e+04 1.051907e+02 9.322226e+01 2.419724e+03 1.930053e+04
1.438848e+04 1.051907e+02 9.322232e+01 2.419729e+03 1.930628e+04
1.439280e+04 1.051907e+02 9.322237e+01 2.419735e+03 1.931204e+04
1.439712e+04 1.051907e+02 9.322243e+01 2.419740e+03 1.931780e+04
1.440144e+04 1.051907e+02 9.322248e+01 2.419745e+03 1.932355e+04
1.440576e+04 1.051907e+02 9.322254e+01 2.419751e+03 1.932931e+04
1.441008e+04 1.051907e+02 9.322259e+01 2.419756e+03 1.933506e+04
1.441440e+04 1.051907e+02 9.322265e+01 2.419762e+03 1.934081e+04
1.441872e+04 1.051907e+02 9.322270e+01 2.419767e+03 1.934656e+04
1.442304e+04 1.051907e+02 9.322276e+01 2.419772e+03 1.935232e+04
1.442737e+04 1.051907e+02 9.322281e+01 2.419778e+03 1.935807e+04
1.443169e+04 1.051907e+02 9.322286e+01 2.419783e+03 1.936382e+04
1.443601e+04 1.051907e+02 9.322292e+01 2.419788e+03 1.936957e+04
1.444033e+04 1.051907e+02 9.322297e+01 2.419793e+03 1.937532e+04
1.444465e+04 1.051907e+02 9.322303e+01 2.419799e+03 1.938106e+04
1.444897e+04 1.051907e+02 9.322308e+01 2.419804e+03 1.938681e+04
1.445329e+04 1.051907e+02 9.322313e+01 2.419809e+03 1.939256e+04
1.445761e+04 1.051907e+02 9.322319e+01 2.419814e+03 1.939830e+04
1.446193e+04 1.051907e+02 9.322324e+01 2.419820e+03 1.940405e+04
1.446625e+04 1.051907e+02 9.322329e+01 2.419825e+03 1.940979e+04
1.447057e+04 1.051907e+02 9.322335e+01 2.419830e+03 1.941554e+04
1.447489e+04 1.051907e+02 9.322340e+01 2.419835e+03 1.942128e+04
1.447922e+04 1.051907e+02 9.322345e+01 2.419840e+03 1.942703e+04
1.448354e+04 1.051907e+02 9.322351e+01 2.419845e+03 1.943277e+04
1.448786e+04 1.051907e+02 9.322356e+01 2.419851e+03 1.943851e+04
1.449218e+04 1.051907e+02 9.322361e+01 2.419856e+03 1.944425e+04
1.449650e+04 1.051907e+02 9.322366e+01 2.419861e+03 1.944999e+04
1.450082e+04 1.051907e+02 9.322371e+01 2.419866e+03 1.945573e+04
1.450514e+04 1.051907e+02 9.322377e+01 2.419871e+03 1.946147e+04
1.450946e+04 1.051907e+02 9.322382e+01 2.419876e+03 1.946721e+04
1.451378e+04 1.051907e+02 9.322387e+01 2.419881e+03 1.947295e+04
1.451810e+04 1.051907e+02 9.322392e+01 2.419886e+03 1.947868e+04
1.452242e+04 1.051907e+02 9.322397e+01 2.419891e+03 1.948442e+04
1.452675e+04 1.051907e+02 9.322402e+01 2.419896e+03 1.949015e+04
1.453107e+04 1.051907e+02 9.322408e+01 2.419901e+03 1.949589e+04
1.453539e+04 1.051907e+02 9.322413e+01 2.419906e+03 1.950162e+04
1.453971e+04 1.051907e+02 9.322418e+01 2.419911e+03 1.950736e+04
1.454403e+04 1.051907e+02 9.322423e+01 2.419916e+03 1.951309e+04
1.454835e+04 1.051907e+02 9.322428e+01 2.419921e+03 1.951882e+04
1.455267e+04 1.051907e+02 9.322433e+01 2.419926e+03 1.952455e+04
1.455699e+04 1.051907e+02 9.322438e+01 2.419931e+03 1.953028e+04
1.456131e+04 1.051907e+02 9.322443e+01 2.419936e+03 1.953601e+04
1.456563e+04 1.051907e+02 9.322448e+01 2.419941e+03 1.954174e+04
1.456995e+04 1.051907e+02 9.322453e+01 2.419946e+03 1.954747e+04
1.457427e+04 1.051907e+02 9.322458e+01 2.419951e+03 1.955320e+04
1.457860e+04 1.051907e+02 9.322463e+01 2.419955e+03 1.955893e+04
1.458292e+04 1.051907e+02 9.322468e+01 2.419960e+03 1.956466e+04
1.458724e+04 1.051907e+02 9.322473e+01 2.419965e+03 1.957038e+04
1.459156e+04 1.051907e+02 9.322478e+01 2.419970e+03 1.957611e+04
1.459588e+04 1.051907e+02 9.322483e+01 2.419975e+03 1.958183e+04
1.460020e+04 1.051907e+02 9.322488e+01 2.419980e+03 1.958756e+04
1.460452e+04 1.051907e+02 9.322493e+01 2.419984e+03 1.959328e+04
1.460884e+04 1.051907e+02 9.322498e+01 2.419989e+03 1.959900e+04
1.461316e+04 1.051907e+02 9.322503e+01 2.419994e+03 1.960473e+04
1.461748e+04 1.051907e+02 9.322507e+01 2.419999e+03 1.961045e+04
1.462180e+04 1.051907e+02 9.322512e+01 2.420004e+03 1.961617e+04
1.462613e+04 1.051907e+02 9.322517e+01 2.420008e+03 1.962189e+04
1.463045e+04 1.051907e+02 9.322522e+01 2.420013e+03 1.962761e+04
1.463477e+04 1.051907e+02 9.322527e+01 2.420018e+03 1.963333e+04
1.463909e+04 1.051907e+02 9.322532e+01 2.420022e+03 1.963905e+04
1.464341e+04 1.051907e+02 9.322536e+01 2.420027e+03 1.964476e+04
1.464773e+04 1.051907e+02 9.322541e+01 2.420032e+03 1.965048e+04
1.465205e+04 1.051907e+02 9.322546e+01 2.420037e+03 1.965620e+04
1.465637e+04 1.051907e+02 9.322551e+01 2.420041e+03 1.966191e+04
1.466069e+04 1.051907e+02 9.322555e+01 2.420046e+03 1.966763e+04
1.466501e+04 1.051907e+02 9.322560e+01 2.420050e+03 1.967334e+04
1.466933e+04 1.051907e+02 9.322565e+01 2.420055e+03 1.967906e+04
1.467365e+04 1.051907e+02 9.322570e+01 2.420060e+03 1.968477e+04
1.467798e+04 1.051907e+02 9.322574e+01 2.420064e+03 1.969048e+04
1.468230e+04 1.051907e+02 9.322579e+01 2.420069e+03 1.969619e+04
1.468662e+04 1.051907e+02 9.322584e+01 2.420074e+03 1.970190e+04
1.469094e+04 1.051907e+02 9.322588e+01 2.420078e+03 1.970761e+04
1.469526e+04 1.051907e+02 9.322593e+01 2.420083e+03 1.971332e+04
1.469958e+04 1.051907e+02 9.322598e+01 2.420087e+03 1.971903e+04
1.470390e+04 1.051907e+02 9.322602e+01 2.420092e+03 1.972474e+04
1.470822e+04 1.051907e+02 9.322607e+01 2.420096e+03 1.973045e+04
1.471254e+04 1.051907e+02 9.322612e+01 2.420101e+03 1.973616e+04
1.471686e+04 1.051907e+02 9.322616e+01 2.420105e+03 1.974186e+04
1.472118e+04 1.051907e+02 9.322621e+01 2.420110e+03 1.974757e+04
1.472551e+04 1.051907e+02 9.322625e+01 2.420114e+03 1.975327e+04
1.472983e+04 1.051907e+02 9.322630e+01 2.420119e+03 1.975898e+04
1.473415e+04 1.051907e+02 9.322634e+01 2.420123e+03 1.976468e+04
1.473847e+04 1.051907e+02 9.322639e+01 2.420128e+03 1.977038e+04
1.474279e+04 1.051907e+02 9.322644e+01 2.420132e+03 1.977609e+04
1.474711e+04 1.051907e+02 9.322648e+01 2.420137e+03 1.978179e+04
1.475143e+04 1.051907e+02 9.322653e+01 2.420141e+03 1.978749e+04
1.475575e+04 1.051907e+02 9.322657e+01 2.420145e+03 1.979319e+04
1.476007e+04 1.051907e+02 9.322662e+01 2.420150e+03 1.979889e+04
1.476439e+04 1.051907e+02 9.322666e+01 2.420154e+03 1.980459e+04
1.476871e+04 1.051907e+02 9.322671e+01 2.420159e+03 1.981029e+04
1.477303e+04 1.051907e+02 9.322675e+01 2.420163e+03 1.981598e+04
1.477736e+04 1.051907e+02 9.322679e+01 2.420167e+03 1.982168e+04
1.478168e+04 1.051907e+02 9.322684e+01 2.420172e+03 1.982738e+04
1.478600e+04 1.051907e+02 9.322688e+01 2.420176e+03 1.983307e+04
1.479032e+04 1.051907e+02 9.322693e+01 2.420180e+03 1.983877e+04
1.479464e+04 1.051907e+02 9.322697e+01 2.420185e+03 1.984446e+04
1.479896e+04 1.051907e+02 9.322701e+01 2.420189e+03 1.985016e+04
1.480328e+04 1.051907e+02 9.322706e+01 2.420193e+03 1.985585e+04
1.480760e+04 1.051907e+02 9.322710e+01 2.420197e+03 1.986154e+04
1.481192e+04 1.051907e+02 9.322715e+01 2.420202e+03 1.986723e+04
1.481624e+04 1.051907e+02 9.322719e+01 2.420206e+03 1.987293e+04
1.482056e+04 1.051907e+02 9.322723e+01 2.420210e+03 1.987862e+04
1.482488e+04 1.051907e+02 9.322728e+01 2.420215e+03 1.988431e+04
1.482921e+04 1.051907e+02 9.322732e+01 2.420219e+03 1.989000e+04
1.483353e+04 1.051907e+02 9.322736e+01 2.420223e+03 1.989568e+04
1.483785e+04 1.051907e+02 9.322740e+01 2.420227e+03 1.990137e+04
1.484217e+04 1.051907e+02 9.322745e+01 2.420231e+03 1.990706e+04
1.484649e+04 1.051907e+02 9.322749e+01 2.420236e+03 1.991275e+04
1.485081e+04 1.051907e+02 9.322753e+01 2.420240e+03 1.991843e+04
1.485513e+04 1.051907e+02 9.322758e+01 2.420244e+03 1.992412e+04
1.485945e+04 1.051907e+02 9.322762e+01 2.420248e+03 1.992980e+04
1.486377e+04 1.051907e+02 9.322766e+01 2.420252e+03 1.993548e+04
1.486809e+04 1.051907e+02 9.322770e+01 2.420256e+03 1.994117e+04
1.487241e+04 1.051907e+02 9.322774e+01 2.420260e+03 1.994685e+04
1.487674e+04 1.051907e+02 9.322779e+01 2.420265e+03 1.995253e+04
1.488106e+04 1.051907e+02 9.322783e+01 2.420269e+03 1.995821e+04
1.488538e+04 1.051907e+02 9.322787e+01 2.420273e+03 1.996389e+04
1.488970e+04 1.051907e+02 9.322791e+01 2.420277e+03 1.996957e+04
1.489402e+04 1.051907e+02 9.322795e+01 2.420281e+03 1.997525e+04
1.489834e+04 1.051907e+02 9.322799e+01 2.420285e+03 1.998093e+04
1.490266e+04 1.051907e+02 9.322804e+01 2.420289e+03 1.998661e+04
1.490698e+04 1.051907e+02 9.322808e+01 2.420293e+03 1.999229e+04
1.491130e+04 1.051907e+02 9.322812e+01 2.420297e+03 1.999796e+04
1.491562e+04 1.051907e+02 9.322816e+01 2.420301e+03 2.000364e+04
1.491994e+04 1.051907e+02 9.322820e+01 2.420305e+03 2.000931e+04
1.492426e+04 1.051907e+02 9.322824e+01 2.420309e+03 2.001499e+04
1.492859e+04 1.051907e+02 9.322828e+01 2.420313e+03 2.002066e+04
1.493291e+04 1.051907e+02 9.322832e+01 2.420317e+03 2.002634e+04
1.493723e+04 1.051907e+02 9.322836e+01 2.420321e+03 2.003201e+04
1.494155e+04 1.051907e+02 9.322840e+01 2.420325e+03 2.003768e+04
1.494587e+04 1.051907e+02 9.322844e+01 2.420329e+03 2.004335e+04
1.495019e+04 1.051907e+02 9.322848e+01 2.420333e+03 2.004902e+04
1.495451e+04 1.051907e+02 9.322852e+01 2.420337e+03 2.005469e+04
1.495883e+04 1.051907e+02 9.322856e+01 2.420341e+03 2.006036e+04
1.496315e+04 1.051907e+02 9.322860e+01 2.420345e+03 2.006603e+04
1.496747e+04 1.051907e+02 9.322864e+01 2.420349e+03 2.007170e+04
1.497179e+04 1.051907e+02 9.322868e+01 2.420353e+03 2.007737e+04
1.497612e+04 1.051907e+02 9.322872e+01 2.420357e+03 2.008303e+04
1.498044e+04 1.051907e+02 9.322876e+01 2.420360e+03 2.008870e+04
1.498476e+04 1.051907e+02 9.322880e+01 2.420364e+03 2.009436e+04
1.498908e+04 1.051907e+02 9.322884e+01 2.420368e+03 2.010003e+04
1.499340e+04 1.051907e+02 9.322888e+01 2.420372e+03 2.010569e+04
1.499772e+04 1.051907e+02 9.322892e+01 2.420376e+03 2.011136e+04
1.500204e+04 1.051907e+02 9.322896e+01 2.420380e+03 2.011702e+04
1.500636e+04 1.051907e+02 9.322900e+01 2.420384e+03 2.012268e+04
1.501068e+04 1.051907e+02 9.322904e+01 2.420387e+03 2.012834e+04
1.501500e+04 1.051907e+02 9.322907e+01 2.420391e+03 2.013400e+04
1.501932e+04 1.051907e+02 9.322911e+01 2.420395e+03 2.013966e+04
1.502364e+04 1.051907e+02 9.322915e+01 2.420399e+03 2.014532e+04
1.502797e+04 1.051907e+02 9.322919e+01 2.420403e+03 2.015098e+04
1.503229e+04 1.051907e+02 9.322923e+01 2.420406e+03 2.015664e+04
1.503661e+04 1.051907e+02 9.322927e+01 2.420410e+03 2.016230e+04
1.504093e+04 1.051907e+02 9.322930e+01 2.420414e+03 2.016795e+04
1.504525e+04 1.051907e+02 9.322934e+01 2.420418e+03 2.017361e+04
1.504957e+04 1.051907e+02 9.322938e+01 2.420421e+03 2.017927e+04
1.505389e+04 1.051907e+02 9.322942e+01 2.420425e+03 2.018492e+04
1.505821e+04 1.051907e+02 9.322946e+01 2.420429e+03 2.019057e+04
1.506253e+04 1.051907e+02 9.322949e+01 2.420432e+03 2.019623e+04
1.506685e+04 1.051907e+02 9.322953e+01 2.420436e+03 2.020188e+04
1.507117e+04 1.051907e+02 9.322957e+01 2.420440e+03 2.020753e+04
1.507550e+04 1.051907e+02 9.322961e+01 2.420444e+03 2.021318e+04
1.507982e+04 1.051907e+02 9.322964e+01 2.420447e+03 2.021884e+04
1.508414e+04 1.051907e+02 9.322968e+01 2.420451e+03 2.022449e+04
1.508846e+04 1.051907e+02 9.322972e+01 2.420455e+03 2.023013e+04
1.509278e+04 1.051907e+02 9.322976e+01 2.420458e+03 2.023578e+04
1.509710e+04 1.051907e+02 9.322979e+01 2.420462e+03 2.024143e+04
1.510142e+04 1.051907e+02 9.322983e+01 2.420465e+03 2.024708e+04
1.510574e+04 1.051907e+02 9.322987e+01 2.420469e+03 2.025273e+04
1.511006e+04 1.051907e+02 9.322990e+01 2.420473e+03 2.025837e+04
1.511438e+04 1.051907e+02 9.322994e+01 2.420476e+03 2.026402e+04
1.511870e+04 1.051907e+02 9.322998e+01 2.420480e+03 2.026966e+04
1.512302e+04 1.051907e+02 9.323001e+01 2.420483e+03 2.027531e+04
1.512735e+04 1.051907e+02 9.323005e+01 2.420487e+03 2.028095e+04
1.513167e+04 1.051907e+02 9.323008e+01 2.420491e+03 2.028659e+04
1.513599e+04 1.051907e+02 9.323012e+01 2.420494e+03 2.029224e+04
1.514031e+04 1.051907e+02 9.323016e+01 2.420498e+03 2.029788e+04
1.514463e+04 1.051907e+02 9.323019e+01 2.420501e+03 2.030352e+04
1.514895e+04 1.051907e+02 9.323023e+01 2.420505e+03 2.030916e+04
1.515327e+04 1.051907e+02 9.323026e+01 2.420508e+03 2.031480e+04
1.515759e+04 1.051907e+02 9.323030e+01 2.420512e+03 2.032044e+04
1.516191e+04 1.051907e+02 9.323034e+01 2.420515e+03 2.032608e+04
1.516623e+04 1.051907e+02 9.323037e+01 2.420519e+03 2.033171e+04
1.517055e+04 1.051907e+02 9.323041e+01 2.420522e+03 2.033735e+04
1.517487e+04 1.051907e+02 9.323044e+01 2.420526e+03 2.034299e+04
1.517920e+04 1.051907e+02 9.323048e+01 2.420529e+03 2.034862e+04
1.518352e+04 1.051907e+02 9.323051e+01 2.420533e+03 2.035426e+04
1.518784e+04 1.051907e+02 9.323055e+01 2.420536e+03 2.035989e+04
1.519216e+04 1.051907e+02 9.323058e+01 2.420540e+03 2.036553e+04
1.519648e+04 1.051907e+02 9.323062e+01 2.420543e+03 2.037116e+04
1.520080e+04 1.051907e+02 9.323065e+01 2.420546e+03 2.037679e+04
1.520512e+04 1.051907e+02 9.323069e+01 2.420550e+03 2.038242e+04
1.520944e+04 1.051907e+02 9.323072e+01 2.420553e+03 2.038805e+04
1.521376e+04 1.051907e+02 9.323076e+01 2.420557e+03 2.039368e+04
1.521808e+04 1.051907e+02 9.323079e+01 2.420560e+03 2.039931e+04
1.522240e+04 1.051907e+02 9.323082e+01 2.420563e+03 2.040494e+04
1.522673e+04 1.051907e+02 9.323086e+01 2.420567e+03 2.041057e+04
1.523105e+04 1.051907e+02 9.323089e+01 2.420570e+03 2.041620e+04
1.523537e+04 1.051907e+02 9.323093e+01 2.420574e+03 2.042183e+04
1.523969e+04 1.051907e+02 9.323096e+01 2.420577e+03 2.042745e+04
1.524401e+04 1.051907e+02 9.323099e+01 2.420580e+03 2.043308e+04
1.524833e+04 1.051907e+02 9.323103e+01 2.420584e+03 2.043870e+04
1.525265e+04 1.051907e+02 9.323106e+01 2.420587e+03 2.044433e+04
1.525697e+04 1.051907e+02 9.323110e+01 2.420590e+03 2.044995e+04
1.526129e+04 1.051907e+02 9.323113e+01 2.420594e+03 2.045558e+04
1.526561e+04 1.051907e+02 9.323116e+01 2.420597e+03 2.046120e+04
1.526993e+04 1.051907e+02 9.323120e+01 2.420600e+03 2.046682e+04
1.527425e+04 1.051907e+02 9.323123e+01 2.420603e+03 2.047244e+04
1.527858e+04 1.051907e+02 9.323126e+01 2.420607e+03 2.047806e+04
1.528290e+04 1.051907e+02 9.323130e+01 2.420610e+03 2.048368e+04
1.528722e+04 1.051907e+02 9.323133e+01 2.420613e+03 2.048930e+04
1.529154e+04 1.051907e+02 9.323136e+01 2.420617e+03 2.049492e+04
1.529586e+04 1.051907e+02 9.323140e+01 2.420620e+03 2.050054e+04
1.530018e+04 1.051907e+02 9.323143e+01 2.420623e+03 2.050615e+04
1.530450e+04 1.051907e+02 9.323146e+01 2.420626e+03 2.051177e+04
1.530882e+04 1.051907e+02 9.323149e+01 2.420629e+03 2.051739e+04
1.531314e+04 1.051907e+02 9.323153e+01 2.420633e+03 2.052300e+04
1.531746e+04 1.051907e+02 9.323156e+01 2.420636e+03 2.052862e+04
1.532178e+04 1.051907e+02 9.323159e+01 2.420639e+03 2.053423e+04
1.532611e+04 1.051907e+02 9.323162e+01 2.420642e+03 2.053984e+04
1.533043e+04 1.051907e+02 9.323166e+01 2.420645e+03 2.054546e+04
1.533475e+04 1.051907e+02 9.323169e+01 2.420649e+03 2.055107e+04
1.533907e+04 1.051907e+02 9.323172e+01 2.420652e+03 2.055668e+04
1.534339e+04 1.051907e+02 9.323175e+01 2.420655e+03 2.056229e+04
1.534771e+04 1.051907e+02 9.323178e+01 2.420658e+03 2.056790e+04
1.535203e+04 1.051907e+02 9.323182e+01 2.420661e+03 2.057351e+04
1.535635e+04 1.051907e+02 9.323185e+01 2.420664e+03 2.057912e+04
1.536067e+04 1.051907e+02 9.323188e+01 2.420668e+03 2.058473e+04
1.536499e+04 1.051907e+02 9.323191e+01 2.420671e+03 2.059034e+04
1.536931e+04 1.051907e+02 9.323194e+01 2.420674e+03 2.059594e+04
1.537363e+04 1.051907e+02 9.323197e+01 2.420677e+03 2.060155e+04
1.537796e+04 1.051907e+02 9.323201e+01 2.420680e+03 2.060715e+04
1.538228e+04 1.051907e+02 9.323204e+01 2.420683e+03 2.061276e+04
1.538660e+04 1.051907e+02 9.323207e+01 2.420686e+03 2.061836e+04
1.539092e+04 1.051907e+02 9.323210e+01 2.420689e+03 2.062397e+04
1.539524e+04 1.051907e+02 9.323213e+01 2.420692e+03 2.062957e+04
1.539956e+04 1.051907e+02 9.323216e+01 2.420695e+03 2.063517e+04
1.540388e+04 1.051907e+02 9.323219e+01 2.420698e+03 2.064077e+04
1.540820e+04 1.051907e+02 9.323222e+01 2.420701e+03 2.064637e+04
1.541252e+04 1.051907e+02 9.323225e+01 2.420705e+03 2.065197e+04
1.541684e+04 1.051907e+02 9.323228e+01 2.420708e+03 2.065757e+04
1.542116e+04 1.051907e+02 9.323231e+01 2.420711e+03 2.066317e+04
1.542549e+04 1.051907e+02 9.323235e+01 2.420714e+03 2.066877e+04
1.542981e+04 1.051907e+02 9.323238e+01 2.420717e+03 2.067437e+04
1.543413e+04 1.051907e+02 9.323241e+01 2.420720e+03 2.067997e+04
1.543845e+04 1.051907e+02 9.323244e+01 2.420723e+03 2.068556e+04
1.544277e+04 1.051907e+02 9.323247e+01 2.420726e+03 2.069116e+04
1.544709e+04 1.051907e+02 9.323250e+01 2.420729e+03 2.069675e+04
1.545141e+04 1.051907e+02 9.323253e+01 2.420732e+03 2.070235e+04
1.545573e+04 1.051907e+02 9.323256e+01 2.420734e+03 2.070794e+04
1.546005e+04 1.051907e+02 9.323259e+01 2.420737e+03 2.071353e+04
1.546437e+04 1.051907e+02 9.323262e+01 2.420740e+03 2.071913e+04
1.546869e+04 1.051907e+02 9.323265e+01 2.420743e+03 2.072472e+04
1.547301e+04 1.051907e+02 9.323268e+01 2.420746e+03 2.073031e+04
1.547734e+04 1.051907e+02 9.323271e+01 2.420749e+03 2.073590e+04
1.548166e+04 1.051907e+02 9.323274e+01 2.420752e+03 2.074149e+04
1.548598e+04 1.051907e+02 9.323277e+01 2.420755e+03 2.074708e+04
1.549030e+04 1.051907e+02 9.323279e+01 2.420758e+03 2.075267e+04
1.549462e+04 1.051907e+02 9.323282e+01 2.420761e+03 2.075825e+04
1.549894e+04 1.051907e+02 9.323285e+01 2.420764e+03 2.076384e+04
1.550326e+04 1.051907e+02 9.323288e+01 2.420767e+03 2.076943e+04
1.550758e+04 1.051907e+02 9.323291e+01 2.420770e+03 2.077501e+04
1.551190e+04 1.051907e+02 9.323294e+01 2.420772e+03 2.078060e+04
1.551622e+04 1.051907e+02 9.323297e+01 2.420775e+03 2.078618e+04
1.552054e+04 1.051907e+02 9.323300e+01 2.420778e+03 2.079177e+04
1.552486e+04 1.051907e+02 9.323303e+01 2.420781e+03 2.079735e+04
1.552919e+04 1.051907e+02 9.323306e+01 2.420784e+03 2.080293e+04
1.553351e+04 1.051907e+02 9.323308e+01 2.420787e+03 2.080851e+04
1.553783e+04 1.051907e+02 9.323311e+01 2.420789e+03 2.081410e+04
1.554215e+04 1.051907e+02 9.323314e+01 2.420792e+03 2.081968e+04
1.554647e+04 1.051907e+02 9.323317e+01 2.420795e+03 2.082526e+04
1.555079e+04 1.051907e+02 9.323320e+01 2.420798e+03 2.083084e+04
1.555511e+04 1.051907e+02 9.323323e+01 2.420801e+03 2.083641e+04
1.555943e+04 1.051907e+02 9.323326e+01 2.420804e+03 2.084199e+04
1.556375e+04 1.051907e+02 9.323328e+01 2.420806e+03 2.084757e+04
1.556807e+04 1.051907e+02 9.323331e+01 2.420809e+03 2.085315e+04
1.557239e+04 1.051907e+02 9.323334e+01 2.420812e+03 2.085872e+04
1.557672e+04 1.051907e+02 9.323337e+01 2.420815e+03 2.086430e+04
1.558104e+04 1.051907e+02 9.323340e+01 2.420817e+03 2.086987e+04
1.558536e+04 1.051907e+02 9.323342e+01 2.420820e+03 2.087545e+04
1.558968e+04 1.051907e+02 9.323345e+01 2.420823e+03 2.088102e+04
1.559400e+04 1.051907e+02 9.323348e+01 2.420826e+03 2.088659e+04
1.559832e+04 1.051907e+02 9.323351e+01 2.420828e+03 2.089216e+04
1.560264e+04 1.051907e+02 9.323353e+01 2.420831e+03 2.089774e+04
1.560696e+04 1.051907e+02 9.323356e+01 2.420834e+03 2.090331e+04
1.561128e+04 1.051907e+02 9.323359e+01 2.420837e+03 2.090888e+04
1.561560e+04 1.051907e+02 9.323362e+01 2.420839e+03 2.091445e+04
1.561992e+04 1.051907e+02 9.323364e+01 2.420842e+03 2.092002e+04
1.562424e+04 1.051907e+02 9.323367e+01 2.420845e+03 2.092558e+04
1.562857e+04 1.051907e+02 9.323370e+01 2.420847e+03 2.093115e+04
1.563289e+04 1.051907e+02 9.323373e+01 2.420850e+03 2.093672e+04
1.563721e+04 1.051907e+02 9.323375e+01 2.420853e+03 2.094228e+04
1.564153e+04 1.051907e+02 9.323378e+01 2.420855e+03 2.094785e+04
1.564585e+04 1.051907e+02 9.323381e+01 2.420858e+03 2.095341e+04
1.565017e+04 1.051907e+02 9.323383e+01 2.420861e+03 2.095898e+04
1.565449e+04 1.051907e+02 9.323386e+01 2.420863e+03 2.096454e+04
1.565881e+04 1.051907e+02 9.323389e+01 2.420866e+03 2.097011e+04
1.566313e+04 1.051907e+02 9.323391e+01 2.420869e+03 2.097567e+04
1.566745e+04 1.051907e+02 9.323394e+01 2.420871e+03 2.098123e+04
1.567177e+04 1.051907e+02 9.323397e+01 2.420874e+03 2.098679e+04
1.567610e+04 1.051907e+02 9.323399e+01 2.420877e+03 2.099235e+04
1.568042e+04 1.051907e+02 9.323402e+01 2.420879e+03 2.099791e+04
1.568474e+04 1.051907e+02 9.323405e+01 2.420882e+03 2.100347e+04
1.568906e+04 1.051907e+02 9.323407e+01 2.420884e+03 2.100903e+04
1.569338e+04 1.051907e+02 9.323410e+01 2.420887e+03 2.101459e+04
1.569770e+04 1.051907e+02 9.323412e+01 2.420889e+03 2.102014e+04
1.570202e+04 1.051907e+02 9.323415e+01 2.420892e+03 2.102570e+04
1.570634e+04 1.051907e+02 9.323418e+01 2.420895e+03 2.103125e+04
1.571066e+04 1.051907e+02 9.323420e+01 2.420897e+03 2.103681e+04
1.571498e+04 1.051907e+02 9.323423e+01 2.420900e+03 2.104236e+04
1.571930e+04 1.051907e+02 9.323425e+01 2.420902e+03 2.104792e+04
1.572362e+04 1.051907e+02 9.323428e+01 2.420905e+03 2.105347e+04
1.572795e+04 1.051907e+02 9.323430e+01 2.420907e+03 2.105902e+04
1.573227e+04 1.051907e+02 9.323433e+01 2.420910e+03 2.106458e+04
1.573659e+04 1.051907e+02 9.323436e+01 2.420912e+03 2.107013e+04
1.574091e+04 1.051907e+02 9.323438e+01 2.420915e+03 2.107568e+04
1.574523e+04 1.051907e+02 9.323441e+01 2.420918e+03 2.108123e+04
1.574955e+04 1.051907e+02 9.323443e+01 2.420920e+03 2.108678e+04
1.575387e+04 1.051907e+02 9.323446e+01 2.420923e+03 2.109233e+04
1.575819e+04 1.051907e+02 9.323448e+01 2.420925e+03 2.109787e+04
1.576251e+04 1.051907e+02 9.323451e+01 2.420928e+03 2.110342e+04
1.576683e+04 1.051907e+02 9.323453e+01 2.420930e+03 2.110897e+04
1.577115e+04 1.051907e+02 9.323456e+01 2.420932e+03 2.111451e+04
1.577548e+04 1.051907e+02 9.323458e+01 2.420935e+03 2.112006e+04
1.577980e+04 1.051907e+02 9.323461e+01 2.420937e+03 2.112560e+04
1.578412e+04 1.051907e+02 9.323463e+01 2.420940e+03 2.113115e+04
1.578844e+04 1.051907e+02 9.323466e+01 2.420942e+03 2.113669e+04
1.579276e+04 1.051907e+02 9.323468e+01 2.420945e+03 2.114223e+04
1.579708e+04 1.051907e+02 9.323471e+01 2.420947e+03 2.114778e+04
1.580140e+04 1.051907e+02 9.323473e+01 2.420950e+03 2.115332e+04
1.580572e+04 1.051907e+02 9.323476e+01 2.420952e+03 2.115886e+04
1.581004e+04 1.051907e+02 9.323478e+01 2.420955e+03 2.116440e+04
1.581436e+04 1.051907e+02 9.323480e+01 2.420957e+03 2.116994e+04
1.581868e+04 1.051907e+02 9.323483e+01 2.420959e+03 2.117548e+04
1.582300e+04 1.051907e+02 9.323485e+01 2.420962e+03 2.118101e+04
1.582733e+04 1.051907e+02 9.323488e+01 2.420964e+03 2.118655e+04
1.583165e+04 1.051907e+02 9.323490e+01 2.420967e+03 2.119209e+04
1.583597e+04 1.051907e+02 9.323493e+01 2.420969e+03 2.119763e+04
1.584029e+04 1.051907e+02 9.323495e+01 2.420971e+03 2.120316e+04
1.584461e+04 1.051907e+02 9.323497e+01 2.420974e+03 2.120870e+04
1.584893e+04 1.051907e+02 9.323500e+01 2.420976e+03 2.121423e+04
1.585325e+04 1.051907e+02 9.323502e+01 2.420978e+03 2.121976e+04
1.585757e+04 1.051907e+02 9.323505e+01 2.420981e+03 2.122530e+04
1.586189e+04 1.051907e+02 9.323507e+01 2.420983e+03 2.123083e+04
1.586621e+04 1.051907e+02 9.323509e+01 2.420986e+03 2.123636e+04
1.587053e+04 1.051907e+02 9.323512e+01 2.420988e+03 2.124189e+04
1.587485e+04 1.051907e+02 9.323514e+01 2.420990e+03 2.124742e+04
1.587918e+04 1.051907e+02 9.323516e+01 2.420993e+03 2.125295e+04
1.588350e+04 1.051907e+02 9.323519e+01 2.420995e+03 2.125848e+04
1.588782e+04 1.051907e+02 9.323521e+01 2.420997e+03 2.126401e+04
1.589214e+04 1.051907e+02 9.323523e+01 2.420999e+03 2.126954e+04
1.589646e+04 1.051907e+02 9.323526e+01 2.421002e+03 2.127507e+04
1.590078e+04 1.051907e+02 9.323528e+01 2.421004e+03 2.128059e+04
1.590510e+04 1.051907e+02 9.323530e+01 2.421006e+03 2.128612e+04
1.590942e+04 1.051907e+02 9.323533e+01 2.421009e+03 2.129164e+04
1.591374e+04 1.051907e+02 9.323535e+01 2.421011e+03 2.129717e+04
1.591806e+04 1.051907e+02 9.323537e+01 2.421013e+03 2.130269e+04
1.592238e+04 1.051907e+02 9.323540e+01 2.421016e+03 2.130821e+04
1.592671e+04 1.051907e+02 9.323542e+01 2.421018e+03 2.131374e+04
1.593103e+04 1.051907e+02 9.323544e+01 2.421020e+03 2.131926e+04
1.593535e+04 1.051907e+02 9.323546e+01 2.421022e+03 2.132478e+04
1.593967e+04 1.051907e+02 9.323549e+01 2.421025e+03 2.133030e+04
1.594399e+04 1.051907e+02 9.323551e+01 2.421027e+03 2.133582e+04
1.594831e+04 1.051907e+02 9.323553e+01 2.421029e+03 2.134134e+04
1.595263e+04 1.051907e+02 9.323555e+01 2.421031e+03 2.134686e+04
1.595695e+04 1.051907e+02 9.323558e+01 2.421034e+03 2.135238e+04
1.596127e+04 1.051907e+02 9.323560e+01 2.421036e+03 2.135789e+04
1.596559e+04 1.051907e+02 9.323562e+01 2.421038e+03 2.136341e+04
1.596991e+04 1.051907e+02 9.323564e+01 2.421040e+03 2.136893e+04
1.597423e+04 1.051907e+02 9.323567e+01 2.421042e+03 2.137444e+04
1.597856e+04 1.051907e+02 9.323569e+01 2.421045e+03 2.137996e+04
1.598288e+04 1.051907e+02 9.323571e+01 2.421047e+03 2.138547e+04
1.598720e+04 1.051907e+02 9.323573e+01 2.421049e+03 2.139099e+04
1.599152e+04 1.051907e+02 9.323575e+01 2.421051e+03 2.139650e+04
1.599584e+04 1.051907e+02 9.323578e+01 2.421053e+03 2.140201e+04
1.600016e+04 1.051907e+02 9.323580e+01 2.421056e+03 2.140752e+04
1.600448e+04 1.051907e+02 9.323582e+01 2.421058e+03 2.141303e+04
1.600880e+04 1.051907e+02 9.323584e+01 2.421060e+03 2.141854e+04
1.601312e+04 1.051907e+02 9.323586e+01 2.421062e+03 2.142405e+04
1.601744e+04 1.051907e+02 9.323589e+01 2.421064e+03 2.142956e+04
1.602176e+04 1.051907e+02 9.323591e+01 2.421066e+03 2.143507e+04
1.602609e+04 1.051907e+02 9.323593e+01 2.421069e+03 2.144058e+04
1.603041e+04 1.051907e+02 9.323595e+01 2.421071e+03 2.144609e+04
1.603473e+04 1.051907e+02 9.323597e+01 2.421073e+03 2.145159e+04
1.603905e+04 1.051907e+02 9.323599e+01 2.421075e+03 2.145710e+04
1.604337e+04 1.051907e+02 9.323601e+01 2.421077e+03 2.146260e+04
1.604769e+04 1.051907e+02 9.323604e+01 2.421079e+03 2.146811e+04
1.605201e+04 1.051907e+02 9.323606e+01 2.421081e+03 2.147361e+04
1.605633e+04 1.051907e+02 9.323608e+01 2.421083e+03 2.147911e+04
1.606065e+04 1.051907e+02 9.323610e+01 2.421085e+03 2.148462e+04
1.606497e+04 1.051907e+02 9.323612e+01 2.421088e+03 2.149012e+04
1.606929e+04 1.051907e+02 9.323614e+01 2.421090e+03 2.149562e+04
1.607361e+04 1.051907e+02 9.323616e+01 2.421092e+03 2.150112e+04
1.607794e+04 1.051907e+02 9.323618e+01 2.421094e+03 2.150662e+04
1.608226e+04 1.051907e+02 9.323620e+01 2.421096e+03 2.151212e+04
1.608658e+04 1.051907e+02 9.323623e+01 2.421098e+03 2.151762e+04
1.609090e+04 1.051907e+02 9.323625e+01 2.421100e+03 2.152312e+04
1.609522e+04 1.051907e+02 9.323627e+01 2.421102e+03 2.152861e+04
1.609954e+04 1.051907e+02 9.323629e+01 2.421104e+03 2.153411e+04
1.610386e+04 1.051907e+02 9.323631e+01 2.421106e+03 2.153961e+04
1.610818e+04 1.051907e+02 9.323633e+01 2.421108e+03 2.154510e+04
1.611250e+04 1.051907e+02 9.323635e+01 2.421110e+03 2.155060e+04
1.611682e+04 1.051907e+02 9.323637e+01 2.421112e+03 2.155609e+04
1.612114e+04 1.051907e+02 9.323639e+01 2.421114e+03 2.156159e+04
1.612547e+04 1.051907e+02 9.323641e+01 2.421116e+03 2.156708e+04
1.612979e+04 1.051907e+02 9.323643e+01 2.421118e+03 2.157257e+04
1.613411e+04 1.051907e+02 9.323645e+01 2.421120e+03 2.157806e+04
1.613843e+04 1.051907e+02 9.323647e+01 2.421122e+03 2.158355e+04
1.614275e+04 1.051907e+02 9.323649e+01 2.421124e+03 2.158904e+04
1.614707e+04 1.051907e+02 9.323651e+01 2.421126e+03 2.159453e+04
1.615139e+04 1.051907e+02 9.323653e+01 2.421128e+03 2.160002e+04
1.615571e+04 1.051907e+02 9.323655e+01 2.421130e+03 2.160551e+04
1.616003e+04 1.051907e+02 9.323657e+01 2.421132e+03 2.161100e+04
1.616435e+04 1.051907e+02 9.323659e+01 2.421134e+03 2.161648e+04
1.616867e+04 1.051907e+02 9.323661e+01 2.421136e+03 2.162197e+04
1.617299e+04 1.051907e+02 9.323663e+01 2.421138e+03 2.162746e+04
1.617732e+04 1.051907e+02 9.323665e+01 2.421140e+03 2.163294e+04
1.618164e+04 1.051907e+02 9.323667e+01 2.421142e+03 2.163843e+04
1.618596e+04 1.051907e+02 9.323669e+01 2.421144e+03 2.164391e+04
1.619028e+04 1.051907e+02 9.323671e+01 2.421146e+03 2.164939e+04
1.619460e+04 1.051907e+02 9.323673e+01 2.421148e+03 2.165488e+04
1.619892e+04 1.051907e+02 9.323675e+01 2.421150e+03 2.166036e+04
1.620324e+04 1.051907e+02 9.323677e+01 2.421152e+03 2.166584e+04
1.620756e+04 1.051907e+02 9.323679e+01 2.421154e+03 2.167132e+04
1.621188e+04 1.051907e+02 9.323681e+01 2.421156e+03 2.167680e+04
1.621620e+04 1.051907e+02 9.323683e+01 2.421158e+03 2.168228e+04
1.622052e+04 1.051907e+02 9.323685e+01 2.421160e+03 2.168776e+04
1.622484e+04 1.051907e+02 9.323687e+01 2.421162e+03 2.169324e+04
1.622917e+04 1.051907e+02 9.323688e+01 2.421164e+03 2.169871e+04
1.623349e+04 1.051907e+02 9.323690e+01 2.421166e+03 2.170419e+04
1.623781e+04 1.051907e+02 9.323692e+01 2.421167e+03 2.170967e+04
1.624213e+04 1.051907e+02 9.323694e+01 2.421169e+03 2.171514e+04
1.624645e+04 1.051907e+02 9.323696e+01 2.421171e+03 2.172062e+04
1.625077e+04 1.051907e+02 9.323698e+01 2.421173e+03 2.172609e+04
1.625509e+04 1.051907e+02 9.323700e+01 2.421175e+03 2.173156e+04
1.625941e+04 1.051907e+02 9.323702e+01 2.421177e+03 2.173704e+04
1.626373e+04 1.051907e+02 9.323704e+01 2.421179e+03 2.174251e+04
1.626805e+04 1.051907e+02 9.323706e+01 2.421181e+03 2.174798e+04
1.627237e+04 1.051907e+02 9.323707e+01 2.421182e+03 2.175345e+04
1.627670e+04 1.051907e+02 9.323709e+01 2.421184e+03 2.175892e+04
1.628102e+04 1.051907e+02 9.323711e+01 2.421186e+03 2.176439e+04
1.628534e+04 1.051907e+02 9.323713e+01 2.421188e+03 2.176986e+04
1.628966e+04 1.051907e+02 9.323715e+01 2.421190e+03 2.177533e+04
1.629398e+04 1.051907e+02 9.323717e+01 2.421192e+03 2.178080e+04
1.629830e+04 1.051907e+02 9.323719e+01 2.421194e+03 2.178626e+04
1.630262e+04 1.051907e+02 9.323720e+01 2.421195e+03 2.179173e+04
1.630694e+04 1.051907e+02 9.323722e+01 2.421197e+03 2.179720e+04
1.631126e+04 1.051907e+02 9.323724e+01 2.421199e+03 2.180266e+04
1.631558e+04 1.051907e+02 9.323726e+01 2.421201e+03 2.180812e+04
1.631990e+04 1.051907e+02 9.323728e+01 2.421203e+03 2.181359e+04
1.632422e+04 1.051907e+02 9.323729e+01 2.421204e+03 2.181905e+04
1.632855e+04 1.051907e+02 9.323731e+01 2.421206e+03 2.182451e+04
1.633287e+04 1.051907e+02 9.323733e+01 2.421208e+03 2.182998e+04
1.633719e+04 1.051907e+02 9.323735e+01 2.421210e+03 2.183544e+04
1.634151e+04 1.051907e+02 9.323737e+01 2.421212e+03 2.184090e+04
1.634583e+04 1.051907e+02 9.323739e+01 2.421213e+03 2.184636e+04
1.635015e+04 1.051907e+02 9.323740e+01 2.421215e+03 2.185182e+04
1.635447e+04 1.051907e+02 9.323742e+01 2.421217e+03 2.185728e+04
1.635879e+04 1.051907e+02 9.323744e+01 2.421219e+03 2.186273e+04
1.636311e+04 1.051907e+02 9.323746e+01 2.421221e+03 2.186819e+04
1.636743e+04 1.051907e+02 9.323747e+01 2.421222e+03 2.187365e+04
1.637175e+04 1.051907e+02 9.323749e+01 2.421224e+03 2.187910e+04
1.637608e+04 1.051907e+02 9.323751e+01 2.421226e+03 2.188456e+04
1.638040e+04 1.051907e+02 9.323753e+01 2.421228e+03 2.189002e+04
1.638472e+04 1.051907e+02 9.323754e+01 2.421229e+03 2.189547e+04
1.638904e+04 1.051907e+02 9.323756e+01 2.421231e+03 2.190092e+04
1.639336e+04 1.051907e+02 9.323758e+01 2.421233e+03 2.190638e+04
1.639768e+04 1.051907e+02 9.323760e+01 2.421235e+03 2.191183e+04
1.640200e+04 1.051907e+02 9.323761e+01 2.421236e+03 2.191728e+04
1.640632e+04 1.051907e+02 9.323763e+01 2.421238e+03 2.192273e+04
1.641064e+04 1.051907e+02 9.323765e+01 2.421240e+03 2.192818e+04
1.641496e+04 1.051907e+02 9.323767e+01 2.421241e+03 2.193363e+04
1.641928e+04 1.051907e+02 9.323768e+01 2.421243e+03 2.193908e+04
1.642360e+04 1.051907e+02 9.323770e+01 2.421245e+03 2.194453e+04
1.642793e+04 1.051907e+02 9.323772e+01 2.421247e+03 2.194998e+04
1.643225e+04 1.051907e+02 9.323773e+01 2.421248e+03 2.195542e+04
1.643657e+04 1.051907e+02 9.323775e+01 2.421250e+03 2.196087e+04
1.644089e+04 1.051907e+02 9.323777e+01 2.421252e+03 2.196632e+04
1.644521e+04 1.051907e+02 9.323779e+01 2.421253e+03 2.197176e+04
1.644953e+04 1.051907e+02 9.323780e+01 2.421255e+03 2.197721e+04
1.645385e+04 1.051907e+02 9.323782e+01 2.421257e+03 2.198265e+04
1.645817e+04 1.051907e+02 9.323784e+01 2.421258e+03 2.198809e+04
1.646249e+04 1.051907e+02 9.323785e+01 2.421260e+03 2.199354e+04
1.646681e+04 1.051907e+02 9.323787e+01 2.421262e+03 2.199898e+04
1.647113e+04 1.051907e+02 9.323789e+01 2.421263e+03 2.200442e+04
1.647546e+04 1.051907e+02 9.323790e+01 2.421265e+03 2.200986e+04
1.647978e+04 1.051907e+02 9.323792e+01 2.421267e+03 2.201530e+04
1.648410e+04 1.051907e+02 9.323794e+01 2.421268e+03 2.202074e+04
1.648842e+04 1.051907e+02 9.323795e+01 2.421270e+03 2.202618e+04
1.649274e+04 1.051907e+02 9.323797e+01 2.421272e+03 2.203162e+04
1.649706e+04 1.051907e+02 9.323799e+01 2.421273e+03 2.203705e+04
1.650138e+04 1.051907e+02 9.323800e+01 2.421275e+03 2.204249e+04
1.650570e+04 1.051907e+02 9.323802e+01 2.421277e+03 2.204793e+04
1.651002e+04 1.051907e+02 9.323803e+01 2.421278e+03 2.205336e+04
1.651434e+04 1.051907e+02 9.323805e+01 2.421280e+03 2.205880e+04
1.651866e+04 1.051907e+02 9.323807e+01 2.421281e+03 2.206423e+04
1.652298e+04 1.051907e+02 9.323808e+01 2.421283e+03 2.206967e+04
1.652731e+04 1.051907e+02 9.323810e+01 2.421285e+03 2.207510e+04
1.653163e+04 1.051907e+02 9.323812e+01 2.421286e+03 2.208053e+04
1.653595e+04 1.051907e+02 9.323813e+01 2.421288e+03 2.208596e+04
1.654027e+04 1.051907e+02 9.323815e+01 2.421290e+03 2.209139e+04
1.654459e+04 1.051907e+02 9.323816e+01 2.421291e+03 2.209682e+04
1.654891e+04 1.051907e+02 9.323818e+01 2.421293e+03 2.210225e+04
1.655323e+04 1.051907e+02 9.323820e+01 2.421294e+03 2.210768e+04
1.655755e+04 1.051907e+02 9.323821e+01 2.421296e+03 2.211311e+04
1.656187e+04 1.051907e+02 9.323823e+01 2.421297e+03 2.211854e+04
1.656619e+04 1.051907e+02 9.323824e+01 2.421299e+03 2.212397e+04
1.657051e+04 1.051907e+02 9.323826e+01 2.421301e+03 2.212939e+04
1.657483e+04 1.051907e+02 9.323827e+01 2.421302e+03 2.213482e+04
1.657916e+04 1.051907e+02 9.323829e+01 2.421304e+03 2.214024e+04
1.658348e+04 1.051907e+02 9.323831e+01 2.421305e+03 2.214567e+04
1.658780e+04 1.051907e+02 9.323832e+01 2.421307e+03 2.215109e+04
1.659212e+04 1.051907e+02 9.323834e+01 2.421308e+03 2.215652e+04
1.659644e+04 1.051907e+02 9.323835e+01 2.421310e+03 2.216194e+04
1.660076e+04 1.051907e+02 9.323837e+01 2.421312e+03 2.216736e+04
1.660508e+04 1.051907e+02 9.323838e+01 2.421313e+03 2.217278e+04
1.660940e+04 1.051907e+02 9.323840e+01 2.421315e+03 2.217820e+04
1.661372e+04 1.051907e+02 9.323841e+01 2.421316e+03 2.218362e+04
1.661804e+04 1.051907e+02 9.323843e+01 2.421318e+03 2.218904e+04
1.662236e+04 1.051907e+02 9.323845e+01 2.421319e+03 2.219446e+04
1.662669e+04 1.051907e+02 9.323846e+01 2.421321e+03 2.219988e+04
1.663101e+04 1.051907e+02 9.323848e+01 2.421322e+03 2.220530e+04
1.663533e+04 1.051907e+02 9.323849e+01 2.421324e+03 2.221072e+04
1.663965e+04 1.051907e+02 9.323851e+01 2.421325e+03 2.221613e+04
1.664397e+04 1.051907e+02 9.323852e+01 2.421327e+03 2.222155e+04
1.664829e+04 1.051907e+02 9.323854e+01 2.421328e+03 2.222696e+04
1.665261e+04 1.051907e+02 9.323855e+01 2.421330e+03 2.223238e+04
1.665693e+04 1.051907e+02 9.323857e+01 2.421331e+03 2.223779e+04
1.666125e+04 1.051907e+02 9.323858e+01 2.421333e+03 2.224321e+04
1.666557e+04 1.051907e+02 9.323860e+01 2.421334e+03 2.224862e+04
1.666989e+04 1.051907e+02 9.323861e+01 2.421336e+03 2.225403e+04
1.667421e+04 1.051907e+02 9.323863e+01 2.421337e+03 2.225944e+04
1.667854e+04 1.051907e+02 9.323864e+01 2.421339e+03 2.226485e+04
1.668286e+04 1.051907e+02 9.323866e+01 2.421340e+03 2.227026e+04
1.668718e+04 1.051907e+02 9.323867e+01 2.421342e+03 2.227567e+04
1.669150e+04 1.051907e+02 9.323868e+01 2.421343e+03 2.228108e+04
1.669582e+04 1.051907e+02 9.323870e+01 2.421345e+03 2.228649e+04
1.670014e+04 1.051907e+02 9.323871e+01 2.421346e+03 2.229190e+04
1.670446e+04 1.051907e+02 9.323873e+01 2.421348e+03 2.229730e+04
1.670878e+04 1.051907e+02 9.323874e+01 2.421349e+03 2.230271e+04
1.671310e+04 1.051907e+02 9.323876e+01 2.421350e+03 2.230811e+04
1.671742e+04 1.051907e+02 9.323877e+01 2.421352e+03 2.231352e+04
1.672174e+04 1.051907e+02 9.323879e+01 2.421353e+03 2.231892e+04
1.672607e+04 1.051907e+02 9.323880e+01 2.421355e+03 2.232433e+04
1.673039e+04 1.051907e+02 9.323882e+01 2.421356e+03 2.232973e+04
1.673471e+04 1.051907e+02 9.323883e+01 2.421358e+03 2.233513e+04
1.673903e+04 1.051907e+02 9.323884e+01 2.421359e+03 2.234053e+04
1.674335e+04 1.051907e+02 9.323886e+01 2.421360e+03 2.234594e+04
1.674767e+04 1.051907e+02 9.323887e+01 2.421362e+03 2.235134e+04
1.675199e+04 1.051907e+02 9.323889e+01 2.421363e+03 2.235674e+04
1.675631e+04 1.051907e+02 9.323890e+01 2.421365e+03 2.236214e+04
1.676063e+04 1.051907e+02 9.323891e+01 2.421366e+03 2.236753e+04
1.676495e+04 1.051907e+02 9.323893e+01 2.421368e+03 2.237293e+04
1.676927e+04 1.051907e+02 9.323894e+01 2.421369e+03 2.237833e+04
1.677359e+04 1.051907e+02 9.323896e+01 2.421370e+03 2.238373e+04
1.677792e+04 1.051907e+02 9.323897e+01 2.421372e+03 2.238912e+04
1.678224e+04 1.051907e+02 9.323899e+01 2.421373e+03 2.239452e+04
1.678656e+04 1.051907e+02 9.323900e+01 2.421375e+03 2.239991e+04
1.679088e+04 1.051907e+02 9.323901e+01 2.421376e+03 2.240531e+04
1.679520e+04 1.051907e+02 9.323903e+01 2.421377e+03 2.241070e+04
1.679952e+04 1.051907e+02 9.323904e+01 2.421379e+03 2.241609e+04
1.680384e+04 1.051907e+02 9.323905e+01 2.421380e+03 2.242148e+04
1.680816e+04 1.051907e+02 9.323907e+01 2.421381e+03 2.242688e+04
1.681248e+04 1.051907e+02 9.323908e+01 2.421383e+03 2.243227e+04
1.681680e+04 1.051907e+02 9.323910e+01 2.421384e+03 2.243766e+04
1.682112e+04 1.051907e+02 9.323911e+01 2.421386e+03 2.244305e+04
1.682545e+04 1.051907e+02 9.323912e+01 2.421387e+03 2.244844e+04
1.682977e+04 1.051907e+02 9.323914e+01 2.421388e+03 2.245382e+04
1.683409e+04 1.051907e+02 9.323915e+01 2.421390e+03 2.245921e+04
1.683841e+04 1.051907e+02 9.323916e+01 2.421391e+03 2.246460e+04
1.684273e+04 1.051907e+02 9.323918e+01 2.421392e+03 2.246999e+04
1.684705e+04 1.051907e+02 9.323919e+01 2.421394e+03 2.247537e+04
1.685137e+04 1.051907e+02 9.323920e+01 2.421395e+03 2.248076e+04
1.685569e+04 1.051907e+02 9.323922e+01 2.421396e+03 2.248614e+04
1.686001e+04 1.051907e+02 9.323923e+01 2.421398e+03 2.249153e+04
1.686433e+04 1.051907e+02 9.323924e+01 2.421399e+03 2.249691e+04
1.686865e+04 1.051907e+02 9.323926e+01 2.421400e+03 2.250229e+04
1.687297e+04 1.051907e+02 9.323927e+01 2.421402e+03 2.250767e+04
1.687730e+04 1.051907e+02 9.323928e+01 2.421403e+03 2.251305e+04
1.688162e+04 1.051907e+02 9.323930e+01 2.421404e+03 2.251844e+04
1.688594e+04 1.051907e+02 9.323931e+01 2.421406e+03 2.252382e+04
1.689026e+04 1.051907e+02 9.323932e+01 2.421407e+03 2.252919e+04
1.689458e+04 1.051907e+02 9.323934e+01 2.421408e+03 2.253457e+04
1.689890e+04 1.051907e+02 9.323935e+01 2.421410e+03 2.253995e+04
1.690322e+04 1.051907e+02 9.323936e+01 2.421411e+03 2.254533e+04
1.690754e+04 1.051907e+02 9.323937e+01 2.421412e+03 2.255071e+04
1.691186e+04 1.051907e+02 9.323939e+01 2.421413e+03 2.255608e+04
1.691618e+04 1.051907e+02 9.323940e+01 2.421415e+03 2.256146e+04
1.692050e+04 1.051907e+02 9.323941e+01 2.421416e+03 2.256683e+04
1.692482e+04 1.051907e+02 9.323943e+01 2.421417e+03 2.257221e+04
1.692915e+04 1.051907e+02 9.323944e+01 2.421419e+03 2.257758e+04
1.693347e+04 1.051907e+02 9.323945e+01 2.421420e+03 2.258296e+04
1.693779e+04 1.051907e+02 9.323946e+01 2.421421e+03 2.258833e+04
1.694211e+04 1.051907e+02 9.323948e+01 2.421422e+03 2.259370e+04
1.694643e+04 1.051907e+02 9.323949e+01 2.421424e+03 2.259907e+04
1.695075e+04 1.051907e+02 9.323950e+01 2.421425e+03 2.260444e+04
1.695507e+04 1.051907e+02 9.323952e+01 2.421426e+03 2.260981e+04
1.695939e+04 1.051907e+02 9.323953e+01 2.421427e+03 2.261518e+04
1.696371e+04 1.051907e+02 9.323954e+01 2.421429e+03 2.262055e+04
1.696803e+04 1.051907e+02 9.323955e+01 2.421430e+03 2.262592e+04
1.697235e+04 1.051907e+02 9.323957e+01 2.421431e+03 2.263128e+04
1.697668e+04 1.051907e+02 9.323958e+01 2.421433e+03 2.263665e+04
1.698100e+04 1.051907e+02 9.323959e+01 2.421434e+03 2.264202e+04
1.698532e+04 1.051907e+02 9.323960e+01 2.421435e+03 2.264738e+04
1.698964e+04 1.051907e+02 9.323961e+01 2.421436e+03 2.265275e+04
1.699396e+04 1.051907e+02 9.323963e+01 2.421437e+03 2.265811e+04
1.699828e+04 1.051907e+02 9.323964e+01 2.421439e+03 2.266348e+04
1.700260e+04 1.051907e+02 9.323965e+01 2.421440e+03 2.266884e+04
1.700692e+04 1.051907e+02 9.323966e+01 2.421441e+03 2.267420e+04
1.701124e+04 1.051907e+02 9.323968e+01 2.421442e+03 2.267956e+04
1.701556e+04 1.051907e+02 9.323969e+01 2.421444e+03 2.268492e+04
1.701988e+04 1.051907e+02 9.323970e+01 2.421445e+03 2.269028e+04
1.702420e+04 1.051907e+02 9.323971e+01 2.421446e+03 2.269564e+04
1.702853e+04 1.051907e+02 9.323972e+01 2.421447e+03 2.270100e+04
1.703285e+04 1.051907e+02 9.323974e+01 2.421448e+03 2.270636e+04
1.703717e+04 1.051907e+02 9.323975e+01 2.421450e+03 2.271172e+04
1.704149e+04 1.051907e+02 9.323976e+01 2.421451e+03 2.271708e+04
1.704581e+04 1.051907e+02 9.323977e+01 2.421452e+03 2.272243e+04
1.705013e+04 1.051907e+02 9.323978e+01 2.421453e+03 2.272779e+04
1.705445e+04 1.051907e+02 9.323980e+01 2.421454e+03 2.273315e+04
1.705877e+04 1.051907e+02 9.323981e+01 2.421456e+03 2.273850e+04
1.706309e+04 1.051907e+02 9.323982e+01 2.421457e+03 2.274385e+04
1.706741e+04 1.051907e+02 9.323983e+01 2.421458e+03 2.274921e+04
1.707173e+04 1.051907e+02 9.323984e+01 2.421459e+03 2.275456e+04
1.707606e+04 1.051907e+02 9.323986e+01 2.421460e+03 2.275991e+04
1.708038e+04 1.051907e+02 9.323987e+01 2.421462e+03 2.276527e+04
1.708470e+04 1.051907e+02 9.323988e+01 2.421463e+03 2.277062e+04
1.708902e+04 1.051907e+02 9.323989e+01 2.421464e+03 2.277597e+04
1.709334e+04 1.051907e+02 9.323990e+01 2.421465e+03 2.278132e+04
1.709766e+04 1.051907e+02 9.323991e+01 2.421466e+03 2.278667e+04
1.710198e+04 1.051907e+02 9.323993e+01 2.421467e+03 2.279201e+04
1.710630e+04 1.051907e+02 9.323994e+01 2.421469e+03 2.279736e+04
1.711062e+04 1.051907e+02 9.323995e+01 2.421470e+03 2.280271e+04
1.711494e+04 1.051907e+02 9.323996e+01 2.421471e+03 2.280806e+04
1.711926e+04 1.051907e+02 9.323997e+01 2.421472e+03 2.281340e+04
1.712358e+04 1.051907e+02 9.323998e+01 2.421473e+03 2.281875e+04
1.712791e+04 1.051907e+02 9.323999e+01 2.421474e+03 2.282409e+04
1.713223e+04 1.051907e+02 9.324001e+01 2.421475e+03 2.282944e+04
1.713655e+04 1.051907e+02 9.324002e+01 2.421477e+03 2.283478e+04
1.714087e+04 1.051907e+02 9.324003e+01 2.421478e+03 2.284012e+04
1.714519e+04 1.051907e+02 9.324004e+01 2.421479e+03 2.284546e+04
1.714951e+04 1.051907e+02 9.324005e+01 2.421480e+03 2.285081e+04
1.715383e+04 1.051907e+02 9.324006e+01 2.421481e+03 2.285615e+04
1.715815e+04 1.051907e+02 9.324007e+01 2.421482e+03 2.286149e+04
1.716247e+04 1.051907e+02 9.324009e+01 2.421483e+03 2.286683e+04
1.716679e+04 1.051907e+02 9.324010e+01 2.421484e+03 2.287216e+04
1.717111e+04 1.051907e+02 9.324011e+01 2.421486e+03 2.287750e+04
1.717544e+04 1.051907e+02 9.324012e+01 2.421487e+03 2.288284e+04
1.717976e+04 1.051907e+02 9.324013e+01 2.421488e+03 2.288818e+04
1.718408e+04 1.051907e+02 9.324014e+01 2.421489e+03 2.289351e+04
1.718840e+04 1.051907e+02 9.324015e+01 2.421490e+03 2.289885e+04
1.719272e+04 1.051907e+02 9.324016e+01 2.421491e+03 2.290419e+04
1.719704e+04 1.051907e+02 9.324017e+01 2.421492e+03 2.290952e+04
1.720136e+04 1.051907e+02 9.324018e+01 2.421493e+03 2.291485e+04
1.720568e+04 1.051907e+02 9.324020e+01 2.421494e+03 2.292019e+04
1.721000e+04 1.051907e+02 9.324021e+01 2.421496e+03 2.292552e+04
1.721432e+04 1.051907e+02 9.324022e+01 2.421497e+03 2.293085e+04
1.721864e+04 1.051907e+02 9.324023e+01 2.421498e+03 2.293618e+04
1.722296e+04 1.051907e+02 9.324024e+01 2.421499e+03 2.294151e+04
1.722729e+04 1.051907e+02 9.324025e+01 2.421500e+03 2.294684e+04
1.723161e+04 1.051907e+02 9.324026e+01 2.421501e+03 2.295217e+04
1.723593e+04 1.051907e+02 9.324027e+01 2.421502e+03 2.295750e+04
1.724025e+04 1.051907e+02 9.324028e+01 2.421503e+03 2.296283e+04
1.724457e+04 1.051907e+02 9.324029e+01 2.421504e+03 2.296816e+04
1.724889e+04 1.051907e+02 9.324030e+01 2.421505e+03 2.297349e+04
1.725321e+04 1.051907e+02 9.324031e+01 2.421506e+03 2.297881e+04
1.725753e+04 1.051907e+02 9.324032e+01 2.421507e+03 2.298414e+04
1.726185e+04 1.051907e+02 9.324034e+01 2.421508e+03 2.298946e+04
1.726617e+04 1.051907e+02 9.324035e+01 2.421509e+03 2.299479e+04
1.727049e+04 1.051907e+02 9.324036e+01 2.421511e+03 2.300011e+04
1.727481e+04 1.051907e+02 9.324037e+01 2.421512e+03 2.300544e+04
1.727914e+04 1.051907e+02 9.324038e+01 2.421513e+03 2.301076e+04
1.728346e+04 1.051907e+02 9.324039e+01 2.421514e+03 2.301608e+04
1.728778e+04 1.051907e+02 9.324040e+01 2.421515e+03 2.302140e+04
1.729210e+04 1.051907e+02 9.324041e+01 2.421516e+03 2.302672e+04
1.729642e+04 1.051907e+02 9.324042e+01 2.421517e+03 2.303204e+04
1.730074e+04 1.051907e+02 9.324043e+01 2.421518e+03 2.303736e+04
1.730506e+04 1.051907e+02 9.324044e+01 2.421519e+03 2.304268e+04
1.730938e+04 1.051907e+02 9.324045e+01 2.421520e+03 2.304800e+04
1.731370e+04 1.051907e+02 9.324046e+01 2.421521e+03 2.305332e+04
1.731802e+04 1.051907e+02 9.324047e+01 2.421522e+03 2.305863e+04
1.732234e+04 1.051907e+02 9.324048e+01 2.421523e+03 2.306395e+04
1.732667e+04 1.051907e+02 9.324049e+01 2.421524e+03 2.306927e+04
1.733099e+04 1.051907e+02 9.324050e+01 2.421525e+03 2.307458e+04
1.733531e+04 1.051907e+02 9.324051e+01 2.421526e+03 2.307989e+04
1.733963e+04 1.051907e+02 9.324052e+01 2.421527e+03 2.308521e+04
1.734395e+04 1.051907e+02 9.324053e+01 2.421528e+03 2.309052e+04
1.734827e+04 1.051907e+02 9.324054e+01 2.421529e+03 2.309583e+04
1.735259e+04 1.051907e+02 9.324055e+01 2.421530e+03 2.310115e+04
1.735691e+04 1.051907e+02 9.324056e+01 2.421531e+03 2.310646e+04
1.736123e+04 1.051907e+02 9.324057e+01 2.421532e+03 2.311177e+04
1.736555e+04 1.051907e+02 9.324058e+01 2.421533e+03 2.311708e+04
1.736987e+04 1.051907e+02 9.324059e+01 2.421534e+03 2.312239e+04
1.737419e+04 1.051907e+02 9.324060e+01 2.421535e+03 2.312770e+04
1.737852e+04 1.051907e+02 9.324061e+01 2.421536e+03 2.313300e+04
1.738284e+04 1.051907e+02 9.324062e+01 2.421537e+03 2.313831e+04
1.738716e+04 1.051907e+02 9.324063e+01 2.421538e+03 2.314362e+04
1.739148e+04 1.051907e+02 9.324064e+01 2.421539e+03 2.314893e+04
1.739580e+04 1.051907e+02 9.324065e+01 2.421540e+03 2.315423e+04
1.740012e+04 1.051907e+02 9.324066e+01 2.421541e+03 2.315954e+04
1.740444e+04 1.051907e+02 9.324067e+01 2.421542e+03 2.316484e+04
1.740876e+04 1.051907e+02 9.324068e+01 2.421543e+03 2.317014e+04
1.741308e+04 1.051907e+02 9.324069e+01 2.421544e+03 2.317545e+04
1.741740e+04 1.051907e+02 9.324070e+01 2.421545e+03 2.318075e+04
1.742172e+04 1.051907e+02 9.324071e+01 2.421546e+03 2.318605e+04
1.742605e+04 1.051907e+02 9.324072e+01 2.421547e+03 2.319135e+04
1.743037e+04 1.051907e+02 9.324073e+01 2.421548e+03 2.319665e+04
1.743469e+04 1.051907e+02 9.324074e+01 2.421549e+03 2.320195e+04
1.743901e+04 1.051907e+02 9.324075e+01 2.421550e+03 2.320725e+04
1.744333e+04 1.051907e+02 9.324076e+01 2.421551e+03 2.321255e+04
1.744765e+04 1.051907e+02 9.324077e+01 2.421552e+03 2.321785e+04
1.745197e+04 1.051907e+02 9.324077e+01 2.421553e+03 2.322315e+04
1.745629e+04 1.051907e+02 9.324078e+01 2.421554e+03 2.322844e+04
1.746061e+04 1.051907e+02 9.324079e+01 2.421555e+03 2.323374e+04
1.746493e+04 1.051907e+02 9.324080e+01 2.421555e+03 2.323904e+04
1.746925e+04 1.051907e+02 9.324081e+01 2.421556e+03 2.324433e+04
1.747357e+04 1.051907e+02 9.324082e+01 2.421557e+03 2.324963e+04
1.747790e+04 1.051907e+02 9.324083e+01 2.421558e+03 2.325492e+04
1.748222e+04 1.051907e+02 9.324084e+01 2.421559e+03 2.326021e+04
1.748654e+04 1.051907e+02 9.324085e+01 2.421560e+03 2.326551e+04
1.749086e+04 1.051907e+02 9.324086e+01 2.421561e+03 2.327080e+04
1.749518e+04 1.051907e+02 9.324087e+01 2.421562e+03 2.327609e+04
1.749950e+04 1.051907e+02 9.324088e+01 2.421563e+03 2.328138e+04
1.750382e+04 1.051907e+02 9.324089e+01 2.421564e+03 2.328667e+04
1.750814e+04 1.051907e+02 9.324090e+01 2.421565e+03 2.329196e+04
1.751246e+04 1.051907e+02 9.324091e+01 2.421566e+03 2.329725e+04
1.751678e+04 1.051907e+02 9.324091e+01 2.421567e+03 2.330254e+04
1.752110e+04 1.051907e+02 9.324092e+01 2.421568e+03 2.330782e+04
1.752543e+04 1.051907e+02 9.324093e+01 2.421568e+03 2.331311e+04
1.752975e+04 1.051907e+02 9.324094e+01 2.421569e+03 2.331840e+04
1.753407e+04 1.051907e+02 9.324095e+01 2.421570e+03 2.332368e+04
1.753839e+04 1.051907e+02 9.324096e+01 2.421571e+03 2.332897e+04
1.754271e+04 1.051907e+02 9.324097e+01 2.421572e+03 2.333425e+04
1.754703e+04 1.051907e+02 9.324098e+01 2.421573e+03 2.333953e+04
1.755135e+04 1.051907e+02 9.324099e+01 2.421574e+03 2.334482e+04
1.755567e+04 1.051907e+02 9.324100e+01 2.421575e+03 2.335010e+04
1.755999e+04 1.051907e+02 9.324100e+01 2.421576e+03 2.335538e+04
1.756431e+04 1.051907e+02 9.324101e+01 2.421577e+03 2.336066e+04
1.756863e+04 1.051907e+02 9.324102e+01 2.421577e+03 2.336594e+04
1.757295e+04 1.051907e+02 9.324103e+01 2.421578e+03 2.337122e+04
1.757728e+04 1.051907e+02 9.324104e+01 2.421579e+03 2.337650e+04
1.758160e+04 1.051907e+02 9.324105e+01 2.421580e+03 2.338178e+04
1.758592e+04 1.051907e+02 9.324106e+01 2.421581e+03 2.338706e+04
1.759024e+04 1.051907e+02 9.324107e+01 2.421582e+03 2.339234e+04
1.759456e+04 1.051907e+02 9.324107e+01 2.421583e+03 2.339761e+04
1.759888e+04 1.051907e+02 9.324108e+01 2.421584e+03 2.340289e+04
1.760320e+04 1.051907e+02 9.324109e+01 2.421584e+03 2.340817e+04
1.760752e+04 1.051907e+02 9.324110e+01 2.421585e+03 2.341344e+04
1.761184e+04 1.051907e+02 9.324111e+01 2.421586e+03 2.341872e+04
1.761616e+04 1.051907e+02 9.324112e+01 2.421587e+03 2.342399e+04
1.762048e+04 1.051907e+02 9.324113e+01 2.421588e+03 2.342926e+04
1.762480e+04 1.051907e+02 9.324113e+01 2.421589e+03 2.343454e+04
1.762913e+04 1.051907e+02 9.324114e+01 2.421590e+03 2.343981e+04
1.763345e+04 1.051907e+02 9.324115e+01 2.421591e+03 2.344508e+04
1.763777e+04 1.051907e+02 9.324116e+01 2.421591e+03 2.345035e+04
1.764209e+04 1.051907e+02 9.324117e+01 2.421592e+03 2.345562e+04
1.764641e+04 1.051907e+02 9.324118e+01 2.421593e+03 2.346089e+04
1.765073e+04 1.051907e+02 9.324119e+01 2.421594e+03 2.346616e+04
1.765505e+04 1.051907e+02 9.324119e+01 2.421595e+03 2.347143e+04
1.765937e+04 1.051907e+02 9.324120e+01 2.421596e+03 2.347669e+04
1.766369e+04 1.051907e+02 9.324121e+01 2.421596e+03 2.348196e+04
1.766801e+04 1.051907e+02 9.324122e+01 2.421597e+03 2.348723e+04
1.767233e+04 1.051907e+02 9.324123e+01 2.421598e+03 2.349249e+04
1.767666e+04 1.051907e+02 9.324124e+01 2.421599e+03 2.349776e+04
1.768098e+04 1.051907e+02 9.324124e+01 2.421600e+03 2.350302e+04
1.768530e+04 1.051907e+02 9.324125e+01 2.421601e+03 2.350829e+04
1.768962e+04 1.051907e+02 9.324126e+01 2.421602e+03 2.351355e+04
1.769394e+04 1.051907e+02 9.324127e+01 2.421602e+03 2.351881e+04
1.769826e+04 1.051907e+02 9.324128e+01 2.421603e+03 2.352407e+04
1.770258e+04 1.051907e+02 9.324129e+01 2.421604e+03 2.352933e+04
1.770690e+04 1.051907e+02 9.324129e+01 2.421605e+03 2.353459e+04
1.771122e+04 1.051907e+02 9.324130e+01 2.421606e+03 2.353985e+04
1.771554e+04 1.051907e+02 9.324131e+01 2.421606e+03 2.354511e+04
1.771986e+04 1.051907e+02 9.324132e+01 2.421607e+03 2.355037e+04
1.772418e+04 1.051907e+02 9.324133e+01 2.421608e+03 2.355563e+04
1.772851e+04 1.051907e+02 9.324133e+01 2.421609e+03 2.356089e+04
1.773283e+04 1.051907e+02 9.324134e+01 2.421610e+03 2.356615e+04
1.773715e+04 1.051907e+02 9.324135e+01 2.421611e+03 2.357140e+04
1.774147e+04 1.051907e+02 9.324136e+01 2.421611e+03 2.357666e+04
1.774579e+04 1.051907e+02 9.324137e+01 2.421612e+03 2.358191e+04
1.775011e+04 1.051907e+02 9.324137e+01 2.421613e+03 2.358717e+04
1.775443e+04 1.051907e+02 9.324138e+01 2.421614e+03 2.359242e+04
1.775875e+04 1.051907e+02 9.324139e+01 2.421615e+03 2.359767e+04
1.776307e+04 1.051907e+02 9.324140e+01 2.421615e+03 2.360293e+04
1.776739e+04 1.051907e+02 9.324141e+01 2.421616e+03 2.360818e+04
1.777171e+04 1.051907e+02 9.324141e+01 2.421617e+03 2.361343e+04
1.777604e+04 1.051907e+02 9.324142e+01 2.421618e+03 2.361868e+04
1.778036e+04 1.051907e+02 9.324143e+01 2.421618e+03 2.362393e+04
1.778468e+04 1.051907e+02 9.324144e+01 2.421619e+03 2.362918e+04
1.778900e+04 1.051907e+02 9.324145e+01 2.421620e+03 2.363443e+04
1.779332e+04 1.051907e+02 9.324145e+01 2.421621e+03 2.363968e+04
1.779764e+04 1.051907e+02 9.324146e+01 2.421622e+03 2.364493e+04
1.780196e+04 1.051907e+02 9.324147e+01 2.421622e+03 2.365017e+04
1.780628e+04 1.051907e+02 9.324148e+01 2.421623e+03 2.365542e+04
1.781060e+04 1.051907e+02 9.324148e+01 2.421624e+03 2.366066e+04
1.781492e+04 1.051907e+02 9.324149e+01 2.421625e+03 2.366591e+04
1.781924e+04 1.051907e+02 9.324150e+01 2.421625e+03 2.367115e+04
1.782356e+04 1.051907e+02 9.324151e+01 2.421626e+03 2.367640e+04
1.782789e+04 1.051907e+02 9.324151e+01 2.421627e+03 2.368164e+04
1.783221e+04 1.051907e+02 9.324152e+01 2.421628e+03 2.368688e+04
1.783653e+04 1.051907e+02 9.324153e+01 2.421629e+03 2.369213e+04
1.784085e+04 1.051907e+02 9.324154e+01 2.421629e+03 2.369737e+04
1.784517e+04 1.051907e+02 9.324154e+01 2.421630e+03 2.370261e+04
1.784949e+04 1.051907e+02 9.324155e+01 2.421631e+03 2.370785e+04
1.785381e+04 1.051907e+02 9.324156e+01 2.421632e+03 2.371309e+04
1.785813e+04 1.051907e+02 9.324157e+01 2.421632e+03 2.371833e+04
1.786245e+04 1.051907e+02 9.324157e+01 2.421633e+03 2.372357e+04
1.786677e+04 1.051907e+02 9.324158e+01 2.421634e+03 2.372880e+04
1.787109e+04 1.051907e+02 9.324159e+01 2.421635e+03 2.373404e+04
1.787542e+04 1.051907e+02 9.324160e+01 2.421635e+03 2.373928e+04
1.787974e+04 1.051907e+02 9.324160e+01 2.421636e+03 2.374451e+04
1.788406e+04 1.051907e+02 9.324161e+01 2.421637e+03 2.374975e+04
1.788838e+04 1.051907e+02 9.324162e+01 2.421638e+03 2.375498e+04
1.789270e+04 1.051907e+02 9.324163e+01 2.421638e+03 2.376022e+04
1.789702e+04 1.051907e+02 9.324163e+01 2.421639e+03 2.376545e+04
1.790134e+04 1.051907e+02 9.324164e+01 2.421640e+03 2.377068e+04
1.790566e+04 1.051907e+02 9.324165e+01 2.421641e+03 2.377591e+04
1.790998e+04 1.051907e+02 9.324166e+01 2.421641e+03 2.378115e+04
1.791430e+04 1.051907e+02 9.324166e+01 2.421642e+03 2.378638e+04
1.791862e+04 1.051907e+02 9.324167e+01 2.421643e+03 2.379161e+04
1.792294e+04 1.051907e+02 9.324168e+01 2.421643e+03 2.379684e+04
1.792727e+04 1.051907e+02 9.324168e+01 2.421644e+03 2.380207e+04
1.793159e+04 1.051907e+02 9.324169e+01 2.421645e+03 2.380729e+04
1.793591e+04 1.051907e+02 9.324170e+01 2.421646e+03 2.381252e+04
1.794023e+04 1.051907e+02 9.324171e+01 2.421646e+03 2.381775e+04
1.794455e+04 1.051907e+02 9.324171e+01 2.421647e+03 2.382298e+04
1.794887e+04 1.051907e+02 9.324172e+01 2.421648e+03 2.382820e+04
1.795319e+04 1.051907e+02 9.324173e+01 2.421648e+03 2.383343e+04
1.795751e+04 1.051907e+02 9.324173e+01 2.421649e+03 2.383865e+04
1.796183e+04 1.051907e+02 9.324174e+01 2.421650e+03 2.384388e+04
1.796615e+04 1.051907e+02 9.324175e+01 2.421651e+03 2.384910e+04
1.797047e+04 1.051907e+02 9.324176e+01 2.421651e+03 2.385432e+04
1.797479e+04 1.051907e+02 9.324176e+01 2.421652e+03 2.385954e+04
1.797912e+04 1.051907e+02 9.324177e+01 2.421653e+03 2.386477e+04
1.798344e+04 1.051907e+02 9.324178e+01 2.421653e+03 2.386999e+04
1.798776e+04 1.051907e+02 9.324178e+01 2.421654e+03 2.387521e+04
1.799208e+04 1.051907e+02 9.324179e+01 2.421655e+03 2.388043e+04
1.799640e+04 1.051907e+02 9.324180e+01 2.421656e+03 2.388565e+04
1.800072e+04 1.051907e+02 9.324180e+01 2.421656e+03 2.389086e+04
1.800504e+04 1.051907e+02 9.324181e+01 2.421657e+03 2.389608e+04
1.800936e+04 1.051907e+02 9.324182e+01 2.421658e+03 2.390130e+04
1.801368e+04 1.051907e+02 9.324182e+01 2.421658e+03 2.390652e+04
1.801800e+04 1.051907e+02 9.324183e+01 2.421659e+03 2.391173e+04
1.802232e+04 1.051907e+02 9.324184e+01 2.421660e+03 2.391695e+04
1.802665e+04 1.051907e+02 9.324185e+01 2.421660e+03 2.392216e+04
1.803097e+04 1.051907e+02 9.324185e+01 2.421661e+03 2.392738e+04
1.803529e+04 1.051907e+02 9.324186e+01 2.421662e+03 2.393259e+04
1.803961e+04 1.051907e+02 9.324187e+01 2.421662e+03 2.393780e+04
1.804393e+04 1.051907e+02 9.324187e+01 2.421663e+03 2.394302e+04
1.804825e+04 1.051907e+02 9.324188e+01 2.421664e+03 2.394823e+04
1.805257e+04 1.051907e+02 9.324189e+01 2.421664e+03 2.395344e+04
1.805689e+04 1.051907e+02 9.324189e+01 2.421665e+03 2.395865e+04
1.806121e+04 1.051907e+02 9.324190e+01 2.421666e+03 2.396386e+04
1.806553e+04 1.051907e+02 9.324191e+01 2.421666e+03 2.396907e+04
1.806985e+04 1.051907e+02 9.324191e+01 2.421667e+03 2.397428e+04
1.807417e+04 1.051907e+02 9.324192e+01 2.421668e+03 2.397948e+04
1.807850e+04 1.051907e+02 9.324193e+01 2.421668e+03 2.398469e+04
1.808282e+04 1.051907e+02 9.324193e+01 2.421669e+03 2.398990e+04
1.808714e+04 1.051907e+02 9.324194e+01 2.421670e+03 2.399511e+04
1.809146e+04 1.051907e+02 9.324194e+01 2.421670e+03 2.400031e+04
1.809578e+04 1.051907e+02 9.324195e+01 2.421671e+03 2.400552e+04
1.810010e+04 1.051907e+02 9.324196e+01 2.421672e+03 2.401072e+04
1.810442e+04 1.051907e+02 9.324196e+01 2.421672e+03 2.401592e+04
1.810874e+04 1.051907e+02 9.324197e+01 2.421673e+03 2.402113e+04
1.811306e+04 1.051907e+02 9.324198e+01 2.421674e+03 2.402633e+04
1.811738e+04 1.051907e+02 9.324198e+01 2.421674e+03 2.403153e+04
1.812170e+04 1.051907e+02 9.324199e+01 2.421675e+03 2.403673e+04
1.812603e+04 1.051907e+02 9.324200e+01 2.421676e+03 2.404193e+04
1.813035e+04 1.051907e+02 9.324200e+01 2.421676e+03 2.404713e+04
1.813467e+04 1.051907e+02 9.324201e+01 2.421677e+03 2.405233e+04
1.813899e+04 1.051907e+02 9.324202e+01 2.421678e+03 2.405753e+04
1.814331e+04 1.051907e+02 9.324202e+01 2.421678e+03 2.406273e+04
1.814763e+04 1.051907e+02 9.324203e+01 2.421679e+03 2.406793e+04
1.815195e+04 1.051907e+02 9.324203e+01 2.421680e+03 2.407312e+04
1.815627e+04 1.051907e+02 9.324204e+01 2.421680e+03 2.407832e+04
1.816059e+04 1.051907e+02 9.324205e+01 2.421681e+03 2.408352e+04
1.816491e+04 1.051907e+02 9.324205e+01 2.421681e+03 2.408871e+04
1.816923e+04 1.051907e+02 9.324206e+01 2.421682e+03 2.409391e+04
1.817355e+04 1.051907e+02 9.324207e+01 2.421683e+03 2.409910e+04
1.817788e+04 1.051907e+02 9.324207e+01 2.421683e+03 2.410429e+04
1.818220e+04 1.051907e+02 9.324208e+01 2.421684e+03 2.410949e+04
1.818652e+04 1.051907e+02 9.324208e+01 2.421685e+03 2.411468e+04
1.819084e+04 1.051907e+02 9.324209e+01 2.421685e+03 2.411987e+04
1.819516e+04 1.051907e+02 9.324210e+01 2.421686e+03 2.412506e+04
1.819948e+04 1.051907e+02 9.324210e+01 2.421686e+03 2.413025e+04
1.820380e+04 1.051907e+02 9.324211e+01 2.421687e+03 2.413544e+04
1.820812e+04 1.051907e+02 9.324212e+01 2.421688e+03 2.414063e+04
1.821244e+04 1.051907e+02 9.324212e+01 2.421688e+03 2.414582e+04
1.821676e+04 1.051907e+02 9.324213e+01 2.421689e+03 2.415100e+04
1.822108e+04 1.051907e+02 9.324213e+01 2.421690e+03 2.415619e+04
1.822541e+04 1.051907e+02 9.324214e+01 2.421690e+03 2.416138e+04
1.822973e+04 1.051907e+02 9.324215e+01 2.421691e+03 2.416656e+04
1.823405e+04 1.051907e+02 9.324215e+01 2.421691e+03 2.417175e+04
1.823837e+04 1.051907e+02 9.324216e+01 2.421692e+03 2.417693e+04
1.824269e+04 1.051907e+02 9.324216e+01 2.421693e+03 2.418212e+04
1.824701e+04 1.051907e+02 9.324217e+01 2.421693e+03 2.418730e+04
1.825133e+04 1.051907e+02 9.324218e+01 2.421694e+03 2.419248e+04
1.825565e+04 1.051907e+02 9.324218e+01 2.421694e+03 2.419767e+04
1.825997e+04 1.051907e+02 9.324219e+01 2.421695e+03 2.420285e+04
1.826429e+04 1.051907e+02 9.324219e+01 2.421696e+03 2.420803e+04
1.826861e+04 1.051907e+02 9.324220e+01 2.421696e+03 2.421321e+04
1.827293e+04 1.051907e+02 9.324221e+01 2.421697e+03 2.421839e+04
1.827726e+04 1.051907e+02 9.324221e+01 2.421697e+03 2.422357e+04
1.828158e+04 1.051907e+02 9.324222e+01 2.421698e+03 2.422875e+04
1.828590e+04 1.051907e+02 9.324222e+01 2.421699e+03 2.423392e+04
1.829022e+04 1.051907e+02 9.324223e+01 2.421699e+03 2.423910e+04
1.829454e+04 1.051907e+02 9.324223e+01 2.421700e+03 2.424428e+04
1.829886e+04 1.051907e+02 9.324224e+01 2.421700e+03 2.424945e+04
1.830318e+04 1.051907e+02 9.324225e+01 2.421701e+03 2.425463e+04
1.830750e+04 1.051907e+02 9.324225e+01 2.421701e+03 2.425980e+04
1.831182e+04 1.051907e+02 9.324226e+01 2.421702e+03 2.426498e+04
1.831614e+04 1.051907e+02 9.324226e+01 2.421703e+03 2.427015e+04
1.832046e+04 1.051907e+02 9.324227e+01 2.421703e+03 2.427532e+04
1.832478e+04 1.051907e+02 9.324228e+01 2.421704e+03 2.428050e+04
1.832911e+04 1.051907e+02 9.324228e+01 2.421704e+03 2.428567e+04
1.833343e+04 1.051907e+02 9.324229e+01 2.421705e+03 2.429084e+04
1.833775e+04 1.051907e+02 9.324229e+01 2.421706e+03 2.429601e+04
1.834207e+04 1.051907e+02 9.324230e+01 2.421706e+03 2.430118e+04
1.834639e+04 1.051907e+02 9.324230e+01 2.421707e+03 2.430635e+04
1.835071e+04 1.051907e+02 9.324231e+01 2.421707e+03 2.431152e+04
1.835503e+04 1.051907e+02 9.324231e+01 2.421708e+03 2.431669e+04
1.835935e+04 1.051907e+02 9.324232e+01 2.421708e+03 2.432185e+04
1.836367e+04 1.051907e+02 9.324233e+01 2.421709e+03 2.432702e+04
1.836799e+04 1.051907e+02 9.324233e+01 2.421710e+03 2.433219e+04
1.837231e+04 1.051907e+02 9.324234e+01 2.421710e+03 2.433735e+04
1.837664e+04 1.051907e+02 9.324234e+01 2.421711e+03 2.434252e+04
1.838096e+04 1.051907e+02 9.324235e+01 2.421711e+03 2.434768e+04
1.838528e+04 1.051907e+02 9.324235e+01 2.421712e+03 2.435285e+04
1.838960e+04 1.051907e+02 9.324236e+01 2.421712e+03 2.435801e+04
1.839392e+04 1.051907e+02 9.324236e+01 2.421713e+03 2.436317e+04
1.839824e+04 1.051907e+02 9.324237e+01 2.421713e+03 2.436833e+04
1.840256e+04 1.051907e+02 9.324238e+01 2.421714e+03 2.437350e+04
1.840688e+04 1.051907e+02 9.324238e+01 2.421715e+03 2.437866e+04
1.841120e+04 1.051907e+02 9.324239e+01 2.421715e+03 2.438382e+04
1.841552e+04 1.051907e+02 9.324239e+01 2.421716e+03 2.438898e+04
1.841984e+04 1.051907e+02 9.324240e+01 2.421716e+03 2.439413e+04
1.842416e+04 1.051907e+02 9.324240e+01 2.421717e+03 2.439929e+04
1.842849e+04 1.051907e+02 9.324241e+01 2.421717e+03 2.440445e+04
1.843281e+04 1.051907e+02 9.324241e+01 2.421718e+03 2.440961e+04
1.843713e+04 1.051907e+02 9.324242e+01 2.421718e+03 2.441476e+04
1.844145e+04 1.051907e+02 9.324242e+01 2.421719e+03 2.441992e+04
1.844577e+04 1.051907e+02 9.324243e+01 2.421719e+03 2.442508e+04
1.845009e+04 1.051907e+02 9.324243e+01 2.421720e+03 2.443023e+04
1.845441e+04 1.051907e+02 9.324244e+01 2.421720e+03 2.443538e+04
1.845873e+04 1.051907e+02 9.324245e+01 2.421721e+03 2.444054e+04
1.846305e+04 1.051907e+02 9.324245e+01 2.421722e+03 2.444569e+04
1.846737e+04 1.051907e+02 9.324246e+01 2.421722e+03 2.445084e+04
1.847169e+04 1.051907e+02 9.324246e+01 2.421723e+03 2.445599e+04
1.847602e+04 1.051907e+02 9.324247e+01 2.421723e+03 2.446114e+04
1.848034e+04 1.051907e+02 9.324247e+01 2.421724e+03 2.446630e+04
1.848466e+04 1.051907e+02 9.324248e+01 2.421724e+03 2.447145e+04
1.848898e+04 1.051907e+02 9.324248e+01 2.421725e+03 2.447659e+04
1.849330e+04 1.051907e+02 9.324249e+01 2.421725e+03 2.448174e+04
1.849762e+04 1.051907e+02 9.324249e+01 2.421726e+03 2.448689e+04
1.850194e+04 1.051907e+02 9.324250e+01 2.421726e+03 2.449204e+04
1.850626e+04 1.051907e+02 9.324250e+01 2.421727e+03 2.449718e+04
1.851058e+04 1.051907e+02 9.324251e+01 2.421727e+03 2.450233e+04
1.851490e+04 1.051907e+02 9.324251e+01 2.421728e+03 2.450748e+04
1.851922e+04 1.051907e+02 9.324252e+01 2.421728e+03 2.451262e+04
1.852354e+04 1.051907e+02 9.324252e+01 2.421729e+03 2.451777e+04
1.852787e+04 1.051907e+02 9.324253e+01 2.421729e+03 2.452291e+04
1.853219e+04 1.051907e+02 9.324253e+01 2.421730e+03 2.452805e+04
1.853651e+04 1.051907e+02 9.324254e+01 2.421730e+03 2.453319e+04
1.854083e+04 1.051907e+02 9.324254e+01 2.421731e+03 2.453834e+04
1.854515e+04 1.051907e+02 9.324255e+01 2.421731e+03 2.454348e+04
1.854947e+04 1.051907e+02 9.324255e+01 2.421732e+03 2.454862e+04
1.855379e+04 1.051907e+02 9.324256e+01 2.421732e+03 2.455376e+04
1.855811e+04 1.051907e+02 9.324256e+01 2.421733e+03 2.455890e+04
1.856243e+04 1.051907e+02 9.324257e+01 2.421733e+03 2.456404e+04
1.856675e+04 1.051907e+02 9.324257e+01 2.421734e+03 2.456917e+04
1.857107e+04 1.051907e+02 9.324258e+01 2.421734e+03 2.457431e+04
1.857540e+04 1.051907e+02 9.324258e+01 2.421735e+03 2.457945e+04
1.857972e+04 1.051907e+02 9.324259e+01 2.421735e+03 2.458459e+04
1.858404e+04 1.051907e+02 9.324259e+01 2.421736e+03 2.458972e+04
1.858836e+04 1.051907e+02 9.324260e+01 2.421736e+03 2.459486e+04
1.859268e+04 1.051907e+02 9.324260e+01 2.421737e+03 2.459999e+04
1.859700e+04 1.051907e+02 9.324261e+01 2.421737e+03 2.460512e+04
1.860132e+04 1.051907e+02 9.324261e+01 2.421738e+03 2.461026e+04
1.860564e+04 1.051907e+02 9.324262e+01 2.421738e+03 2.461539e+04
1.860996e+04 1.051907e+02 9.324262e+01 2.421739e+03 2.462052e+04
1.861428e+04 1.051907e+02 9.324263e+01 2.421739e+03 2.462565e+04
1.861860e+04 1.051907e+02 9.324263e+01 2.421740e+03 2.463079e+04
1.862292e+04 1.051907e+02 9.324264e+01 2.421740e+03 2.463592e+04
1.862725e+04 1.051907e+02 9.324264e+01 2.421741e+03 2.464104e+04
1.863157e+04 1.051907e+02 9.324265e+01 2.421741e+03 2.464617e+04
1.863589e+04 1.051907e+02 9.324265e+01 2.421742e+03 2.465130e+04
1.864021e+04 1.051907e+02 9.324266e+01 2.421742e+03 2.465643e+04
1.864453e+04 1.051907e+02 9.324266e+01 2.421743e+03 2.466156e+04
1.864885e+04 1.051907e+02 9.324267e+01 2.421743e+03 2.466668e+04
1.865317e+04 1.051907e+02 9.324267e+01 2.421744e+03 2.467181e+04
1.865749e+04 1.051907e+02 9.324268e+01 2.421744e+03 2.467694e+04
1.866181e+04 1.051907e+02 9.324268e+01 2.421745e+03 2.468206e+04
1.866613e+04 1.051907e+02 9.324268e+01 2.421745e+03 2.468718e+04
1.867045e+04 1.051907e+02 9.324269e+01 2.421746e+03 2.469231e+04
1.867477e+04 1.051907e+02 9.324269e+01 2.421746e+03 2.469743e+04
1.867910e+04 1.051907e+02 9.324270e+01 2.421747e+03 2.470255e+04
1.868342e+04 1.051907e+02 9.324270e+01 2.421747e+03 2.470768e+04
1.868774e+04 1.051907e+02 9.324271e+01 2.421748e+03 2.471280e+04
1.869206e+04 1.051907e+02 9.324271e+01 2.421748e+03 2.471792e+04
1.869638e+04 1.051907e+02 9.324272e+01 2.421749e+03 2.472304e+04
1.870070e+04 1.051907e+02 9.324272e+01 2.421749e+03 2.472816e+04
1.870502e+04 1.051907e+02 9.324273e+01 2.421749e+03 2.473327e+04
1.870934e+04 1.051907e+02 9.324273e+01 2.421750e+03 2.473839e+04
1.871366e+04 1.051907e+02 9.324274e+01 2.421750e+03 2.474351e+04
1.871798e+04 1.051907e+02 9.324274e+01 2.421751e+03 2.474863e+04
1.872230e+04 1.051907e+02 9.324274e+01 2.421751e+03 2.475374e+04
1.872663e+04 1.051907e+02 9.324275e+01 2.421752e+03 2.475886e+04
1.873095e+04 1.051907e+02 9.324275e+01 2.421752e+03 2.476397e+04
1.873527e+04 1.051907e+02 9.324276e+01 2.421753e+03 2.476909e+04
1.873959e+04 1.051907e+02 9.324276e+01 2.421753e+03 2.477420e+04
1.874391e+04 1.051907e+02 9.324277e+01 2.421754e+03 2.477932e+04
1.874823e+04 1.051907e+02 9.324277e+01 2.421754e+03 2.478443e+04
1.875255e+04 1.051907e+02 9.324278e+01 2.421754e+03 2.478954e+04
1.875687e+04 1.051907e+02 9.324278e+01 2.421755e+03 2.479465e+04
1.876119e+04 1.051907e+02 9.324278e+01 2.421755e+03 2.479976e+04
1.876551e+04 1.051907e+02 9.324279e+01 2.421756e+03 2.480487e+04
1.876983e+04 1.051907e+02 9.324279e+01 2.421756e+03 2.480998e+04
1.877415e+04 1.051907e+02 9.324280e+01 2.421757e+03 2.481509e+04
1.877848e+04 1.051907e+02 9.324280e+01 2.421757e+03 2.482020e+04
1.878280e+04 1.051907e+02 9.324281e+01 2.421758e+03 2.482531e+04
1.878712e+04 1.051907e+02 9.324281e+01 2.421758e+03 2.483042e+04
1.879144e+04 1.051907e+02 9.324282e+01 2.421759e+03 2.483552e+04
1.879576e+04 1.051907e+02 9.324282e+01 2.421759e+03 2.484063e+04
1.880008e+04 1.051907e+02 9.324282e+01 2.421759e+03 2.484573e+04
1.880440e+04 1.051907e+02 9.324283e+01 2.421760e+03 2.485084e+04
1.880872e+04 1.051907e+02 9.324283e+01 2.421760e+03 2.485594e+04
1.881304e+04 1.051907e+02 9.324284e+01 2.421761e+03 2.486105e+04
1.881736e+04 1.051907e+02 9.324284e+01 2.421761e+03 2.486615e+04
1.882168e+04 1.051907e+02 9.324285e+01 2.421762e+03 2.487125e+04
1.882601e+04 1.051907e+02 9.324285e+01 2.421762e+03 2.487635e+04
1.883033e+04 1.051907e+02 9.324285e+01 2.421762e+03 2.488145e+04
1.883465e+04 1.051907e+02 9.324286e+01 2.421763e+03 2.488655e+04
1.883897e+04 1.051907e+02 9.324286e+01 2.421763e+03 2.489165e+04
1.884329e+04 1.051907e+02 9.324287e+01 2.421764e+03 2.489675e+04
1.884761e+04 1.051907e+02 9.324287e+01 2.421764e+03 2.490185e+04
1.885193e+04 1.051907e+02 9.324288e+01 2.421765e+03 2.490695e+04
1.885625e+04 1.051907e+02 9.324288e+01 2.421765e+03 2.491205e+04
1.886057e+04 1.051907e+02 9.324288e+01 2.421765e+03 2.491715e+04
1.886489e+04 1.051907e+02 9.324289e+01 2.421766e+03 2.492224e+04
1.886921e+04 1.051907e+02 9.324289e+01 2.421766e+03 2.492734e+04
1.887353e+04 1.051907e+02 9.324290e+01 2.421767e+03 2.493243e+04
1.887786e+04 1.051907e+02 9.324290e+01 2.421767e+03 2.493753e+04
1.888218e+04 1.051907e+02 9.324290e+01 2.421768e+03 2.494262e+04
1.888650e+04 1.051907e+02 9.324291e+01 2.421768e+03 2.494771e+04
1.889082e+04 1.051907e+02 9.324291e+01 2.421768e+03 2.495281e+04
1.889514e+04 1.051907e+02 9.324292e+01 2.421769e+03 2.495790e+04
1.889946e+04 1.051907e+02 9.324292e+01 2.421769e+03 2.496299e+04
1.890378e+04 1.051907e+02 9.324293e+01 2.421770e+03 2.496808e+04
1.890810e+04 1.051907e+02 9.324293e+01 2.421770e+03 2.497317e+04
1.891242e+04 1.051907e+02 9.324293e+01 2.421770e+03 2.497826e+04
1.891674e+04 1.051907e+02 9.324294e+01 2.421771e+03 2.498335e+04
1.892106e+04 1.051907e+02 9.324294e+01 2.421771e+03 2.498844e+04
1.892539e+04 1.051907e+02 9.324295e+01 2.421772e+03 2.499353e+04
1.892971e+04 1.051907e+02 9.324295e+01 2.421772e+03 2.499861e+04
1.893403e+04 1.051907e+02 9.324295e+01 2.421773e+03 2.500370e+04
1.893835e+04 1.051907e+02 9.324296e+01 2.421773e+03 2.500879e+04
1.894267e+04 1.051907e+02 9.324296e+01 2.421773e+03 2.501387e+04
1.894699e+04 1.051907e+02 9.324297e+01 2.421774e+03 2.501896e+04
1.895131e+04 1.051907e+02 9.324297e+01 2.421774e+03 2.502404e+04
1.895563e+04 1.051907e+02 9.324297e+01 2.421775e+03 2.502912e+04
1.895995e+04 1.051907e+02 9.324298e+01 2.421775e+03 2.503421e+04
1.896427e+04 1.051907e+02 9.324298e+01 2.421775e+03 2.503929e+04
1.896859e+04 1.051907e+02 9.324299e+01 2.421776e+03 2.504437e+04
1.897291e+04 1.051907e+02 9.324299e+01 2.421776e+03 2.504945e+04
1.897724e+04 1.051907e+02 9.324299e+01 2.421777e+03 2.505453e+04
1.898156e+04 1.051907e+02 9.324300e+01 2.421777e+03 2.505961e+04
1.898588e+04 1.051907e+02 9.324300e+01 2.421777e+03 2.506469e+04
1.899020e+04 1.051907e+02 9.324301e+01 2.421778e+03 2.506977e+04
1.899452e+04 1.051907e+02 9.324301e+01 2.421778e+03 2.507485e+04
1.899884e+04 1.051907e+02 9.324301e+01 2.421779e+03 2.507993e+04
1.900316e+04 1.051907e+02 9.324302e+01 2.421779e+03 2.508501e+04
1.900748e+04 1.051907e+02 9.324302e+01 2.421779e+03 2.509008e+04
1.901180e+04 1.051907e+02 9.324302e+01 2.421780e+03 2.509516e+04
1.901612e+04 1.051907e+02 9.324303e+01 2.421780e+03 2.510023e+04
1.902044e+04 1.051907e+02 9.324303e+01 2.421780e+03 2.510531e+04
1.902476e+04 1.051907e+02 9.324304e+01 2.421781e+03 2.511038e+04
1.902909e+04 1.051907e+02 9.324304e+01 2.421781e+03 2.511545e+04
1.903341e+04 1.051907e+02 9.324304e+01 2.421782e+03 2.512053e+04
1.903773e+04 1.051907e+02 9.324305e+01 2.421782e+03 2.512560e+04
1.904205e+04 1.051907e+02 9.324305e+01 2.421782e+03 2.513067e+04
1.904637e+04 1.051907e+02 9.324305e+01 2.421783e+03 2.513574e+04
1.905069e+04 1.051907e+02 9.324306e+01 2.421783e+03 2.514081e+04
1.905501e+04 1.051907e+02 9.324306e+01 2.421784e+03 2.514588e+04
1.905933e+04 1.051907e+02 9.324307e+01 2.421784e+03 2.515095e+04
1.906365e+04 1.051907e+02 9.324307e+01 2.421784e+03 2.515602e+04
1.906797e+04 1.051907e+02 9.324307e+01 2.421785e+03 2.516109e+04
1.907229e+04 1.051907e+02 9.324308e+01 2.421785e+03 2.516616e+04
1.907662e+04 1.051907e+02 9.324308e+01 2.421785e+03 2.517122e+04
1.908094e+04 1.051907e+02 9.324308e+01 2.421786e+03 2.517629e+04
1.908526e+04 1.051907e+02 9.324309e+01 2.421786e+03 2.518135e+04
1.908958e+04 1.051907e+02 9.324309e+01 2.421787e+03 2.518642e+04
1.909390e+04 1.051907e+02 9.324310e+01 2.421787e+03 2.519148e+04
1.909822e+04 1.051907e+02 9.324310e+01 2.421787e+03 2.519655e+04
1.910254e+04 1.051907e+02 9.324310e+01 2.421788e+03 2.520161e+04
1.910686e+04 1.051907e+02 9.324311e+01 2.421788e+03 2.520667e+04
1.911118e+04 1.051907e+02 9.324311e+01 2.421788e+03 2.521174e+04
1.911550e+04 1.051907e+02 9.324311e+01 2.421789e+03 2.521680e+04
1.911982e+04 1.051907e+02 9.324312e+01 2.421789e+03 2.522186e+04
1.912414e+04 1.051907e+02 9.324312e+01 2.421789e+03 2.522692e+04
1.912847e+04 1.051907e+02 9.324312e+01 2.421790e+03 2.523198e+04
1.913279e+04 1.051907e+02 9.324313e+01 2.421790e+03 2.523704e+04
1.913711e+04 1.051907e+02 9.324313e+01 2.421791e+03 2.524209e+04
1.914143e+04 1.051907e+02 9.324314e+01 2.421791e+03 2.524715e+04
1.914575e+04 1.051907e+02 9.324314e+01 2.421791e+03 2.525221e+04
1.915007e+04 1.051907e+02 9.324314e+01 2.421792e+03 2.525727e+04
1.915439e+04 1.051907e+02 9.324315e+01 2.421792e+03 2.526232e+04
1.915871e+04 1.051907e+02 9.324315e+01 2.421792e+03 2.526738e+04
1.916303e+04 1.051907e+02 9.324315e+01 2.421793e+03 2.527243e+04
1.916735e+04 1.051907e+02 9.324316e+01 2.421793e+03 2.527749e+04
1.917167e+04 1.051907e+02 9.324316e+01 2.421793e+03 2.528254e+04
1.917600e+04 1.051907e+02 9.324316e+01 2.421794e+03 2.528759e+04
1.918032e+04 1.051907e+02 9.324317e+01 2.421794e+03 2.529265e+04
1.918464e+04 1.051907e+02 9.324317e+01 2.421795e+03 2.529770e+04
1.918896e+04 1.051907e+02 9.324317e+01 2.421795e+03 2.530275e+04
1.919328e+04 1.051907e+02 9.324318e+01 2.421795e+03 2.530780e+04
1.919760e+04 1.051907e+02 9.324318e+01 2.421796e+03 2.531285e+04
1.920192e+04 1.051907e+02 9.324318e+01 2.421796e+03 2.531790e+04
1.920624e+04 1.051907e+02 9.324319e+01 2.421796e+03 2.532295e+04
1.921056e+04 1.051907e+02 9.324319e+01 2.421797e+03 2.532800e+04
1.921488e+04 1.051907e+02 9.324319e+01 2.421797e+03 2.533304e+04
1.921920e+04 1.051907e+02 9.324320e+01 2.421797e+03 2.533809e+04
1.922352e+04 1.051907e+02 9.324320e+01 2.421798e+03 2.534314e+04
1.922785e+04 1.051907e+02 9.324320e+01 2.421798e+03 2.534818e+04
1.923217e+04 1.051907e+02 9.324321e+01 2.421798e+03 2.535323e+04
1.923649e+04 1.051907e+02 9.324321e+01 2.421799e+03 2.535827e+04
1.924081e+04 1.051907e+02 9.324321e+01 2.421799e+03 2.536332e+04
1.924513e+04 1.051907e+02 9.324322e+01 2.421799e+03 2.536836e+04
1.924945e+04 1.051907e+02 9.324322e+01 2.421800e+03 2.537340e+04
1.925377e+04 1.051907e+02 9.324322e+01 2.421800e+03 2.537844e+04
1.925809e+04 1.051907e+02 9.324323e+01 2.421800e+03 2.538349e+04
1.926241e+04 1.051907e+02 9.324323e+01 2.421801e+03 2.538853e+04
1.926673e+04 1.051907e+02 9.324323e+01 2.421801e+03 2.539357e+04
1.927105e+04 1.051907e+02 9.324324e+01 2.421801e+03 2.539861e+04
1.927538e+04 1.051907e+02 9.324324e+01 2.421802e+03 2.540365e+04
1.927970e+04 1.051907e+02 9.324324e+01 2.421802e+03 2.540869e+04
1.928402e+04 1.051907e+02 9.324325e+01 2.421802e+03 2.541372e+04
1.928834e+04 1.051907e+02 9.324325e+01 2.421803e+03 2.541876e+04
1.929266e+04 1.051907e+02 9.324325e+01 2.421803e+03 2.542380e+04
1.929698e+04 1.051907e+02 9.324326e+01 2.421803e+03 2.542883e+04
1.930130e+04 1.051907e+02 9.324326e+01 2.421804e+03 2.543387e+04
1.930562e+04 1.051907e+02 9.324326e+01 2.421804e+03 2.543890e+04
1.930994e+04 1.051907e+02 9.324327e+01 2.421804e+03 2.544394e+04
1.931426e+04 1.051907e+02 9.324327e+01 2.421805e+03 2.544897e+04
1.931858e+04 1.051907e+02 9.324327e+01 2.421805e+03 2.545401e+04
1.932290e+04 1.051907e+02 9.324328e+01 2.421805e+03 2.545904e+04
1.932723e+04 1.051907e+02 9.324328e+01 2.421806e+03 2.546407e+04
1.933155e+04 1.051907e+02 9.324328e+01 2.421806e+03 2.546910e+04
1.933587e+04 1.051907e+02 9.324329e+01 2.421806e+03 2.547413e+04
1.934019e+04 1.051907e+02 9.324329e+01 2.421807e+03 2.547916e+04
1.934451e+04 1.051907e+02 9.324329e+01 2.421807e+03 2.548419e+04
1.934883e+04 1.051907e+02 9.324330e+01 2.421807e+03 2.548922e+04
1.935315e+04 1.051907e+02 9.324330e+01 2.421808e+03 2.549425e+04
1.935747e+04 1.051907e+02 9.324330e+01 2.421808e+03 2.549928e+04
1.936179e+04 1.051907e+02 9.324331e+01 2.421808e+03 2.550431e+04
1.936611e+04 1.051907e+02 9.324331e+01 2.421809e+03 2.550933e+04
1.937043e+04 1.051907e+02 9.324331e+01 2.421809e+03 2.551436e+04
1.937475e+04 1.051907e+02 9.324332e+01 2.421809e+03 2.551938e+04
1.937908e+04 1.051907e+02 9.324332e+01 2.421810e+03 2.552441e+04
1.938340e+04 1.051907e+02 9.324332e+01 2.421810e+03 2.552943e+04
1.938772e+04 1.051907e+02 9.324332e+01 2.421810e+03 2.553446e+04
1.939204e+04 1.051907e+02 9.324333e+01 2.421810e+03 2.553948e+04
1.939636e+04 1.051907e+02 9.324333e+01 2.421811e+03 2.554450e+04
1.940068e+04 1.051907e+02 9.324333e+01 2.421811e+03 2.554953e+04
1.940500e+04 1.051907e+02 9.324334e+01 2.421811e+03 2.555455e+04
1.940932e+04 1.051907e+02 9.324334e+01 2.421812e+03 2.555957e+04
1.941364e+04 1.051907e+02 9.324334e+01 2.421812e+03 2.556459e+04
1.941796e+04 1.051907e+02 9.324335e+01 2.421812e+03 2.556961e+04
1.942228e+04 1.051907e+02 9.324335e+01 2.421813e+03 2.557463e+04
1.942661e+04 1.051907e+02 9.324335e+01 2.421813e+03 2.557964e+04
1.943093e+04 1.051907e+02 9.324336e+01 2.421813e+03 2.558466e+04
1.943525e+04 1.051907e+02 9.324336e+01 2.421814e+03 2.558968e+04
1.943957e+04 1.051907e+02 9.324336e+01 2.421814e+03 2.559470e+04
1.944389e+04 1.051907e+02 9.324336e+01 2.421814e+03 2.559971e+04
1.944821e+04 1.051907e+02 9.324337e+01 2.421814e+03 2.560473e+04
1.945253e+04 1.051907e+02 9.324337e+01 2.421815e+03 2.560974e+04
1.945685e+04 1.051907e+02 9.324337e+01 2.421815e+03 2.561476e+04
1.946117e+04 1.051907e+02 9.324338e+01 2.421815e+03 2.561977e+04
1.946549e+04 1.051907e+02 9.324338e+01 2.421816e+03 2.562478e+04
1.946981e+04 1.051907e+02 9.324338e+01 2.421816e+03 2.562980e+04
1.947413e+04 1.051907e+02 9.324338e+01 2.421816e+03 2.563481e+04
1.947846e+04 1.051907e+02 9.324339e+01 2.421817e+03 2.563982e+04
1.948278e+04 1.051907e+02 9.324339e+01 2.421817e+03 2.564483e+04
1.948710e+04 1.051907e+02 9.324339e+01 2.421817e+03 2.564984e+04
1.949142e+04 1.051907e+02 9.324340e+01 2.421817e+03 2.565485e+04
1.949574e+04 1.051907e+02 9.324340e+01 2.421818e+03 2.565986e+04
1.950006e+04 1.051907e+02 9.324340e+01 2.421818e+03 2.566487e+04
1.950438e+04 1.051907e+02 9.324341e+01 2.421818e+03 2.566987e+04
1.950870e+04 1.051907e+02 9.324341e+01 2.421819e+03 2.567488e+04
1.951302e+04 1.051907e+02 9.324341e+01 2.421819e+03 2.567989e+04
1.951734e+04 1.051907e+02 9.324341e+01 2.421819e+03 2.568489e+04
1.952166e+04 1.051907e+02 9.324342e+01 2.421820e+03 2.568990e+04
1.952599e+04 1.051907e+02 9.324342e+01 2.421820e+03 2.569490e+04
1.953031e+04 1.051907e+02 9.324342e+01 2.421820e+03 2.569991e+04
1.953463e+04 1.051907e+02 9.324343e+01 2.421820e+03 2.570491e+04
1.953895e+04 1.051907e+02 9.324343e+01 2.421821e+03 2.570991e+04
1.954327e+04 1.051907e+02 9.324343e+01 2.421821e+03 2.571492e+04
1.954759e+04 1.051907e+02 9.324343e+01 2.421821e+03 2.571992e+04
1.955191e+04 1.051907e+02 9.324344e+01 2.421822e+03 2.572492e+04
1.955623e+04 1.051907e+02 9.324344e+01 2.421822e+03 2.572992e+04
1.956055e+04 1.051907e+02 9.324344e+01 2.421822e+03 2.573492e+04
1.956487e+04 1.051907e+02 9.324344e+01 2.421822e+03 2.573992e+04
1.956919e+04 1.051907e+02 9.324345e+01 2.421823e+03 2.574492e+04
1.957351e+04 1.051907e+02 9.324345e+01 2.421823e+03 2.574991e+04
1.957784e+04 1.051907e+02 9.324345e+01 2.421823e+03 2.575491e+04
1.958216e+04 1.051907e+02 9.324346e+01 2.421824e+03 2.575991e+04
1.958648e+04 1.051907e+02 9.324346e+01 2.421824e+03 2.576491e+04
1.959080e+04 1.051907e+02 9.324346e+01 2.421824e+03 2.576990e+04
1.959512e+04 1.051907e+02 9.324346e+01 2.421824e+03 2.577490e+04
1.959944e+04 1.051907e+02 9.324347e+01 2.421825e+03 2.577989e+04
1.960376e+04 1.051907e+02 9.324347e+01 2.421825e+03 2.578489e+04
1.960808e+04 1.051907e+02 9.324347e+01 2.421825e+03 2.578988e+04
1.961240e+04 1.051907e+02 9.324348e+01 2.421825e+03 2.579487e+04
1.961672e+04 1.051907e+02 9.324348e+01 2.421826e+03 2.579986e+04
1.962104e+04 1.051907e+02 9.324348e+01 2.421826e+03 2.580486e+04
1.962537e+04 1.051907e+02 9.324348e+01 2.421826e+03 2.580985e+04
1.962969e+04 1.051907e+02 9.324349e+01 2.421827e+03 2.581484e+04
1.963401e+04 1.051907e+02 9.324349e+01 2.421827e+03 2.581983e+04
1.963833e+04 1.051907e+02 9.324349e+01 2.421827e+03 2.582482e+04
1.964265e+04 1.051907e+02 9.324349e+01 2.421827e+03 2.582980e+04
1.964697e+04 1.051907e+02 9.324350e+01 2.421828e+03 2.583479e+04
1.965129e+04 1.051907e+02 9.324350e+01 2.421828e+03 2.583978e+04
1.965561e+04 1.051907e+02 9.324350e+01 2.421828e+03 2.584477e+04
1.965993e+04 1.051907e+02 9.324350e+01 2.421828e+03 2.584975e+04
1.966425e+04 1.051907e+02 9.324351e+01 2.421829e+03 2.585474e+04
1.966857e+04 1.051907e+02 9.324351e+01 2.421829e+03 2.585972e+04
1.967289e+04 1.051907e+02 9.324351e+01 2.421829e+03 2.586471e+04
1.967722e+04 1.051907e+02 9.324352e+01 2.421830e+03 2.586969e+04
1.968154e+04 1.051907e+02 9.324352e+01 2.421830e+03 2.587468e+04
1.968586e+04 1.051907e+02 9.324352e+01 2.421830e+03 2.587966e+04
1.969018e+04 1.051907e+02 9.324352e+01 2.421830e+03 2.588464e+04
1.969450e+04 1.051907e+02 9.324353e+01 2.421831e+03 2.588962e+04
1.969882e+04 1.051907e+02 9.324353e+01 2.421831e+03 2.589460e+04
1.970314e+04 1.051907e+02 9.324353e+01 2.421831e+03 2.589958e+04
1.970746e+04 1.051907e+02 9.324353e+01 2.421831e+03 2.590456e+04
1.971178e+04 1.051907e+02 9.324354e+01 2.421832e+03 2.590954e+04
1.971610e+04 1.051907e+02 9.324354e+01 2.421832e+03 2.591452e+04
1.972042e+04 1.051907e+02 9.324354e+01 2.421832e+03 2.591950e+04
1.972474e+04 1.051907e+02 9.324354e+01 2.421832e+03 2.592448e+04
1.972907e+04 1.051907e+02 9.324355e+01 2.421833e+03 2.592945e+04
1.973339e+04 1.051907e+02 9.324355e+01 2.421833e+03 2.593443e+04
1.973771e+04 1.051907e+02 9.324355e+01 2.421833e+03 2.593941e+04
1.974203e+04 1.051907e+02 9.324355e+01 2.421833e+03 2.594438e+04
1.974635e+04 1.051907e+02 9.324356e+01 2.421834e+03 2.594936e+04
1.975067e+04 1.051907e+02 9.324356e+01 2.421834e+03 2.595433e+04
1.975499e+04 1.051907e+02 9.324356e+01 2.421834e+03 2.595930e+04
1.975931e+04 1.051907e+02 9.324356e+01 2.421834e+03 2.596428e+04
1.976363e+04 1.051907e+02 9.324357e+01 2.421835e+03 2.596925e+04
1.976795e+04 1.051907e+02 9.324357e+01 2.421835e+03 2.597422e+04
1.977227e+04 1.051907e+02 9.324357e+01 2.421835e+03 2.597919e+04
1.977660e+04 1.051907e+02 9.324357e+01 2.421835e+03 2.598416e+04
1.978092e+04 1.051907e+02 9.324358e+01 2.421836e+03 2.598913e+04
1.978524e+04 1.051907e+02 9.324358e+01 2.421836e+03 2.599410e+04
1.978956e+04 1.051907e+02 9.324358e+01 2.421836e+03 2.599907e+04
1.979388e+04 1.051907e+02 9.324358e+01 2.421836e+03 2.600404e+04
1.979820e+04 1.051907e+02 9.324359e+01 2.421837e+03 2.600900e+04
1.980252e+04 1.051907e+02 9.324359e+01 2.421837e+03 2.601397e+04
1.980684e+04 1.051907e+02 9.324359e+01 2.421837e+03 2.601894e+04
1.981116e+04 1.051907e+02 9.324359e+01 2.421837e+03 2.602390e+04
1.981548e+04 1.051907e+02 9.324360e+01 2.421838e+03 2.602887e+04
1.981980e+04 1.051907e+02 9.324360e+01 2.421838e+03 2.603383e+04
1.982412e+04 1.051907e+02 9.324360e+01 2.421838e+03 2.603880e+04
1.982845e+04 1.051907e+02 9.324360e+01 2.421838e+03 2.604376e+04
1.983277e+04 1.051907e+02 9.324361e+01 2.421839e+03 2.604872e+04
1.983709e+04 1.051907e+02 9.324361e+01 2.421839e+03 2.605368e+04
1.984141e+04 1.051907e+02 9.324361e+01 2.421839e+03 2.605865e+04
1.984573e+04 1.051907e+02 9.324361e+01 2.421839e+03 2.606361e+04
1.985005e+04 1.051907e+02 9.324361e+01 2.421840e+03 2.606857e+04
1.985437e+04 1.051907e+02 9.324362e+01 2.421840e+03 2.607353e+04
1.985869e+04 1.051907e+02 9.324362e+01 2.421840e+03 2.607849e+04
1.986301e+04 1.051907e+02 9.324362e+01 2.421840e+03 2.608344e+04
1.986733e+04 1.051907e+02 9.324362e+01 2.421841e+03 2.608840e+04
1.987165e+04 1.051907e+02 9.324363e+01 2.421841e+03 2.609336e+04
1.987598e+04 1.051907e+02 9.324363e+01 2.421841e+03 2.609832e+04
1.988030e+04 1.051907e+02 9.324363e+01 2.421841e+03 2.610327e+04
1.988462e+04 1.051907e+02 9.324363e+01 2.421842e+03 2.610823e+04
1.988894e+04 1.051907e+02 9.324364e+01 2.421842e+03 2.611318e+04
1.989326e+04 1.051907e+02 9.324364e+01 2.421842e+03 2.611814e+04
1.989758e+04 1.051907e+02 9.324364e+01 2.421842e+03 2.612309e+04
1.990190e+04 1.051907e+02 9.324364e+01 2.421843e+03 2.612804e+04
1.990622e+04 1.051907e+02 9.324364e+01 2.421843e+03 2.613300e+04
1.991054e+04 1.051907e+02 9.324365e+01 2.421843e+03 2.613795e+04
1.991486e+04 1.051907e+02 9.324365e+01 2.421843e+03 2.614290e+04
1.991918e+04 1.051907e+02 9.324365e+01 2.421843e+03 2.614785e+04
1.992350e+04 1.051907e+02 9.324365e+01 2.421844e+03 2.615280e+04
1.992783e+04 1.051907e+02 9.324366e+01 2.421844e+03 2.615775e+04
1.993215e+04 1.051907e+02 9.324366e+01 2.421844e+03 2.616270e+04
1.993647e+04 1.051907e+02 9.324366e+01 2.421844e+03 2.616765e+04
1.994079e+04 1.051907e+02 9.324366e+01 2.421845e+03 2.617260e+04
1.994511e+04 1.051907e+02 9.324367e+01 2.421845e+03 2.617755e+04
1.994943e+04 1.051907e+02 9.324367e+01 2.421845e+03 2.618249e+04
1.995375e+04 1.051907e+02 9.324367e+01 2.421845e+03 2.618744e+04
1.995807e+04 1.051907e+02 9.324367e+01 2.421846e+03 2.619238e+04
1.996239e+04 1.051907e+02 9.324367e+01 2.421846e+03 2.619733e+04
1.996671e+04 1.051907e+02 9.324368e+01 2.421846e+03 2.620227e+04
1.997103e+04 1.051907e+02 9.324368e+01 2.421846e+03 2.620722e+04
1.997536e+04 1.051907e+02 9.324368e+01 2.421846e+03 2.621216e+04
1.997968e+04 1.051907e+02 9.324368e+01 2.421847e+03 2.621710e+04
1.998400e+04 1.051907e+02 9.324369e+01 2.421847e+03 2.622205e+04
1.998832e+04 1.051907e+02 9.324369e+01 2.421847e+03 2.622699e+04
1.999264e+04 1.051907e+02 9.324369e+01 2.421847e+03 2.623193e+04
1.999696e+04 1.051907e+02 9.324369e+01 2.421848e+03 2.623687e+04
2.000128e+04 1.051907e+02 9.324369e+01 2.421848e+03 2.624181e+04
2.000560e+04 1.051907e+02 9.324370e+01 2.421848e+03 2.624675e+04
2.000992e+04 1.051907e+02 9.324370e+01 2.421848e+03 2.625169e+04
2.001424e+04 1.051907e+02 9.324370e+01 2.421848e+03 2.625662e+04
2.001856e+04 1.051907e+02 9.324370e+01 2.421849e+03 2.626156e+04
2.002288e+04 1.051907e+02 9.324370e+01 2.421849e+03 2.626650e+04
2.002721e+04 1.051907e+02 9.324371e+01 2.421849e+03 2.627143e+04
2.003153e+04 1.051907e+02 9.324371e+01 2.421849e+03 2.627637e+04
2.003585e+04 1.051907e+02 9.324371e+01 2.421849e+03 2.628131e+04
2.004017e+04 1.051907e+02 9.324371e+01 2.421850e+03 2.628624e+04
2.004449e+04 1.051907e+02 9.324372e+01 2.421850e+03 2.629117e+04
2.004881e+04 1.051907e+02 9.324372e+01 2.421850e+03 2.629611e+04
2.005313e+04 1.051907e+02 9.324372e+01 2.421850e+03 2.630104e+04
2.005745e+04 1.051907e+02 9.324372e+01 2.421851e+03 2.630597e+04
2.006177e+04 1.051907e+02 9.324372e+01 2.421851e+03 2.631090e+04
2.006609e+04 1.051907e+02 9.324373e+01 2.421851e+03 2.631583e+04
2.007041e+04 1.051907e+02 9.324373e+01 2.421851e+03 2.632077e+04
2.007473e+04 1.051907e+02 9.324373e+01 2.421851e+03 2.632570e+04
2.007906e+04 1.051907e+02 9.324373e+01 2.421852e+03 2.633062e+04
2.008338e+04 1.051907e+02 9.324373e+01 2.421852e+03 2.633555e+04
2.008770e+04 1.051907e+02 9.324374e+01 2.421852e+03 2.634048e+04
2.009202e+04 1.051907e+02 9.324374e+01 2.421852e+03 2.634541e+04
2.009634e+04 1.051907e+02 9.324374e+01 2.421852e+03 2.635034e+04
2.010066e+04 1.051907e+02 9.324374e+01 2.421853e+03 2.635526e+04
2.010498e+04 1.051907e+02 9.324374e+01 2.421853e+03 2.636019e+04
2.010930e+04 1.051907e+02 9.324375e+01 2.421853e+03 2.636511e+04
2.011362e+04 1.051907e+02 9.324375e+01 2.421853e+03 2.637004e+04
2.011794e+04 1.051907e+02 9.324375e+01 2.421854e+03 2.637496e+04
2.012226e+04 1.051907e+02 9.324375e+01 2.421854e+03 2.637988e+04
2.012659e+04 1.051907e+02 9.324375e+01 2.421854e+03 2.638481e+04
2.013091e+04 1.051907e+02 9.324376e+01 2.421854e+03 2.638973e+04
2.013523e+04 1.051907e+02 9.324376e+01 2.421854e+03 2.639465e+04
2.013955e+04 1.051907e+02 9.324376e+01 2.421855e+03 2.639957e+04
2.014387e+04 1.051907e+02 9.324376e+01 2.421855e+03 2.640449e+04
2.014819e+04 1.051907e+02 9.324376e+01 2.421855e+03 2.640941e+04
2.015251e+04 1.051907e+02 9.324377e+01 2.421855e+03 2.641433e+04
2.015683e+04 1.051907e+02 9.324377e+01 2.421855e+03 2.641925e+04
2.016115e+04 1.051907e+02 9.324377e+01 2.421856e+03 2.642417e+04
2.016547e+04 1.051907e+02 9.324377e+01 2.421856e+03 2.642909e+04
2.016979e+04 1.051907e+02 9.324377e+01 2.421856e+03 2.643400e+04
2.017411e+04 1.051907e+02 9.324378e+01 2.421856e+03 2.643892e+04
2.017844e+04 1.051907e+02 9.324378e+01 2.421856e+03 2.644384e+04
2.018276e+04 1.051907e+02 9.324378e+01 2.421857e+03 2.644875e+04
2.018708e+04 1.051907e+02 9.324378e+01 2.421857e+03 2.645367e+04
2.019140e+04 1.051907e+02 9.324378e+01 2.421857e+03 2.645858e+04
2.019572e+04 1.051907e+02 9.324379e+01 2.421857e+03 2.646349e+04
2.020004e+04 1.051907e+02 9.324379e+01 2.421857e+03 2.646841e+04
2.020436e+04 1.051907e+02 9.324379e+01 2.421858e+03 2.647332e+04
2.020868e+04 1.051907e+02 9.324379e+01 2.421858e+03 2.647823e+04
2.021300e+04 1.051907e+02 9.324379e+01 2.421858e+03 2.648314e+04
2.021732e+04 1.051907e+02 9.324380e+01 2.421858e+03 2.648805e+04
2.022164e+04 1.051907e+02 9.324380e+01 2.421858e+03 2.649296e+04
2.022597e+04 1.051907e+02 9.324380e+01 2.421859e+03 2.649787e+04
2.023029e+04 1.051907e+02 9.324380e+01 2.421859e+03 2.650278e+04
2.023461e+04 1.051907e+02 9.324380e+01 2.421859e+03 2.650769e+04
2.023893e+04 1.051907e+02 9.324381e+01 2.421859e+03 2.651260e+04
2.024325e+04 1.051907e+02 9.324381e+01 2.421859e+03 2.651750e+04
2.024757e+04 1.051907e+02 9.324381e+01 2.421859e+03 2.652241e+04
2.025189e+04 1.051907e+02 9.324381e+01 2.421860e+03 2.652732e+04
2.025621e+04 1.051907e+02 9.324381e+01 2.421860e+03 2.653222e+04
2.026053e+04 1.051907e+02 9.324381e+01 2.421860e+03 2.653713e+04
2.026485e+04 1.051907e+02 9.324382e+01 2.421860e+03 2.654203e+04
2.026917e+04 1.051907e+02 9.324382e+01 2.421860e+03 2.654693e+04
2.027349e+04 1.051907e+02 9.324382e+01 2.421861e+03 2.655184e+04
2.027782e+04 1.051907e+02 9.324382e+01 2.421861e+03 2.655674e+04
2.028214e+04 1.051907e+02 9.324382e+01 2.421861e+03 2.656164e+04
2.028646e+04 1.051907e+02 9.324383e+01 2.421861e+03 2.656654e+04
2.029078e+04 1.051907e+02 9.324383e+01 2.421861e+03 2.657144e+04
2.029510e+04 1.051907e+02 9.324383e+01 2.421862e+03 2.657634e+04
2.029942e+04 1.051907e+02 9.324383e+01 2.421862e+03 2.658124e+04
2.030374e+04 1.051907e+02 9.324383e+01 2.421862e+03 2.658614e+04
2.030806e+04 1.051907e+02 9.324383e+01 2.421862e+03 2.659104e+04
2.031238e+04 1.051907e+02 9.324384e+01 2.421862e+03 2.659594e+04
2.031670e+04 1.051907e+02 9.324384e+01 2.421862e+03 2.660083e+04
2.032102e+04 1.051907e+02 9.324384e+01 2.421863e+03 2.660573e+04
2.032535e+04 1.051907e+02 9.324384e+01 2.421863e+03 2.661063e+04
2.032967e+04 1.051907e+02 9.324384e+01 2.421863e+03 2.661552e+04
2.033399e+04 1.051907e+02 9.324385e+01 2.421863e+03 2.662042e+04
2.033831e+04 1.051907e+02 9.324385e+01 2.421863e+03 2.662531e+04
2.034263e+04 1.051907e+02 9.324385e+01 2.421864e+03 2.663020e+04
2.034695e+04 1.051907e+02 9.324385e+01 2.421864e+03 2.663510e+04
2.035127e+04 1.051907e+02 9.324385e+01 2.421864e+03 2.663999e+04
2.035559e+04 1.051907e+02 9.324385e+01 2.421864e+03 2.664488e+04
2.035991e+04 1.051907e+02 9.324386e+01 2.421864e+03 2.664977e+04
2.036423e+04 1.051907e+02 9.324386e+01 2.421864e+03 2.665466e+04
2.036855e+04 1.051907e+02 9.324386e+01 2.421865e+03 2.665955e+04
2.037287e+04 1.051907e+02 9.324386e+01 2.421865e+03 2.666444e+04
2.037720e+04 1.051907e+02 9.324386e+01 2.421865e+03 2.666933e+04
2.038152e+04 1.051907e+02 9.324386e+01 2.421865e+03 2.667422e+04
2.038584e+04 1.051907e+02 9.324387e+01 2.421865e+03 2.667911e+04
2.039016e+04 1.051907e+02 9.324387e+01 2.421866e+03 2.668400e+04
2.039448e+04 1.051907e+02 9.324387e+01 2.421866e+03 2.668888e+04
2.039880e+04 1.051907e+02 9.324387e+01 2.421866e+03 2.669377e+04
2.040312e+04 1.051907e+02 9.324387e+01 2.421866e+03 2.669866e+04
2.040744e+04 1.051907e+02 9.324388e+01 2.421866e+03 2.670354e+04
2.041176e+04 1.051907e+02 9.324388e+01 2.421866e+03 2.670842e+04
2.041608e+04 1.051907e+02 9.324388e+01 2.421867e+03 2.671331e+04
2.042040e+04 1.051907e+02 9.324388e+01 2.421867e+03 2.671819e+04
2.042472e+04 1.051907e+02 9.324388e+01 2.421867e+03 2.672307e+04
2.042905e+04 1.051907e+02 9.324388e+01 2.421867e+03 2.672796e+04
2.043337e+04 1.051907e+02 9.324389e+01 2.421867e+03 2.673284e+04
2.043769e+04 1.051907e+02 9.324389e+01 2.421867e+03 2.673772e+04
2.044201e+04 1.051907e+02 9.324389e+01 2.421868e+03 2.674260e+04
2.044633e+04 1.051907e+02 9.324389e+01 2.421868e+03 2.674748e+04
2.045065e+04 1.051907e+02 9.324389e+01 2.421868e+03 2.675236e+04
2.045497e+04 1.051907e+02 9.324389e+01 2.421868e+03 2.675724e+04
2.045929e+04 1.051907e+02 9.324390e+01 2.421868e+03 2.676212e+04
2.046361e+04 1.051907e+02 9.324390e+01 2.421869e+03 2.676699e+04
2.046793e+04 1.051907e+02 9.324390e+01 2.421869e+03 2.677187e+04
2.047225e+04 1.051907e+02 9.324390e+01 2.421869e+03 2.677675e+04
2.047658e+04 1.051907e+02 9.324390e+01 2.421869e+03 2.678162e+04
2.048090e+04 1.051907e+02 9.324390e+01 2.421869e+03 2.678650e+04
2.048522e+04 1.051907e+02 9.324391e+01 2.421869e+03 2.679137e+04
2.048954e+04 1.051907e+02 9.324391e+01 2.421870e+03 2.679625e+04
2.049386e+04 1.051907e+02 9.324391e+01 2.421870e+03 2.680112e+04
2.049818e+04 1.051907e+02 9.324391e+01 2.421870e+03 2.680599e+04
2.050250e+04 1.051907e+02 9.324391e+01 2.421870e+03 2.681086e+04
2.050682e+04 1.051907e+02 9.324391e+01 2.421870e+03 2.681574e+04
2.051114e+04 1.051907e+02 9.324392e+01 2.421870e+03 2.682061e+04
2.051546e+04 1.051907e+02 9.324392e+01 2.421871e+03 2.682548e+04
2.051978e+04 1.051907e+02 9.324392e+01 2.421871e+03 2.683035e+04
2.052410e+04 1.051907e+02 9.324392e+01 2.421871e+03 2.683522e+04
2.052843e+04 1.051907e+02 9.324392e+01 2.421871e+03 2.684008e+04
2.053275e+04 1.051907e+02 9.324392e+01 2.421871e+03 2.684495e+04
2.053707e+04 1.051907e+02 9.324392e+01 2.421871e+03 2.684982e+04
2.054139e+04 1.051907e+02 9.324393e+01 2.421871e+03 2.685469e+04
2.054571e+04 1.051907e+02 9.324393e+01 2.421872e+03 2.685955e+04
2.055003e+04 1.051907e+02 9.324393e+01 2.421872e+03 2.686442e+04
2.055435e+04 1.051907e+02 9.324393e+01 2.421872e+03 2.686929e+04
2.055867e+04 1.051907e+02 9.324393e+01 2.421872e+03 2.687415e+04
2.056299e+04 1.051907e+02 9.324393e+01 2.421872e+03 2.687901e+04
2.056731e+04 1.051907e+02 9.324394e+01 2.421872e+03 2.688388e+04
2.057163e+04 1.051907e+02 9.324394e+01 2.421873e+03 2.688874e+04
2.057596e+04 1.051907e+02 9.324394e+01 2.421873e+03 2.689360e+04
2.058028e+04 1.051907e+02 9.324394e+01 2.421873e+03 2.689847e+04
2.058460e+04 1.051907e+02 9.324394e+01 2.421873e+03 2.690333e+04
2.058892e+04 1.051907e+02 9.324394e+01 2.421873e+03 2.690819e+04
2.059324e+04 1.051907e+02 9.324395e+01 2.421873e+03 2.691305e+04
2.059756e+04 1.051907e+02 9.324395e+01 2.421874e+03 2.691791e+04
2.060188e+04 1.051907e+02 9.324395e+01 2.421874e+03 2.692277e+04
2.060620e+04 1.051907e+02 9.324395e+01 2.421874e+03 2.692762e+04
2.061052e+04 1.051907e+02 9.324395e+01 2.421874e+03 2.693248e+04
2.061484e+04 1.051907e+02 9.324395e+01 2.421874e+03 2.693734e+04
2.061916e+04 1.051907e+02 9.324395e+01 2.421874e+03 2.694220e+04
2.062348e+04 1.051907e+02 9.324396e+01 2.421874e+03 2.694705e+04
2.062781e+04 1.051907e+02 9.324396e+01 2.421875e+03 2.695191e+04
2.063213e+04 1.051907e+02 9.324396e+01 2.421875e+03 2.695676e+04
2.063645e+04 1.051907e+02 9.324396e+01 2.421875e+03 2.696162e+04
2.064077e+04 1.051907e+02 9.324396e+01 2.421875e+03 2.696647e+04
2.064509e+04 1.051907e+02 9.324396e+01 2.421875e+03 2.697132e+04
2.064941e+04 1.051907e+02 9.324396e+01 2.421875e+03 2.697618e+04
2.065373e+04 1.051907e+02 9.324397e+01 2.421876e+03 2.698103e+04
2.065805e+04 1.051907e+02 9.324397e+01 2.421876e+03 2.698588e+04
2.066237e+04 1.051907e+02 9.324397e+01 2.421876e+03 2.699073e+04
2.066669e+04 1.051907e+02 9.324397e+01 2.421876e+03 2.699558e+04
2.067101e+04 1.051907e+02 9.324397e+01 2.421876e+03 2.700043e+04
2.067534e+04 1.051907e+02 9.324397e+01 2.421876e+03 2.700528e+04
2.067966e+04 1.051907e+02 9.324398e+01 2.421876e+03 2.701013e+04
2.068398e+04 1.051907e+02 9.324398e+01 2.421877e+03 2.701498e+04
2.068830e+04 1.051907e+02 9.324398e+01 2.421877e+03 2.701982e+04
2.069262e+04 1.051907e+02 9.324398e+01 2.421877e+03 2.702467e+04
2.069694e+04 1.051907e+02 9.324398e+01 2.421877e+03 2.702952e+04
2.070126e+04 1.051907e+02 9.324398e+01 2.421877e+03 2.703436e+04
2.070558e+04 1.051907e+02 9.324398e+01 2.421877e+03 2.703921e+04
2.070990e+04 1.051907e+02 9.324399e+01 2.421878e+03 2.704405e+04
2.071422e+04 1.051907e+02 9.324399e+01 2.421878e+03 2.704890e+04
2.071854e+04 1.051907e+02 9.324399e+01 2.421878e+03 2.705374e+04
2.072286e+04 1.051907e+02 9.324399e+01 2.421878e+03 2.705858e+04
2.072719e+04 1.051907e+02 9.324399e+01 2.421878e+03 2.706342e+04
2.073151e+04 1.051907e+02 9.324399e+01 2.421878e+03 2.706827e+04
2.073583e+04 1.051907e+02 9.324399e+01 2.421878e+03 2.707311e+04
2.074015e+04 1.051907e+02 9.324400e+01 2.421879e+03 2.707795e+04
2.074447e+04 1.051907e+02 9.324400e+01 2.421879e+03 2.708279e+04
2.074879e+04 1.051907e+02 9.324400e+01 2.421879e+03 2.708763e+04
2.075311e+04 1.051907e+02 9.324400e+01 2.421879e+03 2.709247e+04
2.075743e+04 1.051907e+02 9.324400e+01 2.421879e+03 2.709730e+04
2.076175e+04 1.051907e+02 9.324400e+01 2.421879e+03 2.710214e+04
2.076607e+04 1.051907e+02 9.324400e+01 2.421879e+03 2.710698e+04
2.077039e+04 1.051907e+02 9.324401e+01 2.421880e+03 2.711182e+04
2.077471e+04 1.051907e+02 9.324401e+01 2.421880e+03 2.711665e+04
2.077904e+04 1.051907e+02 9.324401e+01 2.421880e+03 2.712149e+04
2.078336e+04 1.051907e+02 9.324401e+01 2.421880e+03 2.712632e+04
2.078768e+04 1.051907e+02 9.324401e+01 2.421880e+03 2.713116e+04
2.079200e+04 1.051907e+02 9.324401e+01 2.421880e+03 2.713599e+04
2.079632e+04 1.051907e+02 9.324401e+01 2.421880e+03 2.714082e+04
2.080064e+04 1.051907e+02 9.324401e+01 2.421881e+03 2.714566e+04
2.080496e+04 1.051907e+02 9.324402e+01 2.421881e+03 2.715049e+04
2.080928e+04 1.051907e+02 9.324402e+01 2.421881e+03 2.715532e+04
2.081360e+04 1.051907e+02 9.324402e+01 2.421881e+03 2.716015e+04
2.081792e+04 1.051907e+02 9.324402e+01 2.421881e+03 2.716498e+04
2.082224e+04 1.051907e+02 9.324402e+01 2.421881e+03 2.716981e+04
2.082657e+04 1.051907e+02 9.324402e+01 2.421881e+03 2.717464e+04
2.083089e+04 1.051907e+02 9.324402e+01 2.421881e+03 2.717947e+04
2.083521e+04 1.051907e+02 9.324403e+01 2.421882e+03 2.718429e+04
2.083953e+04 1.051907e+02 9.324403e+01 2.421882e+03 2.718912e+04
2.084385e+04 1.051907e+02 9.324403e+01 2.421882e+03 2.719395e+04
2.084817e+04 1.051907e+02 9.324403e+01 2.421882e+03 2.719877e+04
2.085249e+04 1.051907e+02 9.324403e+01 2.421882e+03 2.720360e+04
2.085681e+04 1.051907e+02 9.324403e+01 2.421882e+03 2.720843e+04
2.086113e+04 1.051907e+02 9.324403e+01 2.421882e+03 2.721325e+04
2.086545e+04 1.051907e+02 9.324403e+01 2.421883e+03 2.721807e+04
2.086977e+04 1.051907e+02 9.324404e+01 2.421883e+03 2.722290e+04
2.087409e+04 1.051907e+02 9.324404e+01 2.421883e+03 2.722772e+04
2.087842e+04 1.051907e+02 9.324404e+01 2.421883e+03 2.723254e+04
2.088274e+04 1.051907e+02 9.324404e+01 2.421883e+03 2.723736e+04
2.088706e+04 1.051907e+02 9.324404e+01 2.421883e+03 2.724218e+04
2.089138e+04 1.051907e+02 9.324404e+01 2.421883e+03 2.724701e+04
2.089570e+04 1.051907e+02 9.324404e+01 2.421884e+03 2.725182e+04
2.090002e+04 1.051907e+02 9.324405e+01 2.421884e+03 2.725664e+04
2.090434e+04 1.051907e+02 9.324405e+01 2.421884e+03 2.726146e+04
2.090866e+04 1.051907e+02 9.324405e+01 2.421884e+03 2.726628e+04
2.091298e+04 1.051907e+02 9.324405e+01 2.421884e+03 2.727110e+04
2.091730e+04 1.051907e+02 9.324405e+01 2.421884e+03 2.727592e+04
2.092162e+04 1.051907e+02 9.324405e+01 2.421884e+03 2.728073e+04
2.092595e+04 1.051907e+02 9.324405e+01 2.421884e+03 2.728555e+04
2.093027e+04 1.051907e+02 9.324405e+01 2.421885e+03 2.729036e+04
2.093459e+04 1.051907e+02 9.324406e+01 2.421885e+03 2.729518e+04
2.093891e+04 1.051907e+02 9.324406e+01 2.421885e+03 2.729999e+04
2.094323e+04 1.051907e+02 9.324406e+01 2.421885e+03 2.730481e+04
2.094755e+04 1.051907e+02 9.324406e+01 2.421885e+03 2.730962e+04
2.095187e+04 1.051907e+02 9.324406e+01 2.421885e+03 2.731443e+04
2.095619e+04 1.051907e+02 9.324406e+01 2.421885e+03 2.731924e+04
2.096051e+04 1.051907e+02 9.324406e+01 2.421885e+03 2.732405e+04
2.096483e+04 1.051907e+02 9.324406e+01 2.421886e+03 2.732887e+04
2.096915e+04 1.051907e+02 9.324407e+01 2.421886e+03 2.733368e+04
2.097347e+04 1.051907e+02 9.324407e+01 2.421886e+03 2.733849e+04
2.097780e+04 1.051907e+02 9.324407e+01 2.421886e+03 2.734329e+04
2.098212e+04 1.051907e+02 9.324407e+01 2.421886e+03 2.734810e+04
2.098644e+04 1.051907e+02 9.324407e+01 2.421886e+03 2.735291e+04
2.099076e+04 1.051907e+02 9.324407e+01 2.421886e+03 2.735772e+04
2.099508e+04 1.051907e+02 9.324407e+01 2.421886e+03 2.736252e+04
2.099940e+04 1.051907e+02 9.324407e+01 2.421887e+03 2.736733e+04
2.100372e+04 1.051907e+02 9.324408e+01 2.421887e+03 2.737214e+04
2.100804e+04 1.051907e+02 9.324408e+01 2.421887e+03 2.737694e+04
2.101236e+04 1.051907e+02 9.324408e+01 2.421887e+03 2.738175e+04
2.101668e+04 1.051907e+02 9.324408e+01 2.421887e+03 2.738655e+04
2.102100e+04 1.051907e+02 9.324408e+01 2.421887e+03 2.739135e+04
2.102533e+04 1.051907e+02 9.324408e+01 2.421887e+03 2.739616e+04
2.102965e+04 1.051907e+02 9.324408e+01 2.421887e+03 2.740096e+04
2.103397e+04 1.051907e+02 9.324408e+01 2.421888e+03 2.740576e+04
2.103829e+04 1.051907e+02 9.324408e+01 2.421888e+03 2.741056e+04
2.104261e+04 1.051907e+02 9.324409e+01 2.421888e+03 2.741536e+04
2.104693e+04 1.051907e+02 9.324409e+01 2.421888e+03 2.742016e+04
2.105125e+04 1.051907e+02 9.324409e+01 2.421888e+03 2.742496e+04
2.105557e+04 1.051907e+02 9.324409e+01 2.421888e+03 2.742976e+04
2.105989e+04 1.051907e+02 9.324409e+01 2.421888e+03 2.743456e+04
2.106421e+04 1.051907e+02 9.324409e+01 2.421888e+03 2.743935e+04
2.106853e+04 1.051907e+02 9.324409e+01 2.421889e+03 2.744415e+04
2.107285e+04 1.051907e+02 9.324409e+01 2.421889e+03 2.744895e+04
2.107718e+04 1.051907e+02 9.324410e+01 2.421889e+03 2.745374e+04
2.108150e+04 1.051907e+02 9.324410e+01 2.421889e+03 2.745854e+04
2.108582e+04 1.051907e+02 9.324410e+01 2.421889e+03 2.746333e+04
2.109014e+04 1.051907e+02 9.324410e+01 2.421889e+03 2.746813e+04
2.109446e+04 1.051907e+02 9.324410e+01 2.421889e+03 2.747292e+04
2.109878e+04 1.051907e+02 9.324410e+01 2.421889e+03 2.747772e+04
2.110310e+04 1.051907e+02 9.324410e+01 2.421889e+03 2.748251e+04
2.110742e+04 1.051907e+02 9.324410e+01 2.421890e+03 2.748730e+04
2.111174e+04 1.051907e+02 9.324410e+01 2.421890e+03 2.749209e+04
2.111606e+04 1.051907e+02 9.324411e+01 2.421890e+03 2.749688e+04
2.112038e+04 1.051907e+02 9.324411e+01 2.421890e+03 2.750167e+04
2.112470e+04 1.051907e+02 9.324411e+01 2.421890e+03 2.750646e+04
2.112903e+04 1.051907e+02 9.324411e+01 2.421890e+03 2.751125e+04
2.113335e+04 1.051907e+02 9.324411e+01 2.421890e+03 2.751604e+04
2.113767e+04 1.051907e+02 9.324411e+01 2.421890e+03 2.752083e+04
2.114199e+04 1.051907e+02 9.324411e+01 2.421891e+03 2.752561e+04
2.114631e+04 1.051907e+02 9.324411e+01 2.421891e+03 2.753040e+04
2.115063e+04 1.051907e+02 9.324411e+01 2.421891e+03 2.753519e+04
2.115495e+04 1.051907e+02 9.324412e+01 2.421891e+03 2.753997e+04
2.115927e+04 1.051907e+02 9.324412e+01 2.421891e+03 2.754476e+04
2.116359e+04 1.051907e+02 9.324412e+01 2.421891e+03 2.754954e+04
2.116791e+04 1.051907e+02 9.324412e+01 2.421891e+03 2.755433e+04
2.117223e+04 1.051907e+02 9.324412e+01 2.421891e+03 2.755911e+04
2.117656e+04 1.051907e+02 9.324412e+01 2.421891e+03 2.756389e+04
2.118088e+04 1.051907e+02 9.324412e+01 2.421892e+03 2.756868e+04
2.118520e+04 1.051907e+02 9.324412e+01 2.421892e+03 2.757346e+04
2.118952e+04 1.051907e+02 9.324412e+01 2.421892e+03 2.757824e+04
2.119384e+04 1.051907e+02 9.324413e+01 2.421892e+03 2.758302e+04
2.119816e+04 1.051907e+02 9.324413e+01 2.421892e+03 2.758780e+04
2.120248e+04 1.051907e+02 9.324413e+01 2.421892e+03 2.759258e+04
2.120680e+04 1.051907e+02 9.324413e+01 2.421892e+03 2.759736e+04
2.121112e+04 1.051907e+02 9.324413e+01 2.421892e+03 2.760214e+04
2.121544e+04 1.051907e+02 9.324413e+01 2.421892e+03 2.760691e+04
2.121976e+04 1.051907e+02 9.324413e+01 2.421893e+03 2.761169e+04
2.122408e+04 1.051907e+02 9.324413e+01 2.421893e+03 2.761647e+04
2.122841e+04 1.051907e+02 9.324413e+01 2.421893e+03 2.762124e+04
2.123273e+04 1.051907e+02 9.324414e+01 2.421893e+03 2.762602e+04
2.123705e+04 1.051907e+02 9.324414e+01 2.421893e+03 2.763079e+04
2.124137e+04 1.051907e+02 9.324414e+01 2.421893e+03 2.763557e+04
2.124569e+04 1.051907e+02 9.324414e+01 2.421893e+03 2.764034e+04
2.125001e+04 1.051907e+02 9.324414e+01 2.421893e+03 2.764511e+04
2.125433e+04 1.051907e+02 9.324414e+01 2.421893e+03 2.764989e+04
2.125865e+04 1.051907e+02 9.324414e+01 2.421894e+03 2.765466e+04
2.126297e+04 1.051907e+02 9.324414e+01 2.421894e+03 2.765943e+04
2.126729e+04 1.051907e+02 9.324414e+01 2.421894e+03 2.766420e+04
2.127161e+04 1.051907e+02 9.324414e+01 2.421894e+03 2.766897e+04
2.127594e+04 1.051907e+02 9.324415e+01 2.421894e+03 2.767374e+04
2.128026e+04 1.051907e+02 9.324415e+01 2.421894e+03 2.767851e+04
2.128458e+04 1.051907e+02 9.324415e+01 2.421894e+03 2.768328e+04
2.128890e+04 1.051907e+02 9.324415e+01 2.421894e+03 2.768805e+04
2.129322e+04 1.051907e+02 9.324415e+01 2.421894e+03 2.769282e+04
2.129754e+04 1.051907e+02 9.324415e+01 2.421894e+03 2.769758e+04
2.130186e+04 1.051907e+02 9.324415e+01 2.421895e+03 2.770235e+04
2.130618e+04 1.051907e+02 9.324415e+01 2.421895e+03 2.770711e+04
2.131050e+04 1.051907e+02 9.324415e+01 2.421895e+03 2.771188e+04
2.131482e+04 1.051907e+02 9.324416e+01 2.421895e+03 2.771664e+04
2.131914e+04 1.051907e+02 9.324416e+01 2.421895e+03 2.772141e+04
2.132346e+04 1.051907e+02 9.324416e+01 2.421895e+03 2.772617e+04
2.132779e+04 1.051907e+02 9.324416e+01 2.421895e+03 2.773093e+04
2.133211e+04 1.051907e+02 9.324416e+01 2.421895e+03 2.773570e+04
2.133643e+04 1.051907e+02 9.324416e+01 2.421895e+03 2.774046e+04
2.134075e+04 1.051907e+02 9.324416e+01 2.421896e+03 2.774522e+04
2.134507e+04 1.051907e+02 9.324416e+01 2.421896e+03 2.774998e+04
2.134939e+04 1.051907e+02 9.324416e+01 2.421896e+03 2.775474e+04
2.135371e+04 1.051907e+02 9.324416e+01 2.421896e+03 2.775950e+04
2.135803e+04 1.051907e+02 9.324417e+01 2.421896e+03 2.776426e+04
2.136235e+04 1.051907e+02 9.324417e+01 2.421896e+03 2.776902e+04
2.136667e+04 1.051907e+02 9.324417e+01 2.421896e+03 2.777378e+04
2.137099e+04 1.051907e+02 9.324417e+01 2.421896e+03 2.777853e+04
2.137532e+04 1.051907e+02 9.324417e+01 2.421896e+03 2.778329e+04
2.137964e+04 1.051907e+02 9.324417e+01 2.421896e+03 2.778805e+04
2.138396e+04 1.051907e+02 9.324417e+01 2.421897e+03 2.779280e+04
2.138828e+04 1.051907e+02 9.324417e+01 2.421897e+03 2.779756e+04
2.139260e+04 1.051907e+02 9.324417e+01 2.421897e+03 2.780231e+04
2.139692e+04 1.051907e+02 9.324417e+01 2.421897e+03 2.780707e+04
2.140124e+04 1.051907e+02 9.324418e+01 2.421897e+03 2.781182e+04
2.140556e+04 1.051907e+02 9.324418e+01 2.421897e+03 2.781657e+04
2.140988e+04 1.051907e+02 9.324418e+01 2.421897e+03 2.782132e+04
2.141420e+04 1.051907e+02 9.324418e+01 2.421897e+03 2.782608e+04
2.141852e+04 1.051907e+02 9.324418e+01 2.421897e+03 2.783083e+04
2.142284e+04 1.051907e+02 9.324418e+01 2.421897e+03 2.783558e+04
2.142717e+04 1.051907e+02 9.324418e+01 2.421898e+03 2.784033e+04
2.143149e+04 1.051907e+02 9.324418e+01 2.421898e+03 2.784508e+04
2.143581e+04 1.051907e+02 9.324418e+01 2.421898e+03 2.784983e+04
2.144013e+04 1.051907e+02 9.324418e+01 2.421898e+03 2.785457e+04
2.144445e+04 1.051907e+02 9.324418e+01 2.421898e+03 2.785932e+04
2.144877e+04 1.051907e+02 9.324419e+01 2.421898e+03 2.786407e+04
2.145309e+04 1.051907e+02 9.324419e+01 2.421898e+03 2.786882e+04
2.145741e+04 1.051907e+02 9.324419e+01 2.421898e+03 2.787356e+04
2.146173e+04 1.051907e+02 9.324419e+01 2.421898e+03 2.787831e+04
2.146605e+04 1.051907e+02 9.324419e+01 2.421898e+03 2.788305e+04
2.147037e+04 1.051907e+02 9.324419e+01 2.421898e+03 2.788780e+04
2.147469e+04 1.051907e+02 9.324419e+01 2.421899e+03 2.789254e+04
2.147902e+04 1.051907e+02 9.324419e+01 2.421899e+03 2.789728e+04
2.148334e+04 1.051907e+02 9.324419e+01 2.421899e+03 2.790203e+04
2.148766e+04 1.051907e+02 9.324419e+01 2.421899e+03 2.790677e+04
2.149198e+04 1.051907e+02 9.324419e+01 2.421899e+03 2.791151e+04
2.149630e+04 1.051907e+02 9.324420e+01 2.421899e+03 2.791625e+04
2.150062e+04 1.051907e+02 9.324420e+01 2.421899e+03 2.792099e+04
2.150494e+04 1.051907e+02 9.324420e+01 2.421899e+03 2.792573e+04
2.150926e+04 1.051907e+02 9.324420e+01 2.421899e+03 2.793047e+04
2.151358e+04 1.051907e+02 9.324420e+01 2.421899e+03 2.793521e+04
2.151790e+04 1.051907e+02 9.324420e+01 2.421899e+03 2.793995e+04
2.152222e+04 1.051907e+02 9.324420e+01 2.421900e+03 2.794469e+04
2.152655e+04 1.051907e+02 9.324420e+01 2.421900e+03 2.794942e+04
2.153087e+04 1.051907e+02 9.324420e+01 2.421900e+03 2.795416e+04
2.153519e+04 1.051907e+02 9.324420e+01 2.421900e+03 2.795889e+04
2.153951e+04 1.051907e+02 9.324420e+01 2.421900e+03 2.796363e+04
2.154383e+04 1.051907e+02 9.324421e+01 2.421900e+03 2.796836e+04
2.154815e+04 1.051907e+02 9.324421e+01 2.421900e+03 2.797310e+04
2.155247e+04 1.051907e+02 9.324421e+01 2.421900e+03 2.797783e+04
2.155679e+04 1.051907e+02 9.324421e+01 2.421900e+03 2.798257e+04
2.156111e+04 1.051907e+02 9.324421e+01 2.421900e+03 2.798730e+04
2.156543e+04 1.051907e+02 9.324421e+01 2.421901e+03 2.799203e+04
2.156975e+04 1.051907e+02 9.324421e+01 2.421901e+03 2.799676e+04
2.157407e+04 1.051907e+02 9.324421e+01 2.421901e+03 2.800149e+04
2.157840e+04 1.051907e+02 9.324421e+01 2.421901e+03 2.800622e+04
2.158272e+04 1.051907e+02 9.324421e+01 2.421901e+03 2.801095e+04
2.158704e+04 1.051907e+02 9.324421e+01 2.421901e+03 2.801568e+04
2.159136e+04 1.051907e+02 9.324422e+01 2.421901e+03 2.802041e+04
2.159568e+04 1.051907e+02 9.324422e+01 2.421901e+03 2.802514e+04
2.160000e+04 1.051907e+02 9.324422e+01 2.421901e+03 2.802987e+04
